split,track,method,case_id,question_id,question,expected,expected_found,predicted,predicted_found,failure_type,source_url,evidence,annotation_status,reviewer,review_decision
validation,gold,evolved,validation-01,validation-01-language-01,"Who is named for the proposal about “We propose the ""Return Position Impl Trait in Dyn Trait"" (RPITIDT) approach.”?","[""unspecified""]",True,not found,False,wrong_abstention,https://github.com/rust-lang/lang-team/blob/cf7fec8b0fb6b9ad85b0cb3d50566f0b0847f8f9/design-meeting-minutes/2022-03-23-async-fn-and-rpitit.md,"[{""start"": 68, ""end"": 181, ""quote"": ""Describes high-level summary of the \""Return Position Impl Trait in Dyn Trait\"" (RPITIDT) approach that we propose:""}]",model_drafted_unreviewed,,
validation,gold,evolved,validation-01,validation-01-language-03,"Who is named for the proposal about “The design we describe here we call ""return some pointer"".”?","[""unspecified""]",True,not found,False,wrong_abstention,https://github.com/rust-lang/lang-team/blob/cf7fec8b0fb6b9ad85b0cb3d50566f0b0847f8f9/design-meeting-minutes/2022-03-23-async-fn-and-rpitit.md,"[{""start"": 5058, ""end"": 5116, ""quote"": ""The design we describe here we call \""return some pointer\"".""}]",model_drafted_unreviewed,,
validation,gold,evolved,validation-01,validation-01-language-05,"Who is named for the proposal about “An async function, when invoked through `dyn`, always returns ""some wide pointer"" to a `dyn Future`.”?","[""unspecified""]",True,not found,False,wrong_abstention,https://github.com/rust-lang/lang-team/blob/cf7fec8b0fb6b9ad85b0cb3d50566f0b0847f8f9/design-meeting-minutes/2022-03-23-async-fn-and-rpitit.md,"[{""start"": 5117, ""end"": 5234, ""quote"": ""The idea is that an async function, when invoked through `dyn`, always returns \""some wide pointer\"" to a `dyn Future`.""}]",model_drafted_unreviewed,,
validation,gold,evolved,validation-01,validation-01-language-10,"Was “The design we describe here we call ""return some pointer"".” decided?","[""not found""]",False,no,True,unsupported_answer,https://github.com/rust-lang/lang-team/blob/cf7fec8b0fb6b9ad85b0cb3d50566f0b0847f8f9/design-meeting-minutes/2022-03-23-async-fn-and-rpitit.md,"[{""start"": 5058, ""end"": 5116, ""quote"": ""The design we describe here we call \""return some pointer\"".""}]",model_drafted_unreviewed,,
validation,gold,evolved,validation-04,validation-04-language-08,Was “should we implement perfect derive and expanded implied bounds?” decided?,"[""not found""]",False,no,True,unsupported_answer,https://github.com/rust-lang/lang-team/blob/cf7fec8b0fb6b9ad85b0cb3d50566f0b0847f8f9/design-meeting-minutes/2022-04-12-implied-bounds-and-perfect-derive.md,"[{""start"": 669, ""end"": 723, ""quote"": ""Now that we *can* implement these features, should we?""}]",model_drafted_unreviewed,,
validation,gold,evolved,validation-05,validation-05-language-01,Who is named for the proposal about “Stabilize now and incrementally improve”?,"[""jackh726, nikomatsakis""]",True,nikomatsakis,True,value_mismatch,https://github.com/rust-lang/lang-team/blob/cf7fec8b0fb6b9ad85b0cb3d50566f0b0847f8f9/design-meeting-minutes/2022-08-31-gat-stabilization.md,"[{""start"": 774, ""end"": 906, ""quote"": ""* Stabilize now and incrementally improve * Areas that need improvement: * Syntax is awkward (easy implementation, but it's syntax).""}]",model_drafted_unreviewed,,
validation,gold,evolved,validation-05,validation-05-language-10,Was “Delay stabilization until implied bounds are fixed (and possibly other specific improvements)” decided?,"[""not found""]",False,no,True,unsupported_answer,https://github.com/rust-lang/lang-team/blob/cf7fec8b0fb6b9ad85b0cb3d50566f0b0847f8f9/design-meeting-minutes/2022-08-31-gat-stabilization.md,"[{""start"": 1926, ""end"": 2205, ""quote"": ""* Delay stabilization until implied bounds are fixed (and possibly other specific improvements) * Arguments in favor: * The limits around implied bounds in particular causes a number of surprising errors [§][IB] and can make GATs less useful than the existing stable workarounds.""}]",model_drafted_unreviewed,,
validation,gold,evolved,validation-06,validation-06-language-08,Was “Stably acknowledge the existence of provenance” decided?,"[""not found""]",False,yes,True,unsupported_answer,https://github.com/rust-lang/lang-team/blob/cf7fec8b0fb6b9ad85b0cb3d50566f0b0847f8f9/design-meeting-minutes/2022-10-05-provenance.md,"[{""start"": 3701, ""end"": 3957, ""quote"": ""- Stably acknowledge the existence of provenance, ie acknowledge that the answer to the question in the title is \""yes\"" - Stabilize the following methods: `pointer::addr`, `pointer::with_addr`, `ptr::map_addr`, `core::ptr::invalid`, `core::ptr::invalid_mut`""}]",model_drafted_unreviewed,,
validation,gold,evolved,validation-06,validation-06-language-10,"Was “Stabilize the following methods: pointer::addr, pointer::with_addr, ptr::map_addr, core::ptr::invalid, core::ptr::invalid_mut” decided?","[""not found""]",False,yes,True,unsupported_answer,https://github.com/rust-lang/lang-team/blob/cf7fec8b0fb6b9ad85b0cb3d50566f0b0847f8f9/design-meeting-minutes/2022-10-05-provenance.md,"[{""start"": 3701, ""end"": 3957, ""quote"": ""- Stably acknowledge the existence of provenance, ie acknowledge that the answer to the question in the title is \""yes\"" - Stabilize the following methods: `pointer::addr`, `pointer::with_addr`, `ptr::map_addr`, `core::ptr::invalid`, `core::ptr::invalid_mut`""}]",model_drafted_unreviewed,,
validation,gold,evolved,validation-07,validation-07-language-02,What deadline is recorded for the proposal about “We are considering investing effort in developing a specification language for Rust.”?,"[""not specified""]",True,not found,False,wrong_abstention,https://github.com/rust-lang/lang-team/blob/cf7fec8b0fb6b9ad85b0cb3d50566f0b0847f8f9/design-meeting-minutes/2022-11-25-contracts.md,"[{""start"": 439, ""end"": 523, ""quote"": ""We are considering investing effort in developing a specification language for Rust.""}]",model_drafted_unreviewed,,
validation,gold,evolved,validation-07,validation-07-language-04,Who is named for the proposal about “If adding specifications to rust is something the community and the language team wins interested in and will support.”?,"[""language team""]",True,not specified,True,value_mismatch,https://github.com/rust-lang/lang-team/blob/cf7fec8b0fb6b9ad85b0cb3d50566f0b0847f8f9/design-meeting-minutes/2022-11-25-contracts.md,"[{""start"": 598, ""end"": 716, ""quote"": ""If adding specifications to rust is something the community and the language team wins interested in and will support.""}]",model_drafted_unreviewed,,
validation,gold,evolved,validation-07,validation-07-language-05,What deadline is recorded for the proposal about “If adding specifications to rust is something the community and the language team wins interested in and will support.”?,"[""not specified""]",True,not found,False,wrong_abstention,https://github.com/rust-lang/lang-team/blob/cf7fec8b0fb6b9ad85b0cb3d50566f0b0847f8f9/design-meeting-minutes/2022-11-25-contracts.md,"[{""start"": 598, ""end"": 716, ""quote"": ""If adding specifications to rust is something the community and the language team wins interested in and will support.""}]",model_drafted_unreviewed,,
validation,gold,evolved,validation-09,validation-09-language-01,Who is named for the proposal about “I propose the following design principles to guide our decision.”?,"[""author""]",True,2024 edition,True,value_mismatch,https://github.com/rust-lang/lang-team/blob/cf7fec8b0fb6b9ad85b0cb3d50566f0b0847f8f9/design-meeting-minutes/2023-03-15-temporary-lifetimes.md,"[{""start"": 294, ""end"": 358, ""quote"": ""I propose the following design principles to guide our decision.""}]",model_drafted_unreviewed,,
validation,gold,evolved,validation-09,validation-09-language-04,Who is named for the proposal about “We need to be able to figure out when destructors run without consulting the borrow checker.”?,"[""author""]",True,2024 edition,True,value_mismatch,https://github.com/rust-lang/lang-team/blob/cf7fec8b0fb6b9ad85b0cb3d50566f0b0847f8f9/design-meeting-minutes/2023-03-15-temporary-lifetimes.md,"[{""start"": 360, ""end"": 491, ""quote"": ""* **Independent from borrow checker:** We need to be able to figure out when destructors run without consulting the borrow checker.""}]",model_drafted_unreviewed,,
validation,gold,evolved,validation-09,validation-09-language-08,Was “We need to be able to figure out when destructors run without consulting the borrow checker.” decided?,"[""not found""]",False,no,True,unsupported_answer,https://github.com/rust-lang/lang-team/blob/cf7fec8b0fb6b9ad85b0cb3d50566f0b0847f8f9/design-meeting-minutes/2023-03-15-temporary-lifetimes.md,"[{""start"": 360, ""end"": 491, ""quote"": ""* **Independent from borrow checker:** We need to be able to figure out when destructors run without consulting the borrow checker.""}]",model_drafted_unreviewed,,
validation,gold,evolved,validation-09,validation-09-language-09,"Was “We should prefer shorter temporary lifetimes, as that results in more reliable and precitable programs.” decided?","[""not found""]",False,no,True,unsupported_answer,https://github.com/rust-lang/lang-team/blob/cf7fec8b0fb6b9ad85b0cb3d50566f0b0847f8f9/design-meeting-minutes/2023-03-15-temporary-lifetimes.md,"[{""start"": 660, ""end"": 823, ""quote"": ""* **Shorter is more reliable and predictable:** In general, we should prefer shorter temporary lifetimes, as that results in more reliable and precitable programs.""}]",model_drafted_unreviewed,,
validation,gold,evolved,validation-09,validation-09-language-10,Was “Extending temporary lifetimes where we can do so safely gives more convenience and is key for some patterns.” decided?,"[""not found""]",False,no,True,unsupported_answer,https://github.com/rust-lang/lang-team/blob/cf7fec8b0fb6b9ad85b0cb3d50566f0b0847f8f9/design-meeting-minutes/2023-03-15-temporary-lifetimes.md,"[{""start"": 824, ""end"": 965, ""quote"": ""* **Longer is more convenient:** Extending temporary lifetimes where we can do so safely gives more convenience and is key for some patterns.""}]",model_drafted_unreviewed,,
validation,gold,evolved,validation-10,validation-10-language-03,Who is named for the proposal about “Impl trait is allowed in return types everywhere except for traits and impls”?,"[""RFC #3425""]",True,lang team,True,value_mismatch,https://github.com/rust-lang/lang-team/blob/cf7fec8b0fb6b9ad85b0cb3d50566f0b0847f8f9/design-meeting-minutes/2023-05-17-rpitit-stabilization-schedule.md,"[{""start"": 708, ""end"": 785, ""quote"": ""Impl trait is allowed in return types everywhere except for traits and impls.""}]",model_drafted_unreviewed,,
validation,gold,evolved,validation-10,validation-10-language-08,Was “We would like to stabilize it quickly if possible” decided?,"[""not found""]",False,no,True,unsupported_answer,https://github.com/rust-lang/lang-team/blob/cf7fec8b0fb6b9ad85b0cb3d50566f0b0847f8f9/design-meeting-minutes/2023-05-17-rpitit-stabilization-schedule.md,"[{""start"": 261, ""end"": 311, ""quote"": ""We would like to stabilize it quickly if possible.""}]",model_drafted_unreviewed,,
validation,gold,evolved,validation-10,validation-10-language-10,Was “Impl trait is allowed in return types everywhere except for traits and impls” decided?,"[""not found""]",False,no,True,unsupported_answer,https://github.com/rust-lang/lang-team/blob/cf7fec8b0fb6b9ad85b0cb3d50566f0b0847f8f9/design-meeting-minutes/2023-05-17-rpitit-stabilization-schedule.md,"[{""start"": 708, ""end"": 785, ""quote"": ""Impl trait is allowed in return types everywhere except for traits and impls.""}]",model_drafted_unreviewed,,
validation,gold,evolved,validation-12,validation-12-language-05,What deadline is recorded for the proposal about “That RFC proposed that `impl Trait` syntax be allowed in type aliases and in associated types.”?,"[""2019""]",True,not found,False,wrong_abstention,https://github.com/rust-lang/lang-team/blob/cf7fec8b0fb6b9ad85b0cb3d50566f0b0847f8f9/design-meeting-minutes/2023-05-31-TAIT-stabilization.md,"[{""start"": 95, ""end"": 189, ""quote"": ""That RFC proposed that `impl Trait` syntax be allowed in type aliases and in associated types.""}]",model_drafted_unreviewed,,
validation,gold,evolved,validation-12,validation-12-language-07,Was “That RFC proposed that `impl Trait` syntax be allowed in type aliases and in associated types.” decided?,"[""not found""]",False,yes,True,unsupported_answer,https://github.com/rust-lang/lang-team/blob/cf7fec8b0fb6b9ad85b0cb3d50566f0b0847f8f9/design-meeting-minutes/2023-05-31-TAIT-stabilization.md,"[{""start"": 95, ""end"": 189, ""quote"": ""That RFC proposed that `impl Trait` syntax be allowed in type aliases and in associated types.""}]",model_drafted_unreviewed,,
validation,gold,raw,validation-01,validation-01-language-01,"Who is named for the proposal about “We propose the ""Return Position Impl Trait in Dyn Trait"" (RPITIDT) approach.”?","[""unspecified""]",True,not found,False,wrong_abstention,https://github.com/rust-lang/lang-team/blob/cf7fec8b0fb6b9ad85b0cb3d50566f0b0847f8f9/design-meeting-minutes/2022-03-23-async-fn-and-rpitit.md,"[{""start"": 68, ""end"": 181, ""quote"": ""Describes high-level summary of the \""Return Position Impl Trait in Dyn Trait\"" (RPITIDT) approach that we propose:""}]",model_drafted_unreviewed,,
validation,gold,raw,validation-01,validation-01-language-03,"Who is named for the proposal about “The design we describe here we call ""return some pointer"".”?","[""unspecified""]",True,not found,False,wrong_abstention,https://github.com/rust-lang/lang-team/blob/cf7fec8b0fb6b9ad85b0cb3d50566f0b0847f8f9/design-meeting-minutes/2022-03-23-async-fn-and-rpitit.md,"[{""start"": 5058, ""end"": 5116, ""quote"": ""The design we describe here we call \""return some pointer\"".""}]",model_drafted_unreviewed,,
validation,gold,raw,validation-01,validation-01-language-05,"Who is named for the proposal about “An async function, when invoked through `dyn`, always returns ""some wide pointer"" to a `dyn Future`.”?","[""unspecified""]",True,the design described in the document,True,value_mismatch,https://github.com/rust-lang/lang-team/blob/cf7fec8b0fb6b9ad85b0cb3d50566f0b0847f8f9/design-meeting-minutes/2022-03-23-async-fn-and-rpitit.md,"[{""start"": 5117, ""end"": 5234, ""quote"": ""The idea is that an async function, when invoked through `dyn`, always returns \""some wide pointer\"" to a `dyn Future`.""}]",model_drafted_unreviewed,,
validation,gold,raw,validation-01,validation-01-language-08,"Was “We propose the ""Return Position Impl Trait in Dyn Trait"" (RPITIDT) approach.” decided?","[""not found""]",False,yes,True,unsupported_answer,https://github.com/rust-lang/lang-team/blob/cf7fec8b0fb6b9ad85b0cb3d50566f0b0847f8f9/design-meeting-minutes/2022-03-23-async-fn-and-rpitit.md,"[{""start"": 68, ""end"": 181, ""quote"": ""Describes high-level summary of the \""Return Position Impl Trait in Dyn Trait\"" (RPITIDT) approach that we propose:""}]",model_drafted_unreviewed,,
validation,gold,raw,validation-01,validation-01-language-10,"Was “The design we describe here we call ""return some pointer"".” decided?","[""not found""]",False,"The design called ""return some pointer"" was selected as the design described in the document.",True,unsupported_answer,https://github.com/rust-lang/lang-team/blob/cf7fec8b0fb6b9ad85b0cb3d50566f0b0847f8f9/design-meeting-minutes/2022-03-23-async-fn-and-rpitit.md,"[{""start"": 5058, ""end"": 5116, ""quote"": ""The design we describe here we call \""return some pointer\"".""}]",model_drafted_unreviewed,,
validation,gold,raw,validation-02,validation-02-language-08,"Was “Let's revise our thinking about what lints we, as the lang team, put into the language and compiler.” decided?","[""not found""]",False,no,True,unsupported_answer,https://github.com/rust-lang/lang-team/blob/cf7fec8b0fb6b9ad85b0cb3d50566f0b0847f8f9/design-meeting-minutes/2022-03-30-lint-policy.md,"[{""start"": 142, ""end"": 249, ""quote"": ""tl;dr: Let's revise our thinking about what lints we, as the lang team, put into the language and compiler.""}]",model_drafted_unreviewed,,
validation,gold,raw,validation-03,validation-03-language-08,"Was “Let's revise our thinking about what lints we, as the lang team, put into the language and compiler.” decided?","[""not found""]",False,no,True,unsupported_answer,https://github.com/rust-lang/lang-team/blob/cf7fec8b0fb6b9ad85b0cb3d50566f0b0847f8f9/design-meeting-minutes/2022-03-30-lints.md,"[{""start"": 149, ""end"": 249, ""quote"": ""Let's revise our thinking about what lints we, as the lang team, put into the language and compiler.""}]",model_drafted_unreviewed,,
validation,gold,raw,validation-04,validation-04-language-02,Is a proposal about “should we implement perfect derive and expanded implied bounds?” explicitly recorded?,"[""yes""]",True,"Yes, the meeting facts explicitly discuss whether to implement perfect derive and expanded implied bounds, posing the question 'Now that we can implement these features, should we?' without making a decision.",True,value_mismatch,https://github.com/rust-lang/lang-team/blob/cf7fec8b0fb6b9ad85b0cb3d50566f0b0847f8f9/design-meeting-minutes/2022-04-12-implied-bounds-and-perfect-derive.md,"[{""start"": 669, ""end"": 723, ""quote"": ""Now that we *can* implement these features, should we?""}]",model_drafted_unreviewed,,
validation,gold,raw,validation-04,validation-04-language-04,Is a proposal about “change derive to generate an impl with one where clause per field” explicitly recorded?,"[""yes""]",True,"Yes, the proposal about changing derive to generate an impl with one where clause per field is explicitly recorded under the description of perfect derive.",True,value_mismatch,https://github.com/rust-lang/lang-team/blob/cf7fec8b0fb6b9ad85b0cb3d50566f0b0847f8f9/design-meeting-minutes/2022-04-12-implied-bounds-and-perfect-derive.md,"[{""start"": 3839, ""end"": 3950, ""quote"": ""With *perfect derive*, we would change the derive to generate an impl with one where clause per field, instead.""}]",model_drafted_unreviewed,,
validation,gold,raw,validation-04,validation-04-language-06,Is a decision about “perfect derive requires changing all trait matching to permit cycles” explicitly recorded?,"[""yes""]",True,not found,False,wrong_abstention,https://github.com/rust-lang/lang-team/blob/cf7fec8b0fb6b9ad85b0cb3d50566f0b0847f8f9/design-meeting-minutes/2022-04-12-implied-bounds-and-perfect-derive.md,"[{""start"": 4421, ""end"": 4552, ""quote"": ""First, it requires changing all trait matching to permit cycles (currently, cycles are only permitted for auto traits like `Send`).""}]",model_drafted_unreviewed,,
validation,gold,raw,validation-04,validation-04-language-08,Was “should we implement perfect derive and expanded implied bounds?” decided?,"[""not found""]",False,no,True,unsupported_answer,https://github.com/rust-lang/lang-team/blob/cf7fec8b0fb6b9ad85b0cb3d50566f0b0847f8f9/design-meeting-minutes/2022-04-12-implied-bounds-and-perfect-derive.md,"[{""start"": 669, ""end"": 723, ""quote"": ""Now that we *can* implement these features, should we?""}]",model_drafted_unreviewed,,
validation,gold,raw,validation-04,validation-04-language-10,Was “change derive to generate an impl with one where clause per field” decided?,"[""not found""]",False,"No, it was described as an idea for perfect derive but not decided as a decision in the meeting facts.",True,unsupported_answer,https://github.com/rust-lang/lang-team/blob/cf7fec8b0fb6b9ad85b0cb3d50566f0b0847f8f9/design-meeting-minutes/2022-04-12-implied-bounds-and-perfect-derive.md,"[{""start"": 3839, ""end"": 3950, ""quote"": ""With *perfect derive*, we would change the derive to generate an impl with one where clause per field, instead.""}]",model_drafted_unreviewed,,
validation,gold,raw,validation-05,validation-05-language-01,Who is named for the proposal about “Stabilize now and incrementally improve”?,"[""jackh726, nikomatsakis""]",True,nikomatsakis,True,value_mismatch,https://github.com/rust-lang/lang-team/blob/cf7fec8b0fb6b9ad85b0cb3d50566f0b0847f8f9/design-meeting-minutes/2022-08-31-gat-stabilization.md,"[{""start"": 774, ""end"": 906, ""quote"": ""* Stabilize now and incrementally improve * Areas that need improvement: * Syntax is awkward (easy implementation, but it's syntax).""}]",model_drafted_unreviewed,,
validation,gold,raw,validation-05,validation-05-language-03,Who is named for the proposal about “Delay stabilization until implied bounds are fixed (and possibly other specific improvements)”?,"[""jackh726""]",True,not found,False,wrong_abstention,https://github.com/rust-lang/lang-team/blob/cf7fec8b0fb6b9ad85b0cb3d50566f0b0847f8f9/design-meeting-minutes/2022-08-31-gat-stabilization.md,"[{""start"": 1926, ""end"": 2205, ""quote"": ""* Delay stabilization until implied bounds are fixed (and possibly other specific improvements) * Arguments in favor: * The limits around implied bounds in particular causes a number of surprising errors [§][IB] and can make GATs less useful than the existing stable workarounds.""}]",model_drafted_unreviewed,,
validation,gold,raw,validation-05,validation-05-language-05,Who is named for the proposal about “Stabilize lifetime-only GATs and explore alternatives to type GATs”?,"[""jackh726""]",True,nikomatsakis,True,value_mismatch,https://github.com/rust-lang/lang-team/blob/cf7fec8b0fb6b9ad85b0cb3d50566f0b0847f8f9/design-meeting-minutes/2022-08-31-gat-stabilization.md,"[{""start"": 2375, ""end"": 2555, ""quote"": ""* Stabilize lifetime-only GATs and explore alternatives to type GATs * Arguments in favor: * Lifetime-only GATs come up *very often* and are needed throughout the standard library.""}]",model_drafted_unreviewed,,
validation,gold,raw,validation-06,validation-06-language-02,Is a proposal about “Stably acknowledge the existence of provenance” explicitly recorded?,"[""yes""]",True,"Yes, the proposal to stably acknowledge the existence of provenance is explicitly recorded. It includes stabilizing the methods: pointer::addr, pointer::with_addr, ptr::map_addr, core::ptr::invalid, and core::ptr::invalid_mut.",True,value_mismatch,https://github.com/rust-lang/lang-team/blob/cf7fec8b0fb6b9ad85b0cb3d50566f0b0847f8f9/design-meeting-minutes/2022-10-05-provenance.md,"[{""start"": 3701, ""end"": 3957, ""quote"": ""- Stably acknowledge the existence of provenance, ie acknowledge that the answer to the question in the title is \""yes\"" - Stabilize the following methods: `pointer::addr`, `pointer::with_addr`, `ptr::map_addr`, `core::ptr::invalid`, `core::ptr::invalid_mut`""}]",model_drafted_unreviewed,,
validation,gold,raw,validation-06,validation-06-language-08,Was “Stably acknowledge the existence of provenance” decided?,"[""not found""]",False,yes,True,unsupported_answer,https://github.com/rust-lang/lang-team/blob/cf7fec8b0fb6b9ad85b0cb3d50566f0b0847f8f9/design-meeting-minutes/2022-10-05-provenance.md,"[{""start"": 3701, ""end"": 3957, ""quote"": ""- Stably acknowledge the existence of provenance, ie acknowledge that the answer to the question in the title is \""yes\"" - Stabilize the following methods: `pointer::addr`, `pointer::with_addr`, `ptr::map_addr`, `core::ptr::invalid`, `core::ptr::invalid_mut`""}]",model_drafted_unreviewed,,
validation,gold,raw,validation-06,validation-06-language-10,"Was “Stabilize the following methods: pointer::addr, pointer::with_addr, ptr::map_addr, core::ptr::invalid, core::ptr::invalid_mut” decided?","[""not found""]",False,"Yes, the proposal to stabilize the methods pointer::addr, pointer::with_addr, ptr::map_addr, core::ptr::invalid, and core::ptr::invalid_mut was presented and discussed as a part of acknowledging the existence of provenance. The proposal is to stabilize these specific methods, but not other methods under the strict provenance feature at this time.",True,unsupported_answer,https://github.com/rust-lang/lang-team/blob/cf7fec8b0fb6b9ad85b0cb3d50566f0b0847f8f9/design-meeting-minutes/2022-10-05-provenance.md,"[{""start"": 3701, ""end"": 3957, ""quote"": ""- Stably acknowledge the existence of provenance, ie acknowledge that the answer to the question in the title is \""yes\"" - Stabilize the following methods: `pointer::addr`, `pointer::with_addr`, `ptr::map_addr`, `core::ptr::invalid`, `core::ptr::invalid_mut`""}]",model_drafted_unreviewed,,
validation,gold,raw,validation-07,validation-07-language-01,Who is named for the proposal about “We are considering investing effort in developing a specification language for Rust.”?,"[""language team""]",True,not found,False,wrong_abstention,https://github.com/rust-lang/lang-team/blob/cf7fec8b0fb6b9ad85b0cb3d50566f0b0847f8f9/design-meeting-minutes/2022-11-25-contracts.md,"[{""start"": 439, ""end"": 523, ""quote"": ""We are considering investing effort in developing a specification language for Rust.""}]",model_drafted_unreviewed,,
validation,gold,raw,validation-07,validation-07-language-02,What deadline is recorded for the proposal about “We are considering investing effort in developing a specification language for Rust.”?,"[""not specified""]",True,25th November 2022,True,value_mismatch,https://github.com/rust-lang/lang-team/blob/cf7fec8b0fb6b9ad85b0cb3d50566f0b0847f8f9/design-meeting-minutes/2022-11-25-contracts.md,"[{""start"": 439, ""end"": 523, ""quote"": ""We are considering investing effort in developing a specification language for Rust.""}]",model_drafted_unreviewed,,
validation,gold,raw,validation-07,validation-07-language-04,Who is named for the proposal about “If adding specifications to rust is something the community and the language team wins interested in and will support.”?,"[""language team""]",True,not found,False,wrong_abstention,https://github.com/rust-lang/lang-team/blob/cf7fec8b0fb6b9ad85b0cb3d50566f0b0847f8f9/design-meeting-minutes/2022-11-25-contracts.md,"[{""start"": 598, ""end"": 716, ""quote"": ""If adding specifications to rust is something the community and the language team wins interested in and will support.""}]",model_drafted_unreviewed,,
validation,gold,raw,validation-07,validation-07-language-05,What deadline is recorded for the proposal about “If adding specifications to rust is something the community and the language team wins interested in and will support.”?,"[""not specified""]",True,not found,False,wrong_abstention,https://github.com/rust-lang/lang-team/blob/cf7fec8b0fb6b9ad85b0cb3d50566f0b0847f8f9/design-meeting-minutes/2022-11-25-contracts.md,"[{""start"": 598, ""end"": 716, ""quote"": ""If adding specifications to rust is something the community and the language team wins interested in and will support.""}]",model_drafted_unreviewed,,
validation,gold,raw,validation-07,validation-07-language-07,Was “We are considering investing effort in developing a specification language for Rust.” decided?,"[""not found""]",False,no,True,unsupported_answer,https://github.com/rust-lang/lang-team/blob/cf7fec8b0fb6b9ad85b0cb3d50566f0b0847f8f9/design-meeting-minutes/2022-11-25-contracts.md,"[{""start"": 439, ""end"": 523, ""quote"": ""We are considering investing effort in developing a specification language for Rust.""}]",model_drafted_unreviewed,,
validation,gold,raw,validation-07,validation-07-language-08,Was “If adding specifications to rust is something the community and the language team wins interested in and will support.” decided?,"[""not found""]",False,no,True,unsupported_answer,https://github.com/rust-lang/lang-team/blob/cf7fec8b0fb6b9ad85b0cb3d50566f0b0847f8f9/design-meeting-minutes/2022-11-25-contracts.md,"[{""start"": 598, ""end"": 716, ""quote"": ""If adding specifications to rust is something the community and the language team wins interested in and will support.""}]",model_drafted_unreviewed,,
validation,gold,raw,validation-08,validation-08-language-05,Who is named for the proposal about “Minimal acceptable form of Contracts should provide value over mere assert!”?,"[""pnkfelix""]",True,not found,False,wrong_abstention,https://github.com/rust-lang/lang-team/blob/cf7fec8b0fb6b9ad85b0cb3d50566f0b0847f8f9/design-meeting-minutes/2023-01-08-lang-team-questions-around-contracts.md,"[{""start"": 2979, ""end"": 3070, ""quote"": ""**Q2:** What would your *minimal acceptable form* of Contracts provide over mere `assert!`?""}]",model_drafted_unreviewed,,
validation,gold,raw,validation-08,validation-08-language-06,Is a proposal about “Minimal acceptable form of Contracts should provide value over mere assert!” explicitly recorded?,"[""yes""]",True,"Yes, the document explicitly records a question about the minimal acceptable form of Contracts providing value over mere `assert!` under Q2, including ideas such as automatic injection of checks and automatic generation of test inputs and validity checks.",True,value_mismatch,https://github.com/rust-lang/lang-team/blob/cf7fec8b0fb6b9ad85b0cb3d50566f0b0847f8f9/design-meeting-minutes/2023-01-08-lang-team-questions-around-contracts.md,"[{""start"": 2979, ""end"": 3070, ""quote"": ""**Q2:** What would your *minimal acceptable form* of Contracts provide over mere `assert!`?""}]",model_drafted_unreviewed,,
validation,gold,raw,validation-08,validation-08-language-08,"Was “T-lang to agree about what Questions it wants answered, and not to dive deep into the answers, apart from when it helps us better understand poorly phrased questions” decided?","[""not found""]",False,yes,True,unsupported_answer,https://github.com/rust-lang/lang-team/blob/cf7fec8b0fb6b9ad85b0cb3d50566f0b0847f8f9/design-meeting-minutes/2023-01-08-lang-team-questions-around-contracts.md,"[{""start"": 154, ""end"": 396, ""quote"": ""The core point, though, is for T-lang to agree about what **Questions** it wants answered, and *not* to dive deep into the answers, apart from when it helps us better understand poorly phrased questions (which should be subsequently revised).""}]",model_drafted_unreviewed,,
validation,gold,raw,validation-08,validation-08-language-10,"Was “If there are some constraints on the answers that T-lang already knows it wants to communicate, then we should include that in the document we deliver to the Rust contracts design stakeholders” decided?","[""not found""]",False,not found,True,unsupported_answer,https://github.com/rust-lang/lang-team/blob/cf7fec8b0fb6b9ad85b0cb3d50566f0b0847f8f9/design-meeting-minutes/2023-01-08-lang-team-questions-around-contracts.md,"[{""start"": 398, ""end"": 602, ""quote"": ""However, if there are some constraints on the answers that T-lang already *knows* it wants to communicate, then we should include that in the document we deliver to the Rust contracts design stakeholders.""}]",model_drafted_unreviewed,,
validation,gold,raw,validation-09,validation-09-language-01,Who is named for the proposal about “I propose the following design principles to guide our decision.”?,"[""author""]",True,not named,True,value_mismatch,https://github.com/rust-lang/lang-team/blob/cf7fec8b0fb6b9ad85b0cb3d50566f0b0847f8f9/design-meeting-minutes/2023-03-15-temporary-lifetimes.md,"[{""start"": 294, ""end"": 358, ""quote"": ""I propose the following design principles to guide our decision.""}]",model_drafted_unreviewed,,
validation,gold,raw,validation-09,validation-09-language-02,What deadline is recorded for the proposal about “I propose the following design principles to guide our decision.”?,"[""2024 edition""]",True,not found,False,wrong_abstention,https://github.com/rust-lang/lang-team/blob/cf7fec8b0fb6b9ad85b0cb3d50566f0b0847f8f9/design-meeting-minutes/2023-03-15-temporary-lifetimes.md,"[{""start"": 294, ""end"": 358, ""quote"": ""I propose the following design principles to guide our decision.""}]",model_drafted_unreviewed,,
validation,gold,raw,validation-09,validation-09-language-04,Who is named for the proposal about “We need to be able to figure out when destructors run without consulting the borrow checker.”?,"[""author""]",True,not found,False,wrong_abstention,https://github.com/rust-lang/lang-team/blob/cf7fec8b0fb6b9ad85b0cb3d50566f0b0847f8f9/design-meeting-minutes/2023-03-15-temporary-lifetimes.md,"[{""start"": 360, ""end"": 491, ""quote"": ""* **Independent from borrow checker:** We need to be able to figure out when destructors run without consulting the borrow checker.""}]",model_drafted_unreviewed,,
validation,gold,raw,validation-09,validation-09-language-05,What deadline is recorded for the proposal about “We need to be able to figure out when destructors run without consulting the borrow checker.”?,"[""2024 edition""]",True,not found,False,wrong_abstention,https://github.com/rust-lang/lang-team/blob/cf7fec8b0fb6b9ad85b0cb3d50566f0b0847f8f9/design-meeting-minutes/2023-03-15-temporary-lifetimes.md,"[{""start"": 360, ""end"": 491, ""quote"": ""* **Independent from borrow checker:** We need to be able to figure out when destructors run without consulting the borrow checker.""}]",model_drafted_unreviewed,,
validation,gold,raw,validation-09,validation-09-language-08,Was “We need to be able to figure out when destructors run without consulting the borrow checker.” decided?,"[""not found""]",False,,,provider_failure,https://github.com/rust-lang/lang-team/blob/cf7fec8b0fb6b9ad85b0cb3d50566f0b0847f8f9/design-meeting-minutes/2023-03-15-temporary-lifetimes.md,"[{""start"": 360, ""end"": 491, ""quote"": ""* **Independent from borrow checker:** We need to be able to figure out when destructors run without consulting the borrow checker.""}]",model_drafted_unreviewed,,
validation,gold,raw,validation-09,validation-09-language-09,"Was “We should prefer shorter temporary lifetimes, as that results in more reliable and precitable programs.” decided?","[""not found""]",False,yes,True,unsupported_answer,https://github.com/rust-lang/lang-team/blob/cf7fec8b0fb6b9ad85b0cb3d50566f0b0847f8f9/design-meeting-minutes/2023-03-15-temporary-lifetimes.md,"[{""start"": 660, ""end"": 823, ""quote"": ""* **Shorter is more reliable and predictable:** In general, we should prefer shorter temporary lifetimes, as that results in more reliable and precitable programs.""}]",model_drafted_unreviewed,,
validation,gold,raw,validation-09,validation-09-language-10,Was “Extending temporary lifetimes where we can do so safely gives more convenience and is key for some patterns.” decided?,"[""not found""]",False,,,provider_failure,https://github.com/rust-lang/lang-team/blob/cf7fec8b0fb6b9ad85b0cb3d50566f0b0847f8f9/design-meeting-minutes/2023-03-15-temporary-lifetimes.md,"[{""start"": 824, ""end"": 965, ""quote"": ""* **Longer is more convenient:** Extending temporary lifetimes where we can do so safely gives more convenience and is key for some patterns.""}]",model_drafted_unreviewed,,
validation,gold,raw,validation-10,validation-10-language-01,Who is named for the proposal about “We would like to stabilize it quickly if possible”?,"[""lang team""]",True,RFC #3425,True,value_mismatch,https://github.com/rust-lang/lang-team/blob/cf7fec8b0fb6b9ad85b0cb3d50566f0b0847f8f9/design-meeting-minutes/2023-05-17-rpitit-stabilization-schedule.md,"[{""start"": 261, ""end"": 311, ""quote"": ""We would like to stabilize it quickly if possible.""}]",model_drafted_unreviewed,,
validation,gold,raw,validation-10,validation-10-language-03,Who is named for the proposal about “Impl trait is allowed in return types everywhere except for traits and impls”?,"[""RFC #3425""]",True,not found,False,wrong_abstention,https://github.com/rust-lang/lang-team/blob/cf7fec8b0fb6b9ad85b0cb3d50566f0b0847f8f9/design-meeting-minutes/2023-05-17-rpitit-stabilization-schedule.md,"[{""start"": 708, ""end"": 785, ""quote"": ""Impl trait is allowed in return types everywhere except for traits and impls.""}]",model_drafted_unreviewed,,
validation,gold,raw,validation-10,validation-10-language-04,Is a proposal about “Impl trait is allowed in return types everywhere except for traits and impls” explicitly recorded?,"[""yes""]",True,,,provider_failure,https://github.com/rust-lang/lang-team/blob/cf7fec8b0fb6b9ad85b0cb3d50566f0b0847f8f9/design-meeting-minutes/2023-05-17-rpitit-stabilization-schedule.md,"[{""start"": 708, ""end"": 785, ""quote"": ""Impl trait is allowed in return types everywhere except for traits and impls.""}]",model_drafted_unreviewed,,
validation,gold,raw,validation-10,validation-10-language-05,Who is named for the proposal about “The RFC permits `impl Trait` to be used in return position in a trait”?,"[""RFC #3425""]",True,,,provider_failure,https://github.com/rust-lang/lang-team/blob/cf7fec8b0fb6b9ad85b0cb3d50566f0b0847f8f9/design-meeting-minutes/2023-05-17-rpitit-stabilization-schedule.md,"[{""start"": 2908, ""end"": 2977, ""quote"": ""The RFC permits `impl Trait` to be used in return position in a trait""}]",model_drafted_unreviewed,,
validation,gold,raw,validation-10,validation-10-language-06,Is a proposal about “The RFC permits `impl Trait` to be used in return position in a trait” explicitly recorded?,"[""yes""]",True,"Yes, the proposal explicitly permits `impl Trait` to be used in return position in a trait as described in the RFC and meeting facts.",True,value_mismatch,https://github.com/rust-lang/lang-team/blob/cf7fec8b0fb6b9ad85b0cb3d50566f0b0847f8f9/design-meeting-minutes/2023-05-17-rpitit-stabilization-schedule.md,"[{""start"": 2908, ""end"": 2977, ""quote"": ""The RFC permits `impl Trait` to be used in return position in a trait""}]",model_drafted_unreviewed,,
validation,gold,raw,validation-10,validation-10-language-08,Was “We would like to stabilize it quickly if possible” decided?,"[""not found""]",False,yes,True,unsupported_answer,https://github.com/rust-lang/lang-team/blob/cf7fec8b0fb6b9ad85b0cb3d50566f0b0847f8f9/design-meeting-minutes/2023-05-17-rpitit-stabilization-schedule.md,"[{""start"": 261, ""end"": 311, ""quote"": ""We would like to stabilize it quickly if possible.""}]",model_drafted_unreviewed,,
validation,gold,raw,validation-10,validation-10-language-10,Was “Impl trait is allowed in return types everywhere except for traits and impls” decided?,"[""not found""]",False,no,True,unsupported_answer,https://github.com/rust-lang/lang-team/blob/cf7fec8b0fb6b9ad85b0cb3d50566f0b0847f8f9/design-meeting-minutes/2023-05-17-rpitit-stabilization-schedule.md,"[{""start"": 708, ""end"": 785, ""quote"": ""Impl trait is allowed in return types everywhere except for traits and impls.""}]",model_drafted_unreviewed,,
validation,gold,raw,validation-11,validation-11-language-01,"Who is named for the proposal about “We are proposing a solution dubbed ""return type notation"".”?","[""async WG""]",True,nikomatsakis,True,value_mismatch,https://github.com/rust-lang/lang-team/blob/cf7fec8b0fb6b9ad85b0cb3d50566f0b0847f8f9/design-meeting-minutes/2023-05-24-return-type-notation.md,"[{""start"": 915, ""end"": 973, ""quote"": ""We are proposing a solution dubbed \""return type notation\"".""}]",model_drafted_unreviewed,,
validation,gold,raw,validation-11,validation-11-language-04,Who is named for the proposal about “Users can add where clauses like `T::m(): Send` to bound the return type of invoking the method `m` on a value of type `T`.”?,"[""async WG""]",True,nikomatsakis,True,value_mismatch,https://github.com/rust-lang/lang-team/blob/cf7fec8b0fb6b9ad85b0cb3d50566f0b0847f8f9/design-meeting-minutes/2023-05-24-return-type-notation.md,"[{""start"": 1071, ""end"": 1194, ""quote"": ""Users can add where clauses like `T::m(): Send` to bound the return type of invoking the method `m` on a value of type `T`.""}]",model_drafted_unreviewed,,
validation,gold,raw,validation-11,validation-11-language-05,What deadline is recorded for the proposal about “Users can add where clauses like `T::m(): Send` to bound the return type of invoking the method `m` on a value of type `T`.”?,"[""2023""]",True,,,provider_failure,https://github.com/rust-lang/lang-team/blob/cf7fec8b0fb6b9ad85b0cb3d50566f0b0847f8f9/design-meeting-minutes/2023-05-24-return-type-notation.md,"[{""start"": 1071, ""end"": 1194, ""quote"": ""Users can add where clauses like `T::m(): Send` to bound the return type of invoking the method `m` on a value of type `T`.""}]",model_drafted_unreviewed,,
validation,gold,raw,validation-11,validation-11-language-07,"Was “We are proposing a solution dubbed ""return type notation"".” decided?","[""not found""]",False,,,provider_failure,https://github.com/rust-lang/lang-team/blob/cf7fec8b0fb6b9ad85b0cb3d50566f0b0847f8f9/design-meeting-minutes/2023-05-24-return-type-notation.md,"[{""start"": 915, ""end"": 973, ""quote"": ""We are proposing a solution dubbed \""return type notation\"".""}]",model_drafted_unreviewed,,
validation,gold,raw,validation-11,validation-11-language-08,Was “Users can add where clauses like `T::m(): Send` to bound the return type of invoking the method `m` on a value of type `T`.” decided?,"[""not found""]",False,"No decision was made; this is a proposed solution described in the meeting facts, not a decision.",True,unsupported_answer,https://github.com/rust-lang/lang-team/blob/cf7fec8b0fb6b9ad85b0cb3d50566f0b0847f8f9/design-meeting-minutes/2023-05-24-return-type-notation.md,"[{""start"": 1071, ""end"": 1194, ""quote"": ""Users can add where clauses like `T::m(): Send` to bound the return type of invoking the method `m` on a value of type `T`.""}]",model_drafted_unreviewed,,
validation,gold,raw,validation-11,validation-11-language-09,"Was “Alternatively, users can leverage associated type bounds notation like so `T: Trait<m(): Send>`.” decided?","[""not found""]",False,"No, it was presented as a proposed solution and is currently implemented only in the associated type bounds form, but no decision to finalize it was stated.",True,unsupported_answer,https://github.com/rust-lang/lang-team/blob/cf7fec8b0fb6b9ad85b0cb3d50566f0b0847f8f9/design-meeting-minutes/2023-05-24-return-type-notation.md,"[{""start"": 1195, ""end"": 1307, ""quote"": ""Alternatively, users can leverage [associated type bounds][] (RFC #2289) notation like so `T: Trait<m(): Send>`.""}]",model_drafted_unreviewed,,
validation,gold,raw,validation-12,validation-12-language-01,Who is named for the decision about “We accepted [RFC 2515] in 2019.”?,"[""lang team""]",True,not found,True,value_mismatch,https://github.com/rust-lang/lang-team/blob/cf7fec8b0fb6b9ad85b0cb3d50566f0b0847f8f9/design-meeting-minutes/2023-05-31-TAIT-stabilization.md,"[{""start"": 63, ""end"": 94, ""quote"": ""We accepted [RFC 2515] in 2019.""}]",model_drafted_unreviewed,,
validation,gold,raw,validation-12,validation-12-language-02,What deadline is recorded for the decision about “We accepted [RFC 2515] in 2019.”?,"[""2019""]",True,not found,False,wrong_abstention,https://github.com/rust-lang/lang-team/blob/cf7fec8b0fb6b9ad85b0cb3d50566f0b0847f8f9/design-meeting-minutes/2023-05-31-TAIT-stabilization.md,"[{""start"": 63, ""end"": 94, ""quote"": ""We accepted [RFC 2515] in 2019.""}]",model_drafted_unreviewed,,
validation,gold,raw,validation-12,validation-12-language-04,Who is named for the proposal about “That RFC proposed that `impl Trait` syntax be allowed in type aliases and in associated types.”?,"[""RFC 2515 authors""]",True,not found,False,wrong_abstention,https://github.com/rust-lang/lang-team/blob/cf7fec8b0fb6b9ad85b0cb3d50566f0b0847f8f9/design-meeting-minutes/2023-05-31-TAIT-stabilization.md,"[{""start"": 95, ""end"": 189, ""quote"": ""That RFC proposed that `impl Trait` syntax be allowed in type aliases and in associated types.""}]",model_drafted_unreviewed,,
validation,gold,raw,validation-12,validation-12-language-05,What deadline is recorded for the proposal about “That RFC proposed that `impl Trait` syntax be allowed in type aliases and in associated types.”?,"[""2019""]",True,not found,False,wrong_abstention,https://github.com/rust-lang/lang-team/blob/cf7fec8b0fb6b9ad85b0cb3d50566f0b0847f8f9/design-meeting-minutes/2023-05-31-TAIT-stabilization.md,"[{""start"": 95, ""end"": 189, ""quote"": ""That RFC proposed that `impl Trait` syntax be allowed in type aliases and in associated types.""}]",model_drafted_unreviewed,,
validation,gold,raw,validation-12,validation-12-language-07,Was “That RFC proposed that `impl Trait` syntax be allowed in type aliases and in associated types.” decided?,"[""not found""]",False,yes,True,unsupported_answer,https://github.com/rust-lang/lang-team/blob/cf7fec8b0fb6b9ad85b0cb3d50566f0b0847f8f9/design-meeting-minutes/2023-05-31-TAIT-stabilization.md,"[{""start"": 95, ""end"": 189, ""quote"": ""That RFC proposed that `impl Trait` syntax be allowed in type aliases and in associated types.""}]",model_drafted_unreviewed,,
validation,gold,raw,validation-12,validation-12-language-08,Was “We would like to stabilize this feature quickly if possible.” decided?,"[""not found""]",False,no,True,unsupported_answer,https://github.com/rust-lang/lang-team/blob/cf7fec8b0fb6b9ad85b0cb3d50566f0b0847f8f9/design-meeting-minutes/2023-05-31-TAIT-stabilization.md,"[{""start"": 352, ""end"": 412, ""quote"": ""We would like to stabilize this feature quickly if possible.""}]",model_drafted_unreviewed,,
validation,gold,raw,validation-12,validation-12-language-09,Was “TAIT fixes the problem that RPIT is discouraged in APIs because callers cannot name the returned type.” decided?,"[""not found""]",False,yes,True,unsupported_answer,https://github.com/rust-lang/lang-team/blob/cf7fec8b0fb6b9ad85b0cb3d50566f0b0847f8f9/design-meeting-minutes/2023-05-31-TAIT-stabilization.md,"[{""start"": 5442, ""end"": 5466, ""quote"": ""TAIT fixes this problem.""}]",model_drafted_unreviewed,,
validation,gold,raw,validation-12,validation-12-language-10,Who is named for the proposal about “We would like to stabilize this feature quickly if possible.”?,"[""meeting participants""]",True,not found,False,wrong_abstention,https://github.com/rust-lang/lang-team/blob/cf7fec8b0fb6b9ad85b0cb3d50566f0b0847f8f9/design-meeting-minutes/2023-05-31-TAIT-stabilization.md,"[{""start"": 352, ""end"": 412, ""quote"": ""We would like to stabilize this feature quickly if possible.""}]",model_drafted_unreviewed,,
validation,gold,prose,validation-01,validation-01-language-01,"Who is named for the proposal about “We propose the ""Return Position Impl Trait in Dyn Trait"" (RPITIDT) approach.”?","[""unspecified""]",True,not found,False,wrong_abstention,https://github.com/rust-lang/lang-team/blob/cf7fec8b0fb6b9ad85b0cb3d50566f0b0847f8f9/design-meeting-minutes/2022-03-23-async-fn-and-rpitit.md,"[{""start"": 68, ""end"": 181, ""quote"": ""Describes high-level summary of the \""Return Position Impl Trait in Dyn Trait\"" (RPITIDT) approach that we propose:""}]",model_drafted_unreviewed,,
validation,gold,prose,validation-01,validation-01-language-03,"Who is named for the proposal about “The design we describe here we call ""return some pointer"".”?","[""unspecified""]",True,not found,False,wrong_abstention,https://github.com/rust-lang/lang-team/blob/cf7fec8b0fb6b9ad85b0cb3d50566f0b0847f8f9/design-meeting-minutes/2022-03-23-async-fn-and-rpitit.md,"[{""start"": 5058, ""end"": 5116, ""quote"": ""The design we describe here we call \""return some pointer\"".""}]",model_drafted_unreviewed,,
validation,gold,prose,validation-01,validation-01-language-05,"Who is named for the proposal about “An async function, when invoked through `dyn`, always returns ""some wide pointer"" to a `dyn Future`.”?","[""unspecified""]",True,not found,False,wrong_abstention,https://github.com/rust-lang/lang-team/blob/cf7fec8b0fb6b9ad85b0cb3d50566f0b0847f8f9/design-meeting-minutes/2022-03-23-async-fn-and-rpitit.md,"[{""start"": 5117, ""end"": 5234, ""quote"": ""The idea is that an async function, when invoked through `dyn`, always returns \""some wide pointer\"" to a `dyn Future`.""}]",model_drafted_unreviewed,,
validation,gold,prose,validation-01,validation-01-language-07,"What deadline is recorded for the proposal about “We propose the ""Return Position Impl Trait in Dyn Trait"" (RPITIDT) approach.”?","[""not found""]",False,unspecified,True,unsupported_answer,https://github.com/rust-lang/lang-team/blob/cf7fec8b0fb6b9ad85b0cb3d50566f0b0847f8f9/design-meeting-minutes/2022-03-23-async-fn-and-rpitit.md,"[{""start"": 68, ""end"": 181, ""quote"": ""Describes high-level summary of the \""Return Position Impl Trait in Dyn Trait\"" (RPITIDT) approach that we propose:""}]",model_drafted_unreviewed,,
validation,gold,prose,validation-01,validation-01-language-08,"Was “We propose the ""Return Position Impl Trait in Dyn Trait"" (RPITIDT) approach.” decided?","[""not found""]",False,no,True,unsupported_answer,https://github.com/rust-lang/lang-team/blob/cf7fec8b0fb6b9ad85b0cb3d50566f0b0847f8f9/design-meeting-minutes/2022-03-23-async-fn-and-rpitit.md,"[{""start"": 68, ""end"": 181, ""quote"": ""Describes high-level summary of the \""Return Position Impl Trait in Dyn Trait\"" (RPITIDT) approach that we propose:""}]",model_drafted_unreviewed,,
validation,gold,prose,validation-01,validation-01-language-09,"What deadline is recorded for the proposal about “The design we describe here we call ""return some pointer"".”?","[""not found""]",False,unspecified,True,unsupported_answer,https://github.com/rust-lang/lang-team/blob/cf7fec8b0fb6b9ad85b0cb3d50566f0b0847f8f9/design-meeting-minutes/2022-03-23-async-fn-and-rpitit.md,"[{""start"": 5058, ""end"": 5116, ""quote"": ""The design we describe here we call \""return some pointer\"".""}]",model_drafted_unreviewed,,
validation,gold,prose,validation-01,validation-01-language-10,"Was “The design we describe here we call ""return some pointer"".” decided?","[""not found""]",False,no,True,unsupported_answer,https://github.com/rust-lang/lang-team/blob/cf7fec8b0fb6b9ad85b0cb3d50566f0b0847f8f9/design-meeting-minutes/2022-03-23-async-fn-and-rpitit.md,"[{""start"": 5058, ""end"": 5116, ""quote"": ""The design we describe here we call \""return some pointer\"".""}]",model_drafted_unreviewed,,
validation,gold,prose,validation-02,validation-02-language-07,"What deadline is recorded for the proposal about “Let's revise our thinking about what lints we, as the lang team, put into the language and compiler.”?","[""not found""]",False,unspecified,True,unsupported_answer,https://github.com/rust-lang/lang-team/blob/cf7fec8b0fb6b9ad85b0cb3d50566f0b0847f8f9/design-meeting-minutes/2022-03-30-lint-policy.md,"[{""start"": 142, ""end"": 249, ""quote"": ""tl;dr: Let's revise our thinking about what lints we, as the lang team, put into the language and compiler.""}]",model_drafted_unreviewed,,
validation,gold,prose,validation-02,validation-02-language-08,"Was “Let's revise our thinking about what lints we, as the lang team, put into the language and compiler.” decided?","[""not found""]",False,no,True,unsupported_answer,https://github.com/rust-lang/lang-team/blob/cf7fec8b0fb6b9ad85b0cb3d50566f0b0847f8f9/design-meeting-minutes/2022-03-30-lint-policy.md,"[{""start"": 142, ""end"": 249, ""quote"": ""tl;dr: Let's revise our thinking about what lints we, as the lang team, put into the language and compiler.""}]",model_drafted_unreviewed,,
validation,gold,prose,validation-02,validation-02-language-09,"What deadline is recorded for the agreement about “It is healthy for the Rust Project (including specifically tools like Clippy) to be opinionated and make subjective choices on behalf of its developers, but Rust the language should be more conservative in its choices here.”?","[""not found""]",False,unspecified,True,unsupported_answer,https://github.com/rust-lang/lang-team/blob/cf7fec8b0fb6b9ad85b0cb3d50566f0b0847f8f9/design-meeting-minutes/2022-03-30-lint-policy.md,"[{""start"": 251, ""end"": 476, ""quote"": ""It is healthy for the *Rust Project* (including specifically tools like Clippy) to be opinionated and make subjective choices on behalf of its developers, but Rust the language should be more conservative in its choices here.""}]",model_drafted_unreviewed,,
validation,gold,prose,validation-02,validation-02-language-10,"What deadline is recorded for the proposal about “We should narrow our focus, either to just the categories that are most strongly correlated with unsoundness, or to the categories that are correlated with both unsoundness and high chance of programmer error.”?","[""not found""]",False,unspecified,True,unsupported_answer,https://github.com/rust-lang/lang-team/blob/cf7fec8b0fb6b9ad85b0cb3d50566f0b0847f8f9/design-meeting-minutes/2022-03-30-lint-policy.md,"[{""start"": 8854, ""end"": 9063, ""quote"": ""We should narrow our focus, either to just the categories that are most strongly correlated with unsoundness, or to the categories that are correlated with both unsoundness and high chance of programmer error.""}]",model_drafted_unreviewed,,
validation,gold,prose,validation-03,validation-03-language-07,"What deadline is recorded for the proposal about “Let's revise our thinking about what lints we, as the lang team, put into the language and compiler.”?","[""not found""]",False,unspecified,True,unsupported_answer,https://github.com/rust-lang/lang-team/blob/cf7fec8b0fb6b9ad85b0cb3d50566f0b0847f8f9/design-meeting-minutes/2022-03-30-lints.md,"[{""start"": 149, ""end"": 249, ""quote"": ""Let's revise our thinking about what lints we, as the lang team, put into the language and compiler.""}]",model_drafted_unreviewed,,
validation,gold,prose,validation-03,validation-03-language-08,"Was “Let's revise our thinking about what lints we, as the lang team, put into the language and compiler.” decided?","[""not found""]",False,no,True,unsupported_answer,https://github.com/rust-lang/lang-team/blob/cf7fec8b0fb6b9ad85b0cb3d50566f0b0847f8f9/design-meeting-minutes/2022-03-30-lints.md,"[{""start"": 149, ""end"": 249, ""quote"": ""Let's revise our thinking about what lints we, as the lang team, put into the language and compiler.""}]",model_drafted_unreviewed,,
validation,gold,prose,validation-03,validation-03-language-09,What deadline is recorded for the agreement about “It is healthy for the Rust Project to be opinionated and make subjective choices on behalf of its developers.”?,"[""not found""]",False,(unspecified),True,unsupported_answer,https://github.com/rust-lang/lang-team/blob/cf7fec8b0fb6b9ad85b0cb3d50566f0b0847f8f9/design-meeting-minutes/2022-03-30-lints.md,"[{""start"": 251, ""end"": 404, ""quote"": ""It is healthy for the *Rust Project* (including specifically tools like Clippy) to be opinionated and make subjective choices on behalf of its developers""}]",model_drafted_unreviewed,,
validation,gold,prose,validation-03,validation-03-language-10,What deadline is recorded for the disagreement about “Rust the language should be more conservative in its choices here.”?,"[""not found""]",False,unspecified,True,unsupported_answer,https://github.com/rust-lang/lang-team/blob/cf7fec8b0fb6b9ad85b0cb3d50566f0b0847f8f9/design-meeting-minutes/2022-03-30-lints.md,"[{""start"": 406, ""end"": 476, ""quote"": ""but Rust the language should be more conservative in its choices here.""}]",model_drafted_unreviewed,,
validation,gold,prose,validation-04,validation-04-language-04,Is a proposal about “change derive to generate an impl with one where clause per field” explicitly recorded?,"[""yes""]",True,Niko,True,value_mismatch,https://github.com/rust-lang/lang-team/blob/cf7fec8b0fb6b9ad85b0cb3d50566f0b0847f8f9/design-meeting-minutes/2022-04-12-implied-bounds-and-perfect-derive.md,"[{""start"": 3839, ""end"": 3950, ""quote"": ""With *perfect derive*, we would change the derive to generate an impl with one where clause per field, instead.""}]",model_drafted_unreviewed,,
validation,gold,prose,validation-04,validation-04-language-06,Is a decision about “perfect derive requires changing all trait matching to permit cycles” explicitly recorded?,"[""yes""]",True,Niko,True,value_mismatch,https://github.com/rust-lang/lang-team/blob/cf7fec8b0fb6b9ad85b0cb3d50566f0b0847f8f9/design-meeting-minutes/2022-04-12-implied-bounds-and-perfect-derive.md,"[{""start"": 4421, ""end"": 4552, ""quote"": ""First, it requires changing all trait matching to permit cycles (currently, cycles are only permitted for auto traits like `Send`).""}]",model_drafted_unreviewed,,
validation,gold,prose,validation-04,validation-04-language-07,What deadline is recorded for the proposal about “should we implement perfect derive and expanded implied bounds?”?,"[""not found""]",False,(unspecified),True,unsupported_answer,https://github.com/rust-lang/lang-team/blob/cf7fec8b0fb6b9ad85b0cb3d50566f0b0847f8f9/design-meeting-minutes/2022-04-12-implied-bounds-and-perfect-derive.md,"[{""start"": 669, ""end"": 723, ""quote"": ""Now that we *can* implement these features, should we?""}]",model_drafted_unreviewed,,
validation,gold,prose,validation-04,validation-04-language-08,Was “should we implement perfect derive and expanded implied bounds?” decided?,"[""not found""]",False,no,True,unsupported_answer,https://github.com/rust-lang/lang-team/blob/cf7fec8b0fb6b9ad85b0cb3d50566f0b0847f8f9/design-meeting-minutes/2022-04-12-implied-bounds-and-perfect-derive.md,"[{""start"": 669, ""end"": 723, ""quote"": ""Now that we *can* implement these features, should we?""}]",model_drafted_unreviewed,,
validation,gold,prose,validation-04,validation-04-language-09,What deadline is recorded for the proposal about “change derive to generate an impl with one where clause per field”?,"[""not found""]",False,unspecified,True,unsupported_answer,https://github.com/rust-lang/lang-team/blob/cf7fec8b0fb6b9ad85b0cb3d50566f0b0847f8f9/design-meeting-minutes/2022-04-12-implied-bounds-and-perfect-derive.md,"[{""start"": 3839, ""end"": 3950, ""quote"": ""With *perfect derive*, we would change the derive to generate an impl with one where clause per field, instead.""}]",model_drafted_unreviewed,,
validation,gold,prose,validation-05,validation-05-language-07,What deadline is recorded for the proposal about “Stabilize now and incrementally improve”?,"[""not found""]",False,unspecified,True,unsupported_answer,https://github.com/rust-lang/lang-team/blob/cf7fec8b0fb6b9ad85b0cb3d50566f0b0847f8f9/design-meeting-minutes/2022-08-31-gat-stabilization.md,"[{""start"": 774, ""end"": 906, ""quote"": ""* Stabilize now and incrementally improve * Areas that need improvement: * Syntax is awkward (easy implementation, but it's syntax).""}]",model_drafted_unreviewed,,
validation,gold,prose,validation-05,validation-05-language-09,What deadline is recorded for the proposal about “Delay stabilization until implied bounds are fixed (and possibly other specific improvements)”?,"[""not found""]",False,unspecified,True,unsupported_answer,https://github.com/rust-lang/lang-team/blob/cf7fec8b0fb6b9ad85b0cb3d50566f0b0847f8f9/design-meeting-minutes/2022-08-31-gat-stabilization.md,"[{""start"": 1926, ""end"": 2205, ""quote"": ""* Delay stabilization until implied bounds are fixed (and possibly other specific improvements) * Arguments in favor: * The limits around implied bounds in particular causes a number of surprising errors [§][IB] and can make GATs less useful than the existing stable workarounds.""}]",model_drafted_unreviewed,,
validation,gold,prose,validation-05,validation-05-language-10,Was “Delay stabilization until implied bounds are fixed (and possibly other specific improvements)” decided?,"[""not found""]",False,no,True,unsupported_answer,https://github.com/rust-lang/lang-team/blob/cf7fec8b0fb6b9ad85b0cb3d50566f0b0847f8f9/design-meeting-minutes/2022-08-31-gat-stabilization.md,"[{""start"": 1926, ""end"": 2205, ""quote"": ""* Delay stabilization until implied bounds are fixed (and possibly other specific improvements) * Arguments in favor: * The limits around implied bounds in particular causes a number of surprising errors [§][IB] and can make GATs less useful than the existing stable workarounds.""}]",model_drafted_unreviewed,,
validation,gold,prose,validation-06,validation-06-language-06,Is an agreement about “Yes.” explicitly recorded?,"[""yes""]",True,Jakob,True,value_mismatch,https://github.com/rust-lang/lang-team/blob/cf7fec8b0fb6b9ad85b0cb3d50566f0b0847f8f9/design-meeting-minutes/2022-10-05-provenance.md,"[{""start"": 5857, ""end"": 5861, ""quote"": ""Yes.""}]",model_drafted_unreviewed,,
validation,gold,prose,validation-06,validation-06-language-07,What deadline is recorded for the proposal about “Stably acknowledge the existence of provenance”?,"[""not found""]",False,unspecified,True,unsupported_answer,https://github.com/rust-lang/lang-team/blob/cf7fec8b0fb6b9ad85b0cb3d50566f0b0847f8f9/design-meeting-minutes/2022-10-05-provenance.md,"[{""start"": 3701, ""end"": 3957, ""quote"": ""- Stably acknowledge the existence of provenance, ie acknowledge that the answer to the question in the title is \""yes\"" - Stabilize the following methods: `pointer::addr`, `pointer::with_addr`, `ptr::map_addr`, `core::ptr::invalid`, `core::ptr::invalid_mut`""}]",model_drafted_unreviewed,,
validation,gold,prose,validation-06,validation-06-language-09,"What deadline is recorded for the proposal about “Stabilize the following methods: pointer::addr, pointer::with_addr, ptr::map_addr, core::ptr::invalid, core::ptr::invalid_mut”?","[""not found""]",False,unspecified,True,unsupported_answer,https://github.com/rust-lang/lang-team/blob/cf7fec8b0fb6b9ad85b0cb3d50566f0b0847f8f9/design-meeting-minutes/2022-10-05-provenance.md,"[{""start"": 3701, ""end"": 3957, ""quote"": ""- Stably acknowledge the existence of provenance, ie acknowledge that the answer to the question in the title is \""yes\"" - Stabilize the following methods: `pointer::addr`, `pointer::with_addr`, `ptr::map_addr`, `core::ptr::invalid`, `core::ptr::invalid_mut`""}]",model_drafted_unreviewed,,
validation,gold,prose,validation-08,validation-08-language-07,"What deadline is recorded for the proposal about “T-lang to agree about what Questions it wants answered, and not to dive deep into the answers, apart from when it helps us better understand poorly phrased questions”?","[""not found""]",False,unspecified,True,unsupported_answer,https://github.com/rust-lang/lang-team/blob/cf7fec8b0fb6b9ad85b0cb3d50566f0b0847f8f9/design-meeting-minutes/2023-01-08-lang-team-questions-around-contracts.md,"[{""start"": 154, ""end"": 396, ""quote"": ""The core point, though, is for T-lang to agree about what **Questions** it wants answered, and *not* to dive deep into the answers, apart from when it helps us better understand poorly phrased questions (which should be subsequently revised).""}]",model_drafted_unreviewed,,
validation,gold,prose,validation-08,validation-08-language-09,"What deadline is recorded for the proposal about “If there are some constraints on the answers that T-lang already knows it wants to communicate, then we should include that in the document we deliver to the Rust contracts design stakeholders”?","[""not found""]",False,unspecified,True,unsupported_answer,https://github.com/rust-lang/lang-team/blob/cf7fec8b0fb6b9ad85b0cb3d50566f0b0847f8f9/design-meeting-minutes/2023-01-08-lang-team-questions-around-contracts.md,"[{""start"": 398, ""end"": 602, ""quote"": ""However, if there are some constraints on the answers that T-lang already *knows* it wants to communicate, then we should include that in the document we deliver to the Rust contracts design stakeholders.""}]",model_drafted_unreviewed,,
validation,gold,prose,validation-09,validation-09-language-07,Was “I propose the following design principles to guide our decision.” decided?,"[""not found""]",False,no,True,unsupported_answer,https://github.com/rust-lang/lang-team/blob/cf7fec8b0fb6b9ad85b0cb3d50566f0b0847f8f9/design-meeting-minutes/2023-03-15-temporary-lifetimes.md,"[{""start"": 294, ""end"": 358, ""quote"": ""I propose the following design principles to guide our decision.""}]",model_drafted_unreviewed,,
validation,gold,prose,validation-09,validation-09-language-09,"Was “We should prefer shorter temporary lifetimes, as that results in more reliable and precitable programs.” decided?","[""not found""]",False,no,True,unsupported_answer,https://github.com/rust-lang/lang-team/blob/cf7fec8b0fb6b9ad85b0cb3d50566f0b0847f8f9/design-meeting-minutes/2023-03-15-temporary-lifetimes.md,"[{""start"": 660, ""end"": 823, ""quote"": ""* **Shorter is more reliable and predictable:** In general, we should prefer shorter temporary lifetimes, as that results in more reliable and precitable programs.""}]",model_drafted_unreviewed,,
validation,gold,prose,validation-10,validation-10-language-07,What deadline is recorded for the proposal about “We would like to stabilize it quickly if possible”?,"[""not found""]",False,unspecified,True,unsupported_answer,https://github.com/rust-lang/lang-team/blob/cf7fec8b0fb6b9ad85b0cb3d50566f0b0847f8f9/design-meeting-minutes/2023-05-17-rpitit-stabilization-schedule.md,"[{""start"": 261, ""end"": 311, ""quote"": ""We would like to stabilize it quickly if possible.""}]",model_drafted_unreviewed,,
validation,gold,prose,validation-10,validation-10-language-08,Was “We would like to stabilize it quickly if possible” decided?,"[""not found""]",False,no,True,unsupported_answer,https://github.com/rust-lang/lang-team/blob/cf7fec8b0fb6b9ad85b0cb3d50566f0b0847f8f9/design-meeting-minutes/2023-05-17-rpitit-stabilization-schedule.md,"[{""start"": 261, ""end"": 311, ""quote"": ""We would like to stabilize it quickly if possible.""}]",model_drafted_unreviewed,,
validation,gold,prose,validation-12,validation-12-language-07,Was “That RFC proposed that `impl Trait` syntax be allowed in type aliases and in associated types.” decided?,"[""not found""]",False,yes,True,unsupported_answer,https://github.com/rust-lang/lang-team/blob/cf7fec8b0fb6b9ad85b0cb3d50566f0b0847f8f9/design-meeting-minutes/2023-05-31-TAIT-stabilization.md,"[{""start"": 95, ""end"": 189, ""quote"": ""That RFC proposed that `impl Trait` syntax be allowed in type aliases and in associated types.""}]",model_drafted_unreviewed,,
validation,gold,english,validation-01,validation-01-language-01,"Who is named for the proposal about “We propose the ""Return Position Impl Trait in Dyn Trait"" (RPITIDT) approach.”?","[""unspecified""]",True,not found,False,wrong_abstention,https://github.com/rust-lang/lang-team/blob/cf7fec8b0fb6b9ad85b0cb3d50566f0b0847f8f9/design-meeting-minutes/2022-03-23-async-fn-and-rpitit.md,"[{""start"": 68, ""end"": 181, ""quote"": ""Describes high-level summary of the \""Return Position Impl Trait in Dyn Trait\"" (RPITIDT) approach that we propose:""}]",model_drafted_unreviewed,,
validation,gold,english,validation-01,validation-01-language-03,"Who is named for the proposal about “The design we describe here we call ""return some pointer"".”?","[""unspecified""]",True,not found,False,wrong_abstention,https://github.com/rust-lang/lang-team/blob/cf7fec8b0fb6b9ad85b0cb3d50566f0b0847f8f9/design-meeting-minutes/2022-03-23-async-fn-and-rpitit.md,"[{""start"": 5058, ""end"": 5116, ""quote"": ""The design we describe here we call \""return some pointer\"".""}]",model_drafted_unreviewed,,
validation,gold,english,validation-01,validation-01-language-05,"Who is named for the proposal about “An async function, when invoked through `dyn`, always returns ""some wide pointer"" to a `dyn Future`.”?","[""unspecified""]",True,not found,False,wrong_abstention,https://github.com/rust-lang/lang-team/blob/cf7fec8b0fb6b9ad85b0cb3d50566f0b0847f8f9/design-meeting-minutes/2022-03-23-async-fn-and-rpitit.md,"[{""start"": 5117, ""end"": 5234, ""quote"": ""The idea is that an async function, when invoked through `dyn`, always returns \""some wide pointer\"" to a `dyn Future`.""}]",model_drafted_unreviewed,,
validation,gold,english,validation-01,validation-01-language-08,"Was “We propose the ""Return Position Impl Trait in Dyn Trait"" (RPITIDT) approach.” decided?","[""not found""]",False,no,True,unsupported_answer,https://github.com/rust-lang/lang-team/blob/cf7fec8b0fb6b9ad85b0cb3d50566f0b0847f8f9/design-meeting-minutes/2022-03-23-async-fn-and-rpitit.md,"[{""start"": 68, ""end"": 181, ""quote"": ""Describes high-level summary of the \""Return Position Impl Trait in Dyn Trait\"" (RPITIDT) approach that we propose:""}]",model_drafted_unreviewed,,
validation,gold,english,validation-01,validation-01-language-10,"Was “The design we describe here we call ""return some pointer"".” decided?","[""not found""]",False,no,True,unsupported_answer,https://github.com/rust-lang/lang-team/blob/cf7fec8b0fb6b9ad85b0cb3d50566f0b0847f8f9/design-meeting-minutes/2022-03-23-async-fn-and-rpitit.md,"[{""start"": 5058, ""end"": 5116, ""quote"": ""The design we describe here we call \""return some pointer\"".""}]",model_drafted_unreviewed,,
validation,gold,english,validation-02,validation-02-language-08,"Was “Let's revise our thinking about what lints we, as the lang team, put into the language and compiler.” decided?","[""not found""]",False,no,True,unsupported_answer,https://github.com/rust-lang/lang-team/blob/cf7fec8b0fb6b9ad85b0cb3d50566f0b0847f8f9/design-meeting-minutes/2022-03-30-lint-policy.md,"[{""start"": 142, ""end"": 249, ""quote"": ""tl;dr: Let's revise our thinking about what lints we, as the lang team, put into the language and compiler.""}]",model_drafted_unreviewed,,
validation,gold,english,validation-03,validation-03-language-02,"Is a proposal about “Let's revise our thinking about what lints we, as the lang team, put into the language and compiler.” explicitly recorded?","[""yes""]",True,Felix,True,value_mismatch,https://github.com/rust-lang/lang-team/blob/cf7fec8b0fb6b9ad85b0cb3d50566f0b0847f8f9/design-meeting-minutes/2022-03-30-lints.md,"[{""start"": 149, ""end"": 249, ""quote"": ""Let's revise our thinking about what lints we, as the lang team, put into the language and compiler.""}]",model_drafted_unreviewed,,
validation,gold,english,validation-03,validation-03-language-08,"Was “Let's revise our thinking about what lints we, as the lang team, put into the language and compiler.” decided?","[""not found""]",False,no,True,unsupported_answer,https://github.com/rust-lang/lang-team/blob/cf7fec8b0fb6b9ad85b0cb3d50566f0b0847f8f9/design-meeting-minutes/2022-03-30-lints.md,"[{""start"": 149, ""end"": 249, ""quote"": ""Let's revise our thinking about what lints we, as the lang team, put into the language and compiler.""}]",model_drafted_unreviewed,,
validation,gold,english,validation-05,validation-05-language-08,Was “Stabilize now and incrementally improve” decided?,"[""not found""]",False,no,True,unsupported_answer,https://github.com/rust-lang/lang-team/blob/cf7fec8b0fb6b9ad85b0cb3d50566f0b0847f8f9/design-meeting-minutes/2022-08-31-gat-stabilization.md,"[{""start"": 774, ""end"": 906, ""quote"": ""* Stabilize now and incrementally improve * Areas that need improvement: * Syntax is awkward (easy implementation, but it's syntax).""}]",model_drafted_unreviewed,,
validation,gold,english,validation-05,validation-05-language-10,Was “Delay stabilization until implied bounds are fixed (and possibly other specific improvements)” decided?,"[""not found""]",False,no,True,unsupported_answer,https://github.com/rust-lang/lang-team/blob/cf7fec8b0fb6b9ad85b0cb3d50566f0b0847f8f9/design-meeting-minutes/2022-08-31-gat-stabilization.md,"[{""start"": 1926, ""end"": 2205, ""quote"": ""* Delay stabilization until implied bounds are fixed (and possibly other specific improvements) * Arguments in favor: * The limits around implied bounds in particular causes a number of surprising errors [§][IB] and can make GATs less useful than the existing stable workarounds.""}]",model_drafted_unreviewed,,
validation,gold,english,validation-06,validation-06-language-06,Is an agreement about “Yes.” explicitly recorded?,"[""yes""]",True,Jakob,True,value_mismatch,https://github.com/rust-lang/lang-team/blob/cf7fec8b0fb6b9ad85b0cb3d50566f0b0847f8f9/design-meeting-minutes/2022-10-05-provenance.md,"[{""start"": 5857, ""end"": 5861, ""quote"": ""Yes.""}]",model_drafted_unreviewed,,
validation,gold,english,validation-06,validation-06-language-08,Was “Stably acknowledge the existence of provenance” decided?,"[""not found""]",False,yes,True,unsupported_answer,https://github.com/rust-lang/lang-team/blob/cf7fec8b0fb6b9ad85b0cb3d50566f0b0847f8f9/design-meeting-minutes/2022-10-05-provenance.md,"[{""start"": 3701, ""end"": 3957, ""quote"": ""- Stably acknowledge the existence of provenance, ie acknowledge that the answer to the question in the title is \""yes\"" - Stabilize the following methods: `pointer::addr`, `pointer::with_addr`, `ptr::map_addr`, `core::ptr::invalid`, `core::ptr::invalid_mut`""}]",model_drafted_unreviewed,,
validation,gold,english,validation-06,validation-06-language-10,"Was “Stabilize the following methods: pointer::addr, pointer::with_addr, ptr::map_addr, core::ptr::invalid, core::ptr::invalid_mut” decided?","[""not found""]",False,yes,True,unsupported_answer,https://github.com/rust-lang/lang-team/blob/cf7fec8b0fb6b9ad85b0cb3d50566f0b0847f8f9/design-meeting-minutes/2022-10-05-provenance.md,"[{""start"": 3701, ""end"": 3957, ""quote"": ""- Stably acknowledge the existence of provenance, ie acknowledge that the answer to the question in the title is \""yes\"" - Stabilize the following methods: `pointer::addr`, `pointer::with_addr`, `ptr::map_addr`, `core::ptr::invalid`, `core::ptr::invalid_mut`""}]",model_drafted_unreviewed,,
validation,gold,english,validation-07,validation-07-language-02,What deadline is recorded for the proposal about “We are considering investing effort in developing a specification language for Rust.”?,"[""not specified""]",True,not found,False,wrong_abstention,https://github.com/rust-lang/lang-team/blob/cf7fec8b0fb6b9ad85b0cb3d50566f0b0847f8f9/design-meeting-minutes/2022-11-25-contracts.md,"[{""start"": 439, ""end"": 523, ""quote"": ""We are considering investing effort in developing a specification language for Rust.""}]",model_drafted_unreviewed,,
validation,gold,english,validation-07,validation-07-language-05,What deadline is recorded for the proposal about “If adding specifications to rust is something the community and the language team wins interested in and will support.”?,"[""not specified""]",True,not found,False,wrong_abstention,https://github.com/rust-lang/lang-team/blob/cf7fec8b0fb6b9ad85b0cb3d50566f0b0847f8f9/design-meeting-minutes/2022-11-25-contracts.md,"[{""start"": 598, ""end"": 716, ""quote"": ""If adding specifications to rust is something the community and the language team wins interested in and will support.""}]",model_drafted_unreviewed,,
validation,gold,english,validation-09,validation-09-language-07,Was “I propose the following design principles to guide our decision.” decided?,"[""not found""]",False,no,True,unsupported_answer,https://github.com/rust-lang/lang-team/blob/cf7fec8b0fb6b9ad85b0cb3d50566f0b0847f8f9/design-meeting-minutes/2023-03-15-temporary-lifetimes.md,"[{""start"": 294, ""end"": 358, ""quote"": ""I propose the following design principles to guide our decision.""}]",model_drafted_unreviewed,,
validation,gold,english,validation-09,validation-09-language-09,"Was “We should prefer shorter temporary lifetimes, as that results in more reliable and precitable programs.” decided?","[""not found""]",False,no,True,unsupported_answer,https://github.com/rust-lang/lang-team/blob/cf7fec8b0fb6b9ad85b0cb3d50566f0b0847f8f9/design-meeting-minutes/2023-03-15-temporary-lifetimes.md,"[{""start"": 660, ""end"": 823, ""quote"": ""* **Shorter is more reliable and predictable:** In general, we should prefer shorter temporary lifetimes, as that results in more reliable and precitable programs.""}]",model_drafted_unreviewed,,
validation,gold,english,validation-09,validation-09-language-10,Was “Extending temporary lifetimes where we can do so safely gives more convenience and is key for some patterns.” decided?,"[""not found""]",False,no,True,unsupported_answer,https://github.com/rust-lang/lang-team/blob/cf7fec8b0fb6b9ad85b0cb3d50566f0b0847f8f9/design-meeting-minutes/2023-03-15-temporary-lifetimes.md,"[{""start"": 824, ""end"": 965, ""quote"": ""* **Longer is more convenient:** Extending temporary lifetimes where we can do so safely gives more convenience and is key for some patterns.""}]",model_drafted_unreviewed,,
validation,gold,english,validation-10,validation-10-language-08,Was “We would like to stabilize it quickly if possible” decided?,"[""not found""]",False,no,True,unsupported_answer,https://github.com/rust-lang/lang-team/blob/cf7fec8b0fb6b9ad85b0cb3d50566f0b0847f8f9/design-meeting-minutes/2023-05-17-rpitit-stabilization-schedule.md,"[{""start"": 261, ""end"": 311, ""quote"": ""We would like to stabilize it quickly if possible.""}]",model_drafted_unreviewed,,
validation,gold,english,validation-10,validation-10-language-10,Was “Impl trait is allowed in return types everywhere except for traits and impls” decided?,"[""not found""]",False,no,True,unsupported_answer,https://github.com/rust-lang/lang-team/blob/cf7fec8b0fb6b9ad85b0cb3d50566f0b0847f8f9/design-meeting-minutes/2023-05-17-rpitit-stabilization-schedule.md,"[{""start"": 708, ""end"": 785, ""quote"": ""Impl trait is allowed in return types everywhere except for traits and impls.""}]",model_drafted_unreviewed,,
validation,gold,english,validation-12,validation-12-language-05,What deadline is recorded for the proposal about “That RFC proposed that `impl Trait` syntax be allowed in type aliases and in associated types.”?,"[""2019""]",True,not found,False,wrong_abstention,https://github.com/rust-lang/lang-team/blob/cf7fec8b0fb6b9ad85b0cb3d50566f0b0847f8f9/design-meeting-minutes/2023-05-31-TAIT-stabilization.md,"[{""start"": 95, ""end"": 189, ""quote"": ""That RFC proposed that `impl Trait` syntax be allowed in type aliases and in associated types.""}]",model_drafted_unreviewed,,
validation,gold,english,validation-12,validation-12-language-07,Was “That RFC proposed that `impl Trait` syntax be allowed in type aliases and in associated types.” decided?,"[""not found""]",False,yes,True,unsupported_answer,https://github.com/rust-lang/lang-team/blob/cf7fec8b0fb6b9ad85b0cb3d50566f0b0847f8f9/design-meeting-minutes/2023-05-31-TAIT-stabilization.md,"[{""start"": 95, ""end"": 189, ""quote"": ""That RFC proposed that `impl Trait` syntax be allowed in type aliases and in associated types.""}]",model_drafted_unreviewed,,
validation,gold,initial_seed,validation-01,validation-01-language-01,"Who is named for the proposal about “We propose the ""Return Position Impl Trait in Dyn Trait"" (RPITIDT) approach.”?","[""unspecified""]",True,not found,False,wrong_abstention,https://github.com/rust-lang/lang-team/blob/cf7fec8b0fb6b9ad85b0cb3d50566f0b0847f8f9/design-meeting-minutes/2022-03-23-async-fn-and-rpitit.md,"[{""start"": 68, ""end"": 181, ""quote"": ""Describes high-level summary of the \""Return Position Impl Trait in Dyn Trait\"" (RPITIDT) approach that we propose:""}]",model_drafted_unreviewed,,
validation,gold,initial_seed,validation-01,validation-01-language-03,"Who is named for the proposal about “The design we describe here we call ""return some pointer"".”?","[""unspecified""]",True,not found,False,wrong_abstention,https://github.com/rust-lang/lang-team/blob/cf7fec8b0fb6b9ad85b0cb3d50566f0b0847f8f9/design-meeting-minutes/2022-03-23-async-fn-and-rpitit.md,"[{""start"": 5058, ""end"": 5116, ""quote"": ""The design we describe here we call \""return some pointer\"".""}]",model_drafted_unreviewed,,
validation,gold,initial_seed,validation-01,validation-01-language-05,"Who is named for the proposal about “An async function, when invoked through `dyn`, always returns ""some wide pointer"" to a `dyn Future`.”?","[""unspecified""]",True,not found,False,wrong_abstention,https://github.com/rust-lang/lang-team/blob/cf7fec8b0fb6b9ad85b0cb3d50566f0b0847f8f9/design-meeting-minutes/2022-03-23-async-fn-and-rpitit.md,"[{""start"": 5117, ""end"": 5234, ""quote"": ""The idea is that an async function, when invoked through `dyn`, always returns \""some wide pointer\"" to a `dyn Future`.""}]",model_drafted_unreviewed,,
validation,gold,initial_seed,validation-01,validation-01-language-10,"Was “The design we describe here we call ""return some pointer"".” decided?","[""not found""]",False,no,True,unsupported_answer,https://github.com/rust-lang/lang-team/blob/cf7fec8b0fb6b9ad85b0cb3d50566f0b0847f8f9/design-meeting-minutes/2022-03-23-async-fn-and-rpitit.md,"[{""start"": 5058, ""end"": 5116, ""quote"": ""The design we describe here we call \""return some pointer\"".""}]",model_drafted_unreviewed,,
validation,gold,initial_seed,validation-04,validation-04-language-08,Was “should we implement perfect derive and expanded implied bounds?” decided?,"[""not found""]",False,no,True,unsupported_answer,https://github.com/rust-lang/lang-team/blob/cf7fec8b0fb6b9ad85b0cb3d50566f0b0847f8f9/design-meeting-minutes/2022-04-12-implied-bounds-and-perfect-derive.md,"[{""start"": 669, ""end"": 723, ""quote"": ""Now that we *can* implement these features, should we?""}]",model_drafted_unreviewed,,
validation,gold,initial_seed,validation-05,validation-05-language-01,Who is named for the proposal about “Stabilize now and incrementally improve”?,"[""jackh726, nikomatsakis""]",True,nikomatsakis,True,value_mismatch,https://github.com/rust-lang/lang-team/blob/cf7fec8b0fb6b9ad85b0cb3d50566f0b0847f8f9/design-meeting-minutes/2022-08-31-gat-stabilization.md,"[{""start"": 774, ""end"": 906, ""quote"": ""* Stabilize now and incrementally improve * Areas that need improvement: * Syntax is awkward (easy implementation, but it's syntax).""}]",model_drafted_unreviewed,,
validation,gold,initial_seed,validation-05,validation-05-language-10,Was “Delay stabilization until implied bounds are fixed (and possibly other specific improvements)” decided?,"[""not found""]",False,no,True,unsupported_answer,https://github.com/rust-lang/lang-team/blob/cf7fec8b0fb6b9ad85b0cb3d50566f0b0847f8f9/design-meeting-minutes/2022-08-31-gat-stabilization.md,"[{""start"": 1926, ""end"": 2205, ""quote"": ""* Delay stabilization until implied bounds are fixed (and possibly other specific improvements) * Arguments in favor: * The limits around implied bounds in particular causes a number of surprising errors [§][IB] and can make GATs less useful than the existing stable workarounds.""}]",model_drafted_unreviewed,,
validation,gold,initial_seed,validation-06,validation-06-language-08,Was “Stably acknowledge the existence of provenance” decided?,"[""not found""]",False,yes,True,unsupported_answer,https://github.com/rust-lang/lang-team/blob/cf7fec8b0fb6b9ad85b0cb3d50566f0b0847f8f9/design-meeting-minutes/2022-10-05-provenance.md,"[{""start"": 3701, ""end"": 3957, ""quote"": ""- Stably acknowledge the existence of provenance, ie acknowledge that the answer to the question in the title is \""yes\"" - Stabilize the following methods: `pointer::addr`, `pointer::with_addr`, `ptr::map_addr`, `core::ptr::invalid`, `core::ptr::invalid_mut`""}]",model_drafted_unreviewed,,
validation,gold,initial_seed,validation-06,validation-06-language-10,"Was “Stabilize the following methods: pointer::addr, pointer::with_addr, ptr::map_addr, core::ptr::invalid, core::ptr::invalid_mut” decided?","[""not found""]",False,yes,True,unsupported_answer,https://github.com/rust-lang/lang-team/blob/cf7fec8b0fb6b9ad85b0cb3d50566f0b0847f8f9/design-meeting-minutes/2022-10-05-provenance.md,"[{""start"": 3701, ""end"": 3957, ""quote"": ""- Stably acknowledge the existence of provenance, ie acknowledge that the answer to the question in the title is \""yes\"" - Stabilize the following methods: `pointer::addr`, `pointer::with_addr`, `ptr::map_addr`, `core::ptr::invalid`, `core::ptr::invalid_mut`""}]",model_drafted_unreviewed,,
validation,gold,initial_seed,validation-07,validation-07-language-02,What deadline is recorded for the proposal about “We are considering investing effort in developing a specification language for Rust.”?,"[""not specified""]",True,not found,False,wrong_abstention,https://github.com/rust-lang/lang-team/blob/cf7fec8b0fb6b9ad85b0cb3d50566f0b0847f8f9/design-meeting-minutes/2022-11-25-contracts.md,"[{""start"": 439, ""end"": 523, ""quote"": ""We are considering investing effort in developing a specification language for Rust.""}]",model_drafted_unreviewed,,
validation,gold,initial_seed,validation-07,validation-07-language-04,Who is named for the proposal about “If adding specifications to rust is something the community and the language team wins interested in and will support.”?,"[""language team""]",True,not specified,True,value_mismatch,https://github.com/rust-lang/lang-team/blob/cf7fec8b0fb6b9ad85b0cb3d50566f0b0847f8f9/design-meeting-minutes/2022-11-25-contracts.md,"[{""start"": 598, ""end"": 716, ""quote"": ""If adding specifications to rust is something the community and the language team wins interested in and will support.""}]",model_drafted_unreviewed,,
validation,gold,initial_seed,validation-07,validation-07-language-05,What deadline is recorded for the proposal about “If adding specifications to rust is something the community and the language team wins interested in and will support.”?,"[""not specified""]",True,not found,False,wrong_abstention,https://github.com/rust-lang/lang-team/blob/cf7fec8b0fb6b9ad85b0cb3d50566f0b0847f8f9/design-meeting-minutes/2022-11-25-contracts.md,"[{""start"": 598, ""end"": 716, ""quote"": ""If adding specifications to rust is something the community and the language team wins interested in and will support.""}]",model_drafted_unreviewed,,
validation,gold,initial_seed,validation-09,validation-09-language-01,Who is named for the proposal about “I propose the following design principles to guide our decision.”?,"[""author""]",True,2024 edition,True,value_mismatch,https://github.com/rust-lang/lang-team/blob/cf7fec8b0fb6b9ad85b0cb3d50566f0b0847f8f9/design-meeting-minutes/2023-03-15-temporary-lifetimes.md,"[{""start"": 294, ""end"": 358, ""quote"": ""I propose the following design principles to guide our decision.""}]",model_drafted_unreviewed,,
validation,gold,initial_seed,validation-09,validation-09-language-04,Who is named for the proposal about “We need to be able to figure out when destructors run without consulting the borrow checker.”?,"[""author""]",True,2024 edition,True,value_mismatch,https://github.com/rust-lang/lang-team/blob/cf7fec8b0fb6b9ad85b0cb3d50566f0b0847f8f9/design-meeting-minutes/2023-03-15-temporary-lifetimes.md,"[{""start"": 360, ""end"": 491, ""quote"": ""* **Independent from borrow checker:** We need to be able to figure out when destructors run without consulting the borrow checker.""}]",model_drafted_unreviewed,,
validation,gold,initial_seed,validation-09,validation-09-language-08,Was “We need to be able to figure out when destructors run without consulting the borrow checker.” decided?,"[""not found""]",False,no,True,unsupported_answer,https://github.com/rust-lang/lang-team/blob/cf7fec8b0fb6b9ad85b0cb3d50566f0b0847f8f9/design-meeting-minutes/2023-03-15-temporary-lifetimes.md,"[{""start"": 360, ""end"": 491, ""quote"": ""* **Independent from borrow checker:** We need to be able to figure out when destructors run without consulting the borrow checker.""}]",model_drafted_unreviewed,,
validation,gold,initial_seed,validation-09,validation-09-language-09,"Was “We should prefer shorter temporary lifetimes, as that results in more reliable and precitable programs.” decided?","[""not found""]",False,no,True,unsupported_answer,https://github.com/rust-lang/lang-team/blob/cf7fec8b0fb6b9ad85b0cb3d50566f0b0847f8f9/design-meeting-minutes/2023-03-15-temporary-lifetimes.md,"[{""start"": 660, ""end"": 823, ""quote"": ""* **Shorter is more reliable and predictable:** In general, we should prefer shorter temporary lifetimes, as that results in more reliable and precitable programs.""}]",model_drafted_unreviewed,,
validation,gold,initial_seed,validation-09,validation-09-language-10,Was “Extending temporary lifetimes where we can do so safely gives more convenience and is key for some patterns.” decided?,"[""not found""]",False,no,True,unsupported_answer,https://github.com/rust-lang/lang-team/blob/cf7fec8b0fb6b9ad85b0cb3d50566f0b0847f8f9/design-meeting-minutes/2023-03-15-temporary-lifetimes.md,"[{""start"": 824, ""end"": 965, ""quote"": ""* **Longer is more convenient:** Extending temporary lifetimes where we can do so safely gives more convenience and is key for some patterns.""}]",model_drafted_unreviewed,,
validation,gold,initial_seed,validation-10,validation-10-language-03,Who is named for the proposal about “Impl trait is allowed in return types everywhere except for traits and impls”?,"[""RFC #3425""]",True,lang team,True,value_mismatch,https://github.com/rust-lang/lang-team/blob/cf7fec8b0fb6b9ad85b0cb3d50566f0b0847f8f9/design-meeting-minutes/2023-05-17-rpitit-stabilization-schedule.md,"[{""start"": 708, ""end"": 785, ""quote"": ""Impl trait is allowed in return types everywhere except for traits and impls.""}]",model_drafted_unreviewed,,
validation,gold,initial_seed,validation-10,validation-10-language-08,Was “We would like to stabilize it quickly if possible” decided?,"[""not found""]",False,no,True,unsupported_answer,https://github.com/rust-lang/lang-team/blob/cf7fec8b0fb6b9ad85b0cb3d50566f0b0847f8f9/design-meeting-minutes/2023-05-17-rpitit-stabilization-schedule.md,"[{""start"": 261, ""end"": 311, ""quote"": ""We would like to stabilize it quickly if possible.""}]",model_drafted_unreviewed,,
validation,gold,initial_seed,validation-10,validation-10-language-10,Was “Impl trait is allowed in return types everywhere except for traits and impls” decided?,"[""not found""]",False,no,True,unsupported_answer,https://github.com/rust-lang/lang-team/blob/cf7fec8b0fb6b9ad85b0cb3d50566f0b0847f8f9/design-meeting-minutes/2023-05-17-rpitit-stabilization-schedule.md,"[{""start"": 708, ""end"": 785, ""quote"": ""Impl trait is allowed in return types everywhere except for traits and impls.""}]",model_drafted_unreviewed,,
validation,gold,initial_seed,validation-12,validation-12-language-05,What deadline is recorded for the proposal about “That RFC proposed that `impl Trait` syntax be allowed in type aliases and in associated types.”?,"[""2019""]",True,not found,False,wrong_abstention,https://github.com/rust-lang/lang-team/blob/cf7fec8b0fb6b9ad85b0cb3d50566f0b0847f8f9/design-meeting-minutes/2023-05-31-TAIT-stabilization.md,"[{""start"": 95, ""end"": 189, ""quote"": ""That RFC proposed that `impl Trait` syntax be allowed in type aliases and in associated types.""}]",model_drafted_unreviewed,,
validation,gold,initial_seed,validation-12,validation-12-language-07,Was “That RFC proposed that `impl Trait` syntax be allowed in type aliases and in associated types.” decided?,"[""not found""]",False,yes,True,unsupported_answer,https://github.com/rust-lang/lang-team/blob/cf7fec8b0fb6b9ad85b0cb3d50566f0b0847f8f9/design-meeting-minutes/2023-05-31-TAIT-stabilization.md,"[{""start"": 95, ""end"": 189, ""quote"": ""That RFC proposed that `impl Trait` syntax be allowed in type aliases and in associated types.""}]",model_drafted_unreviewed,,
validation,parsed,evolved,validation-01,validation-01-q01,What is the name of the approach proposed for async fn in dyn traits?,"[""Return Position Impl Trait in Dyn Trait"", ""RPITIDT""]",True,Return some wide pointer,True,value_mismatch,https://github.com/rust-lang/lang-team/blob/cf7fec8b0fb6b9ad85b0cb3d50566f0b0847f8f9/design-meeting-minutes/2022-03-23-async-fn-and-rpitit.md,"[{""start"": 68, ""end"": 181, ""quote"": ""Describes high-level summary of the \""Return Position Impl Trait in Dyn Trait\"" (RPITIDT) approach that we propose:""}]",model_drafted_unreviewed,,
validation,parsed,evolved,validation-01,validation-01-q06,Can adapter types override the default allocation strategy?,"[""yes"", ""Yes""]",True,"Yes, adapter types allow functions to override the default allocation strategy used to create the wide pointer returned by async functions invoked through dyn traits.",True,value_mismatch,https://github.com/rust-lang/lang-team/blob/cf7fec8b0fb6b9ad85b0cb3d50566f0b0847f8f9/design-meeting-minutes/2022-03-23-async-fn-and-rpitit.md,"[{""start"": 5839, ""end"": 5920, ""quote"": ""Adapter types allow functions to \""override\"" the choice to meet their local needs.""}]",model_drafted_unreviewed,,
validation,parsed,evolved,validation-01,validation-01-q08,Does the excerpt mention a specific deadline for shipping the design?,"[""not found""]",False,Ship this year,True,unsupported_answer,https://github.com/rust-lang/lang-team/blob/cf7fec8b0fb6b9ad85b0cb3d50566f0b0847f8f9/design-meeting-minutes/2022-03-23-async-fn-and-rpitit.md,"[{""start"": 4781, ""end"": 4799, ""quote"": ""### Ship this year""}]",model_drafted_unreviewed,,
validation,parsed,evolved,validation-01,validation-01-q09,"Is there a proposal to use a ""small box"" type as the primary design?","[""not found""]",False,"No, the proposal to use a ""small box"" type as the primary design was considered but rejected for several reasons, including the difficulty in setting the right threshold, the large size of futures, and the non-canonical nature of such a type.",True,unsupported_answer,https://github.com/rust-lang/lang-team/blob/cf7fec8b0fb6b9ad85b0cb3d50566f0b0847f8f9/design-meeting-minutes/2022-03-23-async-fn-and-rpitit.md,"[{""start"": 7085, ""end"": 7133, ""quote"": ""### Return a fixed number of bytes (\""small box\"")""}]",model_drafted_unreviewed,,
validation,parsed,evolved,validation-01,validation-01-q10,Does the excerpt state that the caller decides the allocation strategy?,"[""not found""]",False,no,True,unsupported_answer,https://github.com/rust-lang/lang-team/blob/cf7fec8b0fb6b9ad85b0cb3d50566f0b0847f8f9/design-meeting-minutes/2022-03-23-async-fn-and-rpitit.md,"[{""start"": 8873, ""end"": 9032, ""quote"": ""Intuitively, it may seem like letting the caller decide the allocation strategy is a correct approach, because the caller has more information than the callee.""}]",model_drafted_unreviewed,,
validation,parsed,evolved,validation-02,validation-02-q03,Which category of lints remains a T-lang concern and must be part of the compiler?,"[""future-proofing""]",True,The future-proofing category of lints remains a T-lang concern and must be part of the compiler.,True,value_mismatch,https://github.com/rust-lang/lang-team/blob/cf7fec8b0fb6b9ad85b0cb3d50566f0b0847f8f9/design-meeting-minutes/2022-03-30-lint-policy.md,"[{""start"": 9080, ""end"": 9295, ""quote"": ""All of the [future-proofing][] lints (\""flagging code that a future release of Rust will reject\"") remain a T-lang concern: they tie directly into what code is accepted/rejected, and *need* to be part of the compiler.""}]",model_drafted_unreviewed,,
validation,parsed,evolved,validation-02,validation-02-q06,What is proposed to be done with style choices currently embedded in rustc?,"[""migrated to Clippy and rustfmt""]",True,"Style choices currently embedded in rustc are proposed to be migrated to Clippy and rustfmt, as deciding such opinions should not be part of the language design team's workload.",True,value_mismatch,https://github.com/rust-lang/lang-team/blob/cf7fec8b0fb6b9ad85b0cb3d50566f0b0847f8f9/design-meeting-minutes/2022-03-30-lint-policy.md,"[{""start"": 10506, ""end"": 10631, ""quote"": ""Arguably style choices should not be embedded into rustc at all[^pretty], and should all be migrated to Clippy and `rustfmt`.""}]",model_drafted_unreviewed,,
validation,parsed,evolved,validation-02,validation-02-q07,Who is assigned to delegate work on lints representing a rich opportunity for delegation?,"[""T-lang design team""]",True,Felix,True,value_mismatch,https://github.com/rust-lang/lang-team/blob/cf7fec8b0fb6b9ad85b0cb3d50566f0b0847f8f9/design-meeting-minutes/2022-03-30-lint-policy.md,"[{""start"": 8442, ""end"": 8534, ""quote"": ""* The T-lang design team is already over-extended, and should delegate whatever work it can.""}]",model_drafted_unreviewed,,
validation,parsed,evolved,validation-02,validation-02-q08,"Is there clarity on the distinction between ""edition error"" and ""hard deprecation""?","[""no""]",True,"No, Felix is not clear on the distinction between ""edition error"" and ""hard deprecation"" and notes that Niko did not know either.",True,value_mismatch,https://github.com/rust-lang/lang-team/blob/cf7fec8b0fb6b9ad85b0cb3d50566f0b0847f8f9/design-meeting-minutes/2022-03-30-lint-policy.md,"[{""start"": 3668, ""end"": 3764, ""quote"": "":::warning Felix is not clear on the distinction between \""edition error\"" and \""hard deprecation\"".""}]",model_drafted_unreviewed,,
validation,parsed,evolved,validation-02,validation-02-q10,Is there telemetry data confirming the signal-to-noise ratio of error-heuristic lints?,"[""not found""]",False,no,True,unsupported_answer,https://github.com/rust-lang/lang-team/blob/cf7fec8b0fb6b9ad85b0cb3d50566f0b0847f8f9/design-meeting-minutes/2022-03-30-lint-policy.md,"[{""start"": 11379, ""end"": 11390, ""quote"": ""anecdotes)?""}]",model_drafted_unreviewed,,
validation,parsed,evolved,validation-03,validation-03-q07,Should style choices be embedded into rustc according to Felix?,"[""no""]",True,"No, Felix believes that style choices should not be embedded into rustc at all and should be migrated to Clippy and rustfmt instead.",True,value_mismatch,https://github.com/rust-lang/lang-team/blob/cf7fec8b0fb6b9ad85b0cb3d50566f0b0847f8f9/design-meeting-minutes/2022-03-30-lints.md,"[{""start"": 10506, ""end"": 10631, ""quote"": ""Arguably style choices should not be embedded into rustc at all[^pretty], and should all be migrated to Clippy and `rustfmt`.""}]",model_drafted_unreviewed,,
validation,parsed,evolved,validation-03,validation-03-q09,Is there a proposal to delegate lint work to subteams?,"[""yes""]",True,"Yes, there is a proposal to delegate lint work to subteams, especially for categories like expressly-clean lints which are pedagogical and uniformly-clean lints which are subjective style matters.",True,value_mismatch,https://github.com/rust-lang/lang-team/blob/cf7fec8b0fb6b9ad85b0cb3d50566f0b0847f8f9/design-meeting-minutes/2022-03-30-lints.md,"[{""start"": 8444, ""end"": 8534, ""quote"": ""The T-lang design team is already over-extended, and should delegate whatever work it can.""}]",model_drafted_unreviewed,,
validation,parsed,evolved,validation-03,validation-03-q10,Is there a mention of telemetry data confirming lint effectiveness?,"[""not found""]",False,"No, the document explicitly states that there is no compiler telemetry to confirm the signal-to-noise ratio of error-heuristic lints.",True,unsupported_answer,https://github.com/rust-lang/lang-team/blob/cf7fec8b0fb6b9ad85b0cb3d50566f0b0847f8f9/design-meeting-minutes/2022-03-30-lints.md,"[{""start"": 11251, ""end"": 11310, ""quote"": ""* We have no compiler telemetry, so what are we relying on?""}]",model_drafted_unreviewed,,
validation,parsed,evolved,validation-04,validation-04-q02,What does perfect derive change about trait derive?,"[""change derive to generate an impl with one where clause per field""]",True,"Perfect derive changes trait derive so that it figures out exactly the bounds that are needed for each field, rather than assuming that all generic parameters must satisfy the trait. Instead of requiring a blanket bound like `T: Clone`, it generates an implementation with one where clause per field, reflecting the actual trait requirements of each field's type.",True,value_mismatch,https://github.com/rust-lang/lang-team/blob/cf7fec8b0fb6b9ad85b0cb3d50566f0b0847f8f9/design-meeting-minutes/2022-04-12-implied-bounds-and-perfect-derive.md,"[{""start"": 3839, ""end"": 3950, ""quote"": ""With *perfect derive*, we would change the derive to generate an impl with one where clause per field, instead.""}]",model_drafted_unreviewed,,
validation,parsed,evolved,validation-04,validation-04-q04,Is perfect derive currently sound?,"[""yes""]",True,"No, perfect derive was not sound until recently; the meeting facts state that making perfect derive sound was tricky, but now it can be done with a new formulation of the Rust trait checker.",True,value_mismatch,https://github.com/rust-lang/lang-team/blob/cf7fec8b0fb6b9ad85b0cb3d50566f0b0847f8f9/design-meeting-minutes/2022-04-12-implied-bounds-and-perfect-derive.md,"[{""start"": 4886, ""end"": 4942, ""quote"": ""For now, though, let’s just assume we can do it soundly.""}]",model_drafted_unreviewed,,
validation,parsed,evolved,validation-04,validation-04-q06,What is the maximal proposal for expanded implied bounds?,"[""expand implied bounds to any where-clause at all""]",True,The maximal proposal for expanded implied bounds is to expand implied bounds from supertraits and lifetimes to any where-clause at all.,True,value_mismatch,https://github.com/rust-lang/lang-team/blob/cf7fec8b0fb6b9ad85b0cb3d50566f0b0847f8f9/design-meeting-minutes/2022-04-12-implied-bounds-and-perfect-derive.md,"[{""start"": 6978, ""end"": 7116, ""quote"": ""The most maximal version of this proposal would expand those implied bounds from supertraits and lifetimes to **any where-clause at all**.""}]",model_drafted_unreviewed,,
validation,parsed,evolved,validation-04,validation-04-q07,Do expanded implied bounds introduce or expand semver hazards?,"[""yes""]",True,Expanded implied bounds introduce a new semver hazard or expand an existing semver hazard.,True,value_mismatch,https://github.com/rust-lang/lang-team/blob/cf7fec8b0fb6b9ad85b0cb3d50566f0b0847f8f9/design-meeting-minutes/2022-04-12-implied-bounds-and-perfect-derive.md,"[{""start"": 7148, ""end"": 7305, ""quote"": ""Expanding the set of implied bounds will also introduce a new semver hazard — or perhaps it would be better to say that is expands an existing semver hazard.""}]",model_drafted_unreviewed,,
validation,parsed,evolved,validation-04,validation-04-q10,Is there a mention of a plan to remove bounds from impls being semver compliant?,"[""not found""]",False,"Yes, the meeting facts mention that removing bounds from impls is not semver compliant. Specifically, changing an impl like `impl<T: Copy> MyTrait for Vec<T>` to `impl<T> MyTrait for Vec<T>` introduces a new blanket impl, which is not semver compliant.",True,unsupported_answer,https://github.com/rust-lang/lang-team/blob/cf7fec8b0fb6b9ad85b0cb3d50566f0b0847f8f9/design-meeting-minutes/2022-04-12-implied-bounds-and-perfect-derive.md,"[{""start"": 8606, ""end"": 8764, ""quote"": ""Interestingly, while it is true that you can remove bounds from a struct (today, at least) and be at semver complaint[^maybe], this is not the case for impls.""}]",model_drafted_unreviewed,,
validation,parsed,evolved,validation-05,validation-05-q01,Who proposed to stabilize now and incrementally improve?,"[""jackh726, nikomatsakis""]",True,nikomatsakis,True,value_mismatch,https://github.com/rust-lang/lang-team/blob/cf7fec8b0fb6b9ad85b0cb3d50566f0b0847f8f9/design-meeting-minutes/2022-08-31-gat-stabilization.md,"[{""start"": 774, ""end"": 906, ""quote"": ""* Stabilize now and incrementally improve * Areas that need improvement: * Syntax is awkward (easy implementation, but it's syntax).""}]",model_drafted_unreviewed,,
validation,parsed,evolved,validation-05,validation-05-q07,What is stabilized regarding associated types in traits/impls?,"[""Associated types in traits/impls can have type parameters, where-clauses""]",True,"The stabilization includes the ability to have generics on associated types in traits and impls, allowing associated types to have type parameters and where-clauses. Where-clauses on associated types are accepted regardless of whether the associated type is generic or not, and these where-clauses must be proven whenever the associated type is used. When implementing the trait, the generic parameters that appeared in the trait must be repeated in the impl. Additionally, where-clauses in impls must be a subset of those in the trait, similar to generic methods.",True,value_mismatch,https://github.com/rust-lang/lang-team/blob/cf7fec8b0fb6b9ad85b0cb3d50566f0b0847f8f9/design-meeting-minutes/2022-08-31-gat-stabilization.md,"[{""start"": 5144, ""end"": 5220, ""quote"": ""### Associated types in traits/impls can have type parameters, where-clauses""}]",model_drafted_unreviewed,,
validation,parsed,evolved,validation-05,validation-05-q09,Is there a proposal to rethink GATs entirely?,"[""not found""]",False,"Yes, there is a proposal to rethink GATs entirely. The document mentions the option to abandon GATs and offer sugar that makes use of them, like async fn in traits or return-position impl trait in traits. However, it also notes that at this point, nobody is arguing this position, but it is worth pointing out due to certain patterns where GATs are natural.",True,unsupported_answer,https://github.com/rust-lang/lang-team/blob/cf7fec8b0fb6b9ad85b0cb3d50566f0b0847f8f9/design-meeting-minutes/2022-08-31-gat-stabilization.md,"[{""start"": 4028, ""end"": 4185, ""quote"": ""* Rethink GATs entirely * We could abandon GATs and just offer sugar that makes use of them, like async fn in traits or return-position impl trait in traits.""}]",model_drafted_unreviewed,,
validation,parsed,evolved,validation-05,validation-05-q10,Is there a decision to abandon GATs and only offer sugar like async fn in traits?,"[""not found""]",False,No,True,unsupported_answer,https://github.com/rust-lang/lang-team/blob/cf7fec8b0fb6b9ad85b0cb3d50566f0b0847f8f9/design-meeting-minutes/2022-08-31-gat-stabilization.md,"[{""start"": 4028, ""end"": 4185, ""quote"": ""* Rethink GATs entirely * We could abandon GATs and just offer sugar that makes use of them, like async fn in traits or return-position impl trait in traits.""}]",model_drafted_unreviewed,,
validation,parsed,evolved,validation-06,validation-06-q01,Who proposed stabilizing the strict provenance APIs?,"[""Jakob""]",True,Ralf,True,value_mismatch,https://github.com/rust-lang/lang-team/blob/cf7fec8b0fb6b9ad85b0cb3d50566f0b0847f8f9/design-meeting-minutes/2022-10-05-provenance.md,"[{""start"": 3701, ""end"": 3957, ""quote"": ""- Stably acknowledge the existence of provenance, ie acknowledge that the answer to the question in the title is \""yes\"" - Stabilize the following methods: `pointer::addr`, `pointer::with_addr`, `ptr::map_addr`, `core::ptr::invalid`, `core::ptr::invalid_mut`""}]",model_drafted_unreviewed,,
validation,parsed,evolved,validation-06,validation-06-q03,Did Ralf agree to stabilize invalid/invalid_mut now?,"[""No"", ""defer""]",True,"No, Ralf said to defer this for future meetings.",True,value_mismatch,https://github.com/rust-lang/lang-team/blob/cf7fec8b0fb6b9ad85b0cb3d50566f0b0847f8f9/design-meeting-minutes/2022-10-05-provenance.md,"[{""start"": 6406, ""end"": 6606, ""quote"": ""- Gary: Can we define a ZST deref to pointers with `invalid` provenance as UB and have a special provenance for ZSTs that allow dangling use of it in `Vec`? - Ralf says defer this for future meetings.""}]",model_drafted_unreviewed,,
validation,parsed,evolved,validation-06,validation-06-q05,Does pointer comparison take provenance into account?,"[""No""]",True,"No, pointer comparison ignores provenance.",True,value_mismatch,https://github.com/rust-lang/lang-team/blob/cf7fec8b0fb6b9ad85b0cb3d50566f0b0847f8f9/design-meeting-minutes/2022-10-05-provenance.md,"[{""start"": 9030, ""end"": 9082, ""quote"": ""Ralf: No, it doesn't; comparison ignores provenance.""}]",model_drafted_unreviewed,,
validation,parsed,evolved,validation-06,validation-06-q06,Did Josh say we should have expose methods?,"[""Yes, we should""]",True,yes,True,value_mismatch,https://github.com/rust-lang/lang-team/blob/cf7fec8b0fb6b9ad85b0cb3d50566f0b0847f8f9/design-meeting-minutes/2022-10-05-provenance.md,"[{""start"": 9182, ""end"": 9203, ""quote"": ""Josh: Yes, we should.""}]",model_drafted_unreviewed,,
validation,parsed,evolved,validation-06,validation-06-q07,Is there a clear final model decided for provenance?,"[""not found""]",False,"No, the final model is not determined yet.",True,unsupported_answer,https://github.com/rust-lang/lang-team/blob/cf7fec8b0fb6b9ad85b0cb3d50566f0b0847f8f9/design-meeting-minutes/2022-10-05-provenance.md,"[{""start"": 909, ""end"": 1055, ""quote"": ""To emphasize: It is not the goal of this meeting to discuss which kind of provenance we should have, only to discuss whether we should have *any*.""}]",model_drafted_unreviewed,,
validation,parsed,evolved,validation-06,validation-06-q08,Is there an option to turn off LLVM's allocation level provenance?,"[""not found""]",False,no,True,unsupported_answer,https://github.com/rust-lang/lang-team/blob/cf7fec8b0fb6b9ad85b0cb3d50566f0b0847f8f9/design-meeting-minutes/2022-10-05-provenance.md,"[{""start"": 3194, ""end"": 3359, ""quote"": ""As far as I know there is no option to turn this off, and the assumptions are sufficiently widespread that it is unlikely that we could convince upstream to add one.""}]",model_drafted_unreviewed,,
validation,parsed,evolved,validation-06,validation-06-q09,Can invalid/invalid_mut be used with embedded fixed address memory?,"[""Probably not""]",True,"No, invalid/invalid_mut probably cannot be used with embedded fixed address memory as there is no good story for these kinds of allocations yet, according to Jakob.",True,value_mismatch,https://github.com/rust-lang/lang-team/blob/cf7fec8b0fb6b9ad85b0cb3d50566f0b0847f8f9/design-meeting-minutes/2022-10-05-provenance.md,"[{""start"": 6607, ""end"": 6718, ""quote"": ""- Q: Can this be used with embedded when I know there is some memory at a fixed address? - Jakob: Probably not.""}]",model_drafted_unreviewed,,
validation,parsed,evolved,validation-06,validation-06-q10,Are the proposed APIs required to write correct code?,"[""No""]",True,"No, the proposed APIs are not required to write correct code.",True,value_mismatch,https://github.com/rust-lang/lang-team/blob/cf7fec8b0fb6b9ad85b0cb3d50566f0b0847f8f9/design-meeting-minutes/2022-10-05-provenance.md,"[{""start"": 4601, ""end"": 4712, ""quote"": ""We are not suggesting any change to the memory model that would make these APIs required to write correct code.""}]",model_drafted_unreviewed,,
validation,parsed,evolved,validation-07,validation-07-q01,Who is considering investing effort in developing a specification language for Rust?,"[""language team""]",True,the language team,True,value_mismatch,https://github.com/rust-lang/lang-team/blob/cf7fec8b0fb6b9ad85b0cb3d50566f0b0847f8f9/design-meeting-minutes/2022-11-25-contracts.md,"[{""start"": 439, ""end"": 523, ""quote"": ""We are considering investing effort in developing a specification language for Rust.""}]",model_drafted_unreviewed,,
validation,parsed,evolved,validation-07,validation-07-q02,What is the first step in the draft roadmap?,"[""Terminology""]",True,"Terminology. Define terms and their meanings, inheriting what we can from existing tools and other languages.",True,value_mismatch,https://github.com/rust-lang/lang-team/blob/cf7fec8b0fb6b9ad85b0cb3d50566f0b0847f8f9/design-meeting-minutes/2022-11-25-contracts.md,"[{""start"": 4923, ""end"": 5035, ""quote"": ""0. Terminology. Define terms and their meanings, inheriting what we can from existing tools and other languages.""}]",model_drafted_unreviewed,,
validation,parsed,evolved,validation-07,validation-07-q06,Who is the assignee for deciding how to deal with static mutable state?,"[""language team""]",True,not found,False,wrong_abstention,https://github.com/rust-lang/lang-team/blob/cf7fec8b0fb6b9ad85b0cb3d50566f0b0847f8f9/design-meeting-minutes/2022-11-25-contracts.md,"[{""start"": 5349, ""end"": 5397, ""quote"": ""3. Decide how to deal with static mutable state.""}]",model_drafted_unreviewed,,
validation,parsed,evolved,validation-07,validation-07-q07,Is there a decision to support only static checking for contracts?,"[""not found""]",False,no,True,unsupported_answer,https://github.com/rust-lang/lang-team/blob/cf7fec8b0fb6b9ad85b0cb3d50566f0b0847f8f9/design-meeting-minutes/2022-11-25-contracts.md,"[{""start"": 5036, ""end"": 5071, ""quote"": ""1. Decide: static, dynamic or both?""}]",model_drafted_unreviewed,,
validation,parsed,evolved,validation-07,validation-07-q08,Is there an agreement that contracts should be marked as either contract or debug_contract?,"[""not found""]",False,yes,True,unsupported_answer,https://github.com/rust-lang/lang-team/blob/cf7fec8b0fb6b9ad85b0cb3d50566f0b0847f8f9/design-meeting-minutes/2022-11-25-contracts.md,"[{""start"": 9154, ""end"": 9230, ""quote"": ""we propose that contracts be marked as either `contract` or `debug_contract`""}]",model_drafted_unreviewed,,
validation,parsed,evolved,validation-08,validation-08-q02,What is the minimal acceptable form of Contracts supposed to provide over?,"[""mere assert!""]",True,The minimal acceptable form of Contracts is supposed to provide value over mere `assert!`.,True,value_mismatch,https://github.com/rust-lang/lang-team/blob/cf7fec8b0fb6b9ad85b0cb3d50566f0b0847f8f9/design-meeting-minutes/2023-01-08-lang-team-questions-around-contracts.md,"[{""start"": 2979, ""end"": 3070, ""quote"": ""**Q2:** What would your *minimal acceptable form* of Contracts provide over mere `assert!`?""}]",model_drafted_unreviewed,,
validation,parsed,evolved,validation-08,validation-08-q04,Is there agreement that contracts could provide guarantees that the program could rely on?,"[""yes""]",True,,,provider_failure,https://github.com/rust-lang/lang-team/blob/cf7fec8b0fb6b9ad85b0cb3d50566f0b0847f8f9/design-meeting-minutes/2023-01-08-lang-team-questions-around-contracts.md,"[{""start"": 10521, ""end"": 10601, ""quote"": ""Contracts *could*, in theory, provide guarantees that the program could rely on.""}]",model_drafted_unreviewed,,
validation,parsed,evolved,validation-08,validation-08-q07,Is there a decision to include contracts into Rust core for uniformity and ubiquity?,"[""not found""]",False,"Encouraging uniformity and ubiquity, and the ability to incorporate contracts into the Rust `std` crate, are mentioned as value-adds for building contracts into Rust core.",True,unsupported_answer,https://github.com/rust-lang/lang-team/blob/cf7fec8b0fb6b9ad85b0cb3d50566f0b0847f8f9/design-meeting-minutes/2023-01-08-lang-team-questions-around-contracts.md,"[{""start"": 3416, ""end"": 3512, ""quote"": ""**Q4:** What is value-add for building into \""Rust core\"" (versus delivery via third-party crate)?""}]",model_drafted_unreviewed,,
validation,parsed,evolved,validation-08,validation-08-q10,Is there a proposal to automatically generate test inputs and validity checks for contracts?,"[""yes""]",True,"Yes, automatic generation of test inputs and corresponding validity checks of resulting outputs is mentioned as an idea for value-add in contracts.",True,value_mismatch,https://github.com/rust-lang/lang-team/blob/cf7fec8b0fb6b9ad85b0cb3d50566f0b0847f8f9/design-meeting-minutes/2023-01-08-lang-team-questions-around-contracts.md,"[{""start"": 3214, ""end"": 3414, ""quote"": ""* Automatic injection of checks provided by trait definition into object code of (every) corresponding impl * Automatic generation of test inputs and corresponding validity checks of resulting outputs""}]",model_drafted_unreviewed,,
validation,parsed,evolved,validation-09,validation-09-q01,Who proposed the design principles to guide the decision on temporary lifetimes?,"[""author""]",True,,,provider_failure,https://github.com/rust-lang/lang-team/blob/cf7fec8b0fb6b9ad85b0cb3d50566f0b0847f8f9/design-meeting-minutes/2023-03-15-temporary-lifetimes.md,"[{""start"": 294, ""end"": 358, ""quote"": ""I propose the following design principles to guide our decision.""}]",model_drafted_unreviewed,,
validation,parsed,evolved,validation-09,validation-09-q02,When are temporaries dropped by default according to current rules?,"[""at the end of the innermost enclosing statement"", ""at the next semicolon""]",True,"By default, temporaries are dropped at the end of the innermost enclosing statement, which is often summarized as 'at the next semicolon'. However, temporaries produced in a block's tail expression are dropped at the end of the statement that encloses the block.",True,value_mismatch,https://github.com/rust-lang/lang-team/blob/cf7fec8b0fb6b9ad85b0cb3d50566f0b0847f8f9/design-meeting-minutes/2023-03-15-temporary-lifetimes.md,"[{""start"": 2035, ""end"": 2231, ""quote"": ""Whenever a temporary is introduced, the default rule is that the temporary is dropped at the end of the innermost enclosing statement; this rule is sometimes summarized as \""at the next semicolon\"".""}]",model_drafted_unreviewed,,
validation,parsed,evolved,validation-09,validation-09-q03,Does the document propose to keep the equivalence that `E` and `{E}` have the same temporary lifetimes?,"[""no""]",True,"No, the document proposes dropping the equivalence that `E` and `{E}` have the same temporary lifetimes as of Rust 2024.",True,value_mismatch,https://github.com/rust-lang/lang-team/blob/cf7fec8b0fb6b9ad85b0cb3d50566f0b0847f8f9/design-meeting-minutes/2023-03-15-temporary-lifetimes.md,"[{""start"": 1123, ""end"": 1314, ""quote"": ""Today, the rules *also* ensure that `E` and `{E}`, for any expression `E`, result in temporaries with the same lifetimes, but this document proposes dropping that equivalence as of Rust 2024.""}]",model_drafted_unreviewed,,
validation,parsed,evolved,validation-09,validation-09-q08,Is there an explicit deadline mentioned for Ding Xiang Fei's progress on RFC 66 implementation?,"[""not found""]",False,,,provider_failure,https://github.com/rust-lang/lang-team/blob/cf7fec8b0fb6b9ad85b0cb3d50566f0b0847f8f9/design-meeting-minutes/2023-03-15-temporary-lifetimes.md,"[{""start"": 8793, ""end"": 9003, ""quote"": ""Ding Xiang Fei has been exploring how to actually implement [RFC 66][] and has made some progress, but it's clear that we need to settle on the *exact* rules for when lifetime temporary extension should happen.""}]",model_drafted_unreviewed,,
validation,parsed,evolved,validation-09,validation-09-q09,Is the equivalence between `E` and `(E)` for temporary lifetimes proposed to be dropped?,"[""not found""]",False,"No, the rules should ensure that `E` and `(E)` for any expression `E` result in temporaries with the same lifetimes. The document proposes dropping the equivalence between `E` and `{E}`, not between `E` and `(E)`.",True,unsupported_answer,https://github.com/rust-lang/lang-team/blob/cf7fec8b0fb6b9ad85b0cb3d50566f0b0847f8f9/design-meeting-minutes/2023-03-15-temporary-lifetimes.md,"[{""start"": 1123, ""end"": 1314, ""quote"": ""Today, the rules *also* ensure that `E` and `{E}`, for any expression `E`, result in temporaries with the same lifetimes, but this document proposes dropping that equivalence as of Rust 2024.""}]",model_drafted_unreviewed,,
validation,parsed,evolved,validation-10,validation-10-q01,Who proposed to stabilize return-position impl trait in Trait quickly?,"[""lang team""]",True,RFC #3425,True,value_mismatch,https://github.com/rust-lang/lang-team/blob/cf7fec8b0fb6b9ad85b0cb3d50566f0b0847f8f9/design-meeting-minutes/2023-05-17-rpitit-stabilization-schedule.md,"[{""start"": 261, ""end"": 311, ""quote"": ""We would like to stabilize it quickly if possible.""}]",model_drafted_unreviewed,,
validation,parsed,evolved,validation-10,validation-10-q03,What must impls of traits using `-> impl Trait` do by default?,"[""use `-> impl Trait` with equivalent bounds""]",True,"Impls of traits using `-> impl Trait` must use `-> impl Trait` with equivalent bounds by default, meaning the implementation's return type must meet the bounds declared in the trait and be of the form `impl Trait`.",True,value_mismatch,https://github.com/rust-lang/lang-team/blob/cf7fec8b0fb6b9ad85b0cb3d50566f0b0847f8f9/design-meeting-minutes/2023-05-17-rpitit-stabilization-schedule.md,"[{""start"": 3920, ""end"": 4043, ""quote"": ""implementations of methods using `impl Trait` in return position must use `-> impl Trait` with equivalent bounds by default""}]",model_drafted_unreviewed,,
validation,parsed,evolved,validation-10,validation-10-q04,Can impls specify more precise return types using `#[refine]`?,"[""yes"", ""Yes""]",True,"Yes, impls can specify more precise return types for the return type by using `#[refine]`. This allows the impl to specify the precise return type or strengthen the bounds without revealing the exact type.",True,value_mismatch,https://github.com/rust-lang/lang-team/blob/cf7fec8b0fb6b9ad85b0cb3d50566f0b0847f8f9/design-meeting-minutes/2023-05-17-rpitit-stabilization-schedule.md,"[{""start"": 5136, ""end"": 5219, ""quote"": ""Impls can also specify more precise types for the return type by using `#[refine]`.""}]",model_drafted_unreviewed,,
validation,parsed,evolved,validation-10,validation-10-q09,Is there a plan to stabilize the full `#[refine]` mechanism now?,"[""not found""]",False,No,True,unsupported_answer,https://github.com/rust-lang/lang-team/blob/cf7fec8b0fb6b9ad85b0cb3d50566f0b0847f8f9/design-meeting-minutes/2023-05-17-rpitit-stabilization-schedule.md,"[{""start"": 7245, ""end"": 7357, ""quote"": ""`#[refine]` would not be stabilized * traits that use `-> impl Trait` would require impls to use `-> impl Trait`""}]",model_drafted_unreviewed,,
validation,parsed,evolved,validation-10,validation-10-q10,Is the desugaring of impl Trait in trait return position identical to other impl Trait desugarings?,"[""not found""]",False,"No, the desugaring of impl Trait in trait return position is different from other impl Trait desugarings. Specifically, in trait return position, it desugars to an associated type, whereas in other positions, such as function argument position or inherent return position, it desugars differently (e.g., to a generic parameter or an inferred opaque type).",True,unsupported_answer,https://github.com/rust-lang/lang-team/blob/cf7fec8b0fb6b9ad85b0cb3d50566f0b0847f8f9/design-meeting-minutes/2023-05-17-rpitit-stabilization-schedule.md,"[{""start"": 9622, ""end"": 9824, ""quote"": ""RPITITs are different from other \""opaque\"" uses of impl Trait (e.g., RPIT, TAIT), in that they desugar, on the trait side, to an associated type (on the impl side, they are exactly analogous, I believe).""}]",model_drafted_unreviewed,,
validation,parsed,evolved,validation-11,validation-11-q02,Who intends to ship a proc-macro to reduce boilerplate?,"[""async WG""]",True,The async WG intends to ship a proc-macro to reduce boilerplate.,True,value_mismatch,https://github.com/rust-lang/lang-team/blob/cf7fec8b0fb6b9ad85b0cb3d50566f0b0847f8f9/design-meeting-minutes/2023-05-24-return-type-notation.md,"[{""start"": 2167, ""end"": 2313, ""quote"": ""// We intend to ship a proc-macro // to reduce boilerplate in the // short-term (discussed below) // and pursue other solutions in // longer term.""}]",model_drafted_unreviewed,,
validation,parsed,evolved,validation-11,validation-11-q05,Who plans to create trait aliases like `SendHealthCheck`?,"[""developers""]",True,A number of the developers we spoke with,True,value_mismatch,https://github.com/rust-lang/lang-team/blob/cf7fec8b0fb6b9ad85b0cb3d50566f0b0847f8f9/design-meeting-minutes/2023-05-24-return-type-notation.md,"[{""start"": 4930, ""end"": 5018, ""quote"": ""A number of the developers we spoke with described plans to create aliases of this kind.""}]",model_drafted_unreviewed,,
validation,parsed,evolved,validation-11,validation-11-q06,Is the syntax `foo()` in return type notation an actual function call?,"[""no""]",True,"No, the syntax `foo()` in return type notation is not an actual function call; it is interpreted as a type in a where clause context.",True,value_mismatch,https://github.com/rust-lang/lang-team/blob/cf7fec8b0fb6b9ad85b0cb3d50566f0b0847f8f9/design-meeting-minutes/2023-05-24-return-type-notation.md,"[{""start"": 6433, ""end"": 6478, ""quote"": ""### Confusing, confusable with const generics""}]",model_drafted_unreviewed,,
validation,parsed,evolved,validation-11,validation-11-q09,Has the async WG found that writing `HealthCheck<check(): Send> + Send + 'static` feels optimal for complex cases?,"[""no""]",True,"No, the async WG found that writing `HealthCheck<check(): Send> + Send + 'static` still felt suboptimal for complex cases.",True,value_mismatch,https://github.com/rust-lang/lang-team/blob/cf7fec8b0fb6b9ad85b0cb3d50566f0b0847f8f9/design-meeting-minutes/2023-05-24-return-type-notation.md,"[{""start"": 4277, ""end"": 4502, ""quote"": ""We found that it was easy to explain and it works \""OK\"" for simple cases, like the one shown above, though writing `HealthCheck<check(): Send> + Send + 'static` still felt suboptimal (how many times do we have to say `Send`?).""}]",model_drafted_unreviewed,,
validation,parsed,evolved,validation-11,validation-11-q10,Is there a plan to permit local variables and other expressions like `c()` in return type notation soon?,"[""not found""]",False,"No, permitting local variables and other expressions like `c()` in return type notation is considered pretty hard and is likely out of scope for all time.",True,unsupported_answer,https://github.com/rust-lang/lang-team/blob/cf7fec8b0fb6b9ad85b0cb3d50566f0b0847f8f9/design-meeting-minutes/2023-05-24-return-type-notation.md,"[{""start"": 10130, ""end"": 10187, ""quote"": ""* Permit local variables and other expressions like `c()`""}]",model_drafted_unreviewed,,
validation,parsed,evolved,validation-12,validation-12-q02,What does RFC 2515 propose?,"[""`impl Trait` syntax be allowed in type aliases and in associated types""]",True,RFC 2515 proposes that `impl Trait` syntax be allowed in type aliases and in associated types in Rust. This feature helps API designers avoid leaking unwanted implementation details and closes certain fundamental expressiveness gaps in the language.,True,value_mismatch,https://github.com/rust-lang/lang-team/blob/cf7fec8b0fb6b9ad85b0cb3d50566f0b0847f8f9/design-meeting-minutes/2023-05-31-TAIT-stabilization.md,"[{""start"": 95, ""end"": 189, ""quote"": ""That RFC proposed that `impl Trait` syntax be allowed in type aliases and in associated types.""}]",model_drafted_unreviewed,,
validation,parsed,evolved,validation-12,validation-12-q09,Is there an explicit deadline for stabilizing TAIT mentioned in the excerpt?,"[""not found""]",False,no,True,unsupported_answer,https://github.com/rust-lang/lang-team/blob/cf7fec8b0fb6b9ad85b0cb3d50566f0b0847f8f9/design-meeting-minutes/2023-05-31-TAIT-stabilization.md,"[{""start"": 352, ""end"": 412, ""quote"": ""We would like to stabilize this feature quickly if possible.""}]",model_drafted_unreviewed,,
validation,parsed,evolved,validation-12,validation-12-q10,Is there a disagreement about the usefulness of TAIT in the excerpt?,"[""not found""]",False,"No, there is no disagreement about the usefulness of TAIT in the excerpt. The document consistently presents TAIT as a valuable feature that closes expressiveness gaps and improves API design.",True,unsupported_answer,https://github.com/rust-lang/lang-team/blob/cf7fec8b0fb6b9ad85b0cb3d50566f0b0847f8f9/design-meeting-minutes/2023-05-31-TAIT-stabilization.md,"[{""start"": 190, ""end"": 221, ""quote"": ""This is a long-awaited feature.""}]",model_drafted_unreviewed,,
validation,parsed,prose,validation-01,validation-01-q01,What is the name of the approach proposed for async fn in dyn traits?,"[""Return Position Impl Trait in Dyn Trait"", ""RPITIDT""]",True,Return some wide pointer,True,value_mismatch,https://github.com/rust-lang/lang-team/blob/cf7fec8b0fb6b9ad85b0cb3d50566f0b0847f8f9/design-meeting-minutes/2022-03-23-async-fn-and-rpitit.md,"[{""start"": 68, ""end"": 181, ""quote"": ""Describes high-level summary of the \""Return Position Impl Trait in Dyn Trait\"" (RPITIDT) approach that we propose:""}]",model_drafted_unreviewed,,
validation,parsed,prose,validation-01,validation-01-q06,Can adapter types override the default allocation strategy?,"[""yes"", ""Yes""]",True,"Yes, adapter types allow functions to override the default allocation strategy used to create the wide pointer returned by async functions invoked through dyn traits.",True,value_mismatch,https://github.com/rust-lang/lang-team/blob/cf7fec8b0fb6b9ad85b0cb3d50566f0b0847f8f9/design-meeting-minutes/2022-03-23-async-fn-and-rpitit.md,"[{""start"": 5839, ""end"": 5920, ""quote"": ""Adapter types allow functions to \""override\"" the choice to meet their local needs.""}]",model_drafted_unreviewed,,
validation,parsed,prose,validation-01,validation-01-q08,Does the excerpt mention a specific deadline for shipping the design?,"[""not found""]",False,Ship this year,True,unsupported_answer,https://github.com/rust-lang/lang-team/blob/cf7fec8b0fb6b9ad85b0cb3d50566f0b0847f8f9/design-meeting-minutes/2022-03-23-async-fn-and-rpitit.md,"[{""start"": 4781, ""end"": 4799, ""quote"": ""### Ship this year""}]",model_drafted_unreviewed,,
validation,parsed,prose,validation-01,validation-01-q09,"Is there a proposal to use a ""small box"" type as the primary design?","[""not found""]",False,"No, the proposal to use a ""small box"" type as the primary design was considered but rejected for several reasons, including the difficulty in setting the right threshold, the large size of futures, and the non-canonical nature of such a type.",True,unsupported_answer,https://github.com/rust-lang/lang-team/blob/cf7fec8b0fb6b9ad85b0cb3d50566f0b0847f8f9/design-meeting-minutes/2022-03-23-async-fn-and-rpitit.md,"[{""start"": 7085, ""end"": 7133, ""quote"": ""### Return a fixed number of bytes (\""small box\"")""}]",model_drafted_unreviewed,,
validation,parsed,prose,validation-01,validation-01-q10,Does the excerpt state that the caller decides the allocation strategy?,"[""not found""]",False,no,True,unsupported_answer,https://github.com/rust-lang/lang-team/blob/cf7fec8b0fb6b9ad85b0cb3d50566f0b0847f8f9/design-meeting-minutes/2022-03-23-async-fn-and-rpitit.md,"[{""start"": 8873, ""end"": 9032, ""quote"": ""Intuitively, it may seem like letting the caller decide the allocation strategy is a correct approach, because the caller has more information than the callee.""}]",model_drafted_unreviewed,,
validation,parsed,prose,validation-02,validation-02-q02,Is it agreed that Rust the language should be more conservative in its lint choices?,"[""yes""]",True,not found,False,wrong_abstention,https://github.com/rust-lang/lang-team/blob/cf7fec8b0fb6b9ad85b0cb3d50566f0b0847f8f9/design-meeting-minutes/2022-03-30-lint-policy.md,"[{""start"": 251, ""end"": 476, ""quote"": ""It is healthy for the *Rust Project* (including specifically tools like Clippy) to be opinionated and make subjective choices on behalf of its developers, but Rust the language should be more conservative in its choices here.""}]",model_drafted_unreviewed,,
validation,parsed,prose,validation-02,validation-02-q03,Which category of lints remains a T-lang concern and must be part of the compiler?,"[""future-proofing""]",True,not found,False,wrong_abstention,https://github.com/rust-lang/lang-team/blob/cf7fec8b0fb6b9ad85b0cb3d50566f0b0847f8f9/design-meeting-minutes/2022-03-30-lint-policy.md,"[{""start"": 9080, ""end"": 9295, ""quote"": ""All of the [future-proofing][] lints (\""flagging code that a future release of Rust will reject\"") remain a T-lang concern: they tie directly into what code is accepted/rejected, and *need* to be part of the compiler.""}]",model_drafted_unreviewed,,
validation,parsed,prose,validation-02,validation-02-q04,Who is proposed to handle expressly-clean lints instead of the Rust lang design team?,"[""Clippy or a different subteam with pedagogy as their core focus""]",True,not found,False,wrong_abstention,https://github.com/rust-lang/lang-team/blob/cf7fec8b0fb6b9ad85b0cb3d50566f0b0847f8f9/design-meeting-minutes/2022-03-30-lint-policy.md,"[{""start"": 9475, ""end"": 9576, ""quote"": ""But: Felix worries that we do not have bandwidth on our team to properly handle pedagogical concerns.""}]",model_drafted_unreviewed,,
validation,parsed,prose,validation-02,validation-02-q06,What is proposed to be done with style choices currently embedded in rustc?,"[""migrated to Clippy and rustfmt""]",True,"Style choices should not be embedded into rustc at all, and should all be migrated to Clippy and `rustfmt`.",True,value_mismatch,https://github.com/rust-lang/lang-team/blob/cf7fec8b0fb6b9ad85b0cb3d50566f0b0847f8f9/design-meeting-minutes/2022-03-30-lint-policy.md,"[{""start"": 10506, ""end"": 10631, ""quote"": ""Arguably style choices should not be embedded into rustc at all[^pretty], and should all be migrated to Clippy and `rustfmt`.""}]",model_drafted_unreviewed,,
validation,parsed,prose,validation-02,validation-02-q07,Who is assigned to delegate work on lints representing a rich opportunity for delegation?,"[""T-lang design team""]",True,not found,False,wrong_abstention,https://github.com/rust-lang/lang-team/blob/cf7fec8b0fb6b9ad85b0cb3d50566f0b0847f8f9/design-meeting-minutes/2022-03-30-lint-policy.md,"[{""start"": 8442, ""end"": 8534, ""quote"": ""* The T-lang design team is already over-extended, and should delegate whatever work it can.""}]",model_drafted_unreviewed,,
validation,parsed,prose,validation-02,validation-02-q08,"Is there clarity on the distinction between ""edition error"" and ""hard deprecation""?","[""no""]",True,not found,False,wrong_abstention,https://github.com/rust-lang/lang-team/blob/cf7fec8b0fb6b9ad85b0cb3d50566f0b0847f8f9/design-meeting-minutes/2022-03-30-lint-policy.md,"[{""start"": 3668, ""end"": 3764, ""quote"": "":::warning Felix is not clear on the distinction between \""edition error\"" and \""hard deprecation\"".""}]",model_drafted_unreviewed,,
validation,parsed,prose,validation-03,validation-03-q07,Should style choices be embedded into rustc according to Felix?,"[""no""]",True,"No, Felix believes that style choices should not be embedded into rustc at all and should be migrated to Clippy and rustfmt instead.",True,value_mismatch,https://github.com/rust-lang/lang-team/blob/cf7fec8b0fb6b9ad85b0cb3d50566f0b0847f8f9/design-meeting-minutes/2022-03-30-lints.md,"[{""start"": 10506, ""end"": 10631, ""quote"": ""Arguably style choices should not be embedded into rustc at all[^pretty], and should all be migrated to Clippy and `rustfmt`.""}]",model_drafted_unreviewed,,
validation,parsed,prose,validation-03,validation-03-q09,Is there a proposal to delegate lint work to subteams?,"[""yes""]",True,"Yes, there is a proposal to delegate lint work to subteams, especially for categories like expressly-clean lints which are pedagogical and uniformly-clean lints which are subjective style matters.",True,value_mismatch,https://github.com/rust-lang/lang-team/blob/cf7fec8b0fb6b9ad85b0cb3d50566f0b0847f8f9/design-meeting-minutes/2022-03-30-lints.md,"[{""start"": 8444, ""end"": 8534, ""quote"": ""The T-lang design team is already over-extended, and should delegate whatever work it can.""}]",model_drafted_unreviewed,,
validation,parsed,prose,validation-03,validation-03-q10,Is there a mention of telemetry data confirming lint effectiveness?,"[""not found""]",False,"No, the document explicitly states that there is no compiler telemetry to confirm the signal-to-noise ratio of error-heuristic lints.",True,unsupported_answer,https://github.com/rust-lang/lang-team/blob/cf7fec8b0fb6b9ad85b0cb3d50566f0b0847f8f9/design-meeting-minutes/2022-03-30-lints.md,"[{""start"": 11251, ""end"": 11310, ""quote"": ""* We have no compiler telemetry, so what are we relying on?""}]",model_drafted_unreviewed,,
validation,parsed,prose,validation-04,validation-04-q02,What does perfect derive change about trait derive?,"[""change derive to generate an impl with one where clause per field""]",True,"Perfect derive changes trait derive so that it figures out exactly the bounds that are needed for each field, rather than assuming that all generic parameters must satisfy the trait. Instead of requiring a blanket bound like `T: Clone`, it generates an implementation with one where clause per field, reflecting the actual trait requirements of each field's type.",True,value_mismatch,https://github.com/rust-lang/lang-team/blob/cf7fec8b0fb6b9ad85b0cb3d50566f0b0847f8f9/design-meeting-minutes/2022-04-12-implied-bounds-and-perfect-derive.md,"[{""start"": 3839, ""end"": 3950, ""quote"": ""With *perfect derive*, we would change the derive to generate an impl with one where clause per field, instead.""}]",model_drafted_unreviewed,,
validation,parsed,prose,validation-04,validation-04-q04,Is perfect derive currently sound?,"[""yes""]",True,"No, perfect derive was not sound until recently; the meeting facts state that making perfect derive sound was tricky, but now it can be done with a new formulation of the Rust trait checker.",True,value_mismatch,https://github.com/rust-lang/lang-team/blob/cf7fec8b0fb6b9ad85b0cb3d50566f0b0847f8f9/design-meeting-minutes/2022-04-12-implied-bounds-and-perfect-derive.md,"[{""start"": 4886, ""end"": 4942, ""quote"": ""For now, though, let’s just assume we can do it soundly.""}]",model_drafted_unreviewed,,
validation,parsed,prose,validation-04,validation-04-q06,What is the maximal proposal for expanded implied bounds?,"[""expand implied bounds to any where-clause at all""]",True,The maximal proposal for expanded implied bounds is to expand implied bounds from supertraits and lifetimes to any where-clause at all.,True,value_mismatch,https://github.com/rust-lang/lang-team/blob/cf7fec8b0fb6b9ad85b0cb3d50566f0b0847f8f9/design-meeting-minutes/2022-04-12-implied-bounds-and-perfect-derive.md,"[{""start"": 6978, ""end"": 7116, ""quote"": ""The most maximal version of this proposal would expand those implied bounds from supertraits and lifetimes to **any where-clause at all**.""}]",model_drafted_unreviewed,,
validation,parsed,prose,validation-04,validation-04-q07,Do expanded implied bounds introduce or expand semver hazards?,"[""yes""]",True,Expanded implied bounds introduce a new semver hazard or expand an existing semver hazard.,True,value_mismatch,https://github.com/rust-lang/lang-team/blob/cf7fec8b0fb6b9ad85b0cb3d50566f0b0847f8f9/design-meeting-minutes/2022-04-12-implied-bounds-and-perfect-derive.md,"[{""start"": 7148, ""end"": 7305, ""quote"": ""Expanding the set of implied bounds will also introduce a new semver hazard — or perhaps it would be better to say that is expands an existing semver hazard.""}]",model_drafted_unreviewed,,
validation,parsed,prose,validation-04,validation-04-q10,Is there a mention of a plan to remove bounds from impls being semver compliant?,"[""not found""]",False,"Yes, the meeting facts mention that removing bounds from impls is not semver compliant. Specifically, changing an impl like `impl<T: Copy> MyTrait for Vec<T>` to `impl<T> MyTrait for Vec<T>` introduces a new blanket impl, which is not semver compliant.",True,unsupported_answer,https://github.com/rust-lang/lang-team/blob/cf7fec8b0fb6b9ad85b0cb3d50566f0b0847f8f9/design-meeting-minutes/2022-04-12-implied-bounds-and-perfect-derive.md,"[{""start"": 8606, ""end"": 8764, ""quote"": ""Interestingly, while it is true that you can remove bounds from a struct (today, at least) and be at semver complaint[^maybe], this is not the case for impls.""}]",model_drafted_unreviewed,,
validation,parsed,prose,validation-05,validation-05-q01,Who proposed to stabilize now and incrementally improve?,"[""jackh726, nikomatsakis""]",True,nikomatsakis,True,value_mismatch,https://github.com/rust-lang/lang-team/blob/cf7fec8b0fb6b9ad85b0cb3d50566f0b0847f8f9/design-meeting-minutes/2022-08-31-gat-stabilization.md,"[{""start"": 774, ""end"": 906, ""quote"": ""* Stabilize now and incrementally improve * Areas that need improvement: * Syntax is awkward (easy implementation, but it's syntax).""}]",model_drafted_unreviewed,,
validation,parsed,prose,validation-05,validation-05-q07,What is stabilized regarding associated types in traits/impls?,"[""Associated types in traits/impls can have type parameters, where-clauses""]",True,"The stabilization includes the ability to have generics on associated types in traits and impls, allowing associated types to have type parameters and where-clauses. Where-clauses on associated types are accepted regardless of whether the associated type is generic or not, and these where-clauses must be proven whenever the associated type is used. When implementing the trait, the generic parameters that appeared in the trait must be repeated in the impl. Additionally, where-clauses in impls must be a subset of those in the trait, similar to generic methods.",True,value_mismatch,https://github.com/rust-lang/lang-team/blob/cf7fec8b0fb6b9ad85b0cb3d50566f0b0847f8f9/design-meeting-minutes/2022-08-31-gat-stabilization.md,"[{""start"": 5144, ""end"": 5220, ""quote"": ""### Associated types in traits/impls can have type parameters, where-clauses""}]",model_drafted_unreviewed,,
validation,parsed,prose,validation-05,validation-05-q09,Is there a proposal to rethink GATs entirely?,"[""not found""]",False,"Yes, there is a proposal to rethink GATs entirely. The document mentions the option to abandon GATs and offer sugar that makes use of them, like async fn in traits or return-position impl trait in traits. However, it also notes that at this point, nobody is arguing this position, but it is worth pointing out due to certain patterns where GATs are natural.",True,unsupported_answer,https://github.com/rust-lang/lang-team/blob/cf7fec8b0fb6b9ad85b0cb3d50566f0b0847f8f9/design-meeting-minutes/2022-08-31-gat-stabilization.md,"[{""start"": 4028, ""end"": 4185, ""quote"": ""* Rethink GATs entirely * We could abandon GATs and just offer sugar that makes use of them, like async fn in traits or return-position impl trait in traits.""}]",model_drafted_unreviewed,,
validation,parsed,prose,validation-05,validation-05-q10,Is there a decision to abandon GATs and only offer sugar like async fn in traits?,"[""not found""]",False,No,True,unsupported_answer,https://github.com/rust-lang/lang-team/blob/cf7fec8b0fb6b9ad85b0cb3d50566f0b0847f8f9/design-meeting-minutes/2022-08-31-gat-stabilization.md,"[{""start"": 4028, ""end"": 4185, ""quote"": ""* Rethink GATs entirely * We could abandon GATs and just offer sugar that makes use of them, like async fn in traits or return-position impl trait in traits.""}]",model_drafted_unreviewed,,
validation,parsed,prose,validation-06,validation-06-q01,Who proposed stabilizing the strict provenance APIs?,"[""Jakob""]",True,Ralf,True,value_mismatch,https://github.com/rust-lang/lang-team/blob/cf7fec8b0fb6b9ad85b0cb3d50566f0b0847f8f9/design-meeting-minutes/2022-10-05-provenance.md,"[{""start"": 3701, ""end"": 3957, ""quote"": ""- Stably acknowledge the existence of provenance, ie acknowledge that the answer to the question in the title is \""yes\"" - Stabilize the following methods: `pointer::addr`, `pointer::with_addr`, `ptr::map_addr`, `core::ptr::invalid`, `core::ptr::invalid_mut`""}]",model_drafted_unreviewed,,
validation,parsed,prose,validation-06,validation-06-q03,Did Ralf agree to stabilize invalid/invalid_mut now?,"[""No"", ""defer""]",True,"No, Ralf said to defer this for future meetings.",True,value_mismatch,https://github.com/rust-lang/lang-team/blob/cf7fec8b0fb6b9ad85b0cb3d50566f0b0847f8f9/design-meeting-minutes/2022-10-05-provenance.md,"[{""start"": 6406, ""end"": 6606, ""quote"": ""- Gary: Can we define a ZST deref to pointers with `invalid` provenance as UB and have a special provenance for ZSTs that allow dangling use of it in `Vec`? - Ralf says defer this for future meetings.""}]",model_drafted_unreviewed,,
validation,parsed,prose,validation-06,validation-06-q05,Does pointer comparison take provenance into account?,"[""No""]",True,"No, pointer comparison ignores provenance.",True,value_mismatch,https://github.com/rust-lang/lang-team/blob/cf7fec8b0fb6b9ad85b0cb3d50566f0b0847f8f9/design-meeting-minutes/2022-10-05-provenance.md,"[{""start"": 9030, ""end"": 9082, ""quote"": ""Ralf: No, it doesn't; comparison ignores provenance.""}]",model_drafted_unreviewed,,
validation,parsed,prose,validation-06,validation-06-q06,Did Josh say we should have expose methods?,"[""Yes, we should""]",True,yes,True,value_mismatch,https://github.com/rust-lang/lang-team/blob/cf7fec8b0fb6b9ad85b0cb3d50566f0b0847f8f9/design-meeting-minutes/2022-10-05-provenance.md,"[{""start"": 9182, ""end"": 9203, ""quote"": ""Josh: Yes, we should.""}]",model_drafted_unreviewed,,
validation,parsed,prose,validation-06,validation-06-q07,Is there a clear final model decided for provenance?,"[""not found""]",False,"No, the final model is not determined yet.",True,unsupported_answer,https://github.com/rust-lang/lang-team/blob/cf7fec8b0fb6b9ad85b0cb3d50566f0b0847f8f9/design-meeting-minutes/2022-10-05-provenance.md,"[{""start"": 909, ""end"": 1055, ""quote"": ""To emphasize: It is not the goal of this meeting to discuss which kind of provenance we should have, only to discuss whether we should have *any*.""}]",model_drafted_unreviewed,,
validation,parsed,prose,validation-06,validation-06-q08,Is there an option to turn off LLVM's allocation level provenance?,"[""not found""]",False,no,True,unsupported_answer,https://github.com/rust-lang/lang-team/blob/cf7fec8b0fb6b9ad85b0cb3d50566f0b0847f8f9/design-meeting-minutes/2022-10-05-provenance.md,"[{""start"": 3194, ""end"": 3359, ""quote"": ""As far as I know there is no option to turn this off, and the assumptions are sufficiently widespread that it is unlikely that we could convince upstream to add one.""}]",model_drafted_unreviewed,,
validation,parsed,prose,validation-06,validation-06-q09,Can invalid/invalid_mut be used with embedded fixed address memory?,"[""Probably not""]",True,"No, invalid/invalid_mut probably cannot be used with embedded fixed address memory as there is no good story for these kinds of allocations yet, according to Jakob.",True,value_mismatch,https://github.com/rust-lang/lang-team/blob/cf7fec8b0fb6b9ad85b0cb3d50566f0b0847f8f9/design-meeting-minutes/2022-10-05-provenance.md,"[{""start"": 6607, ""end"": 6718, ""quote"": ""- Q: Can this be used with embedded when I know there is some memory at a fixed address? - Jakob: Probably not.""}]",model_drafted_unreviewed,,
validation,parsed,prose,validation-06,validation-06-q10,Are the proposed APIs required to write correct code?,"[""No""]",True,"No, the proposed APIs are not required to write correct code.",True,value_mismatch,https://github.com/rust-lang/lang-team/blob/cf7fec8b0fb6b9ad85b0cb3d50566f0b0847f8f9/design-meeting-minutes/2022-10-05-provenance.md,"[{""start"": 4601, ""end"": 4712, ""quote"": ""We are not suggesting any change to the memory model that would make these APIs required to write correct code.""}]",model_drafted_unreviewed,,
validation,parsed,prose,validation-07,validation-07-q01,Who is considering investing effort in developing a specification language for Rust?,"[""language team""]",True,unspecified,True,value_mismatch,https://github.com/rust-lang/lang-team/blob/cf7fec8b0fb6b9ad85b0cb3d50566f0b0847f8f9/design-meeting-minutes/2022-11-25-contracts.md,"[{""start"": 439, ""end"": 523, ""quote"": ""We are considering investing effort in developing a specification language for Rust.""}]",model_drafted_unreviewed,,
validation,parsed,prose,validation-07,validation-07-q02,What is the first step in the draft roadmap?,"[""Terminology""]",True,"Get a general sense of what the desired goals for specifications are, and their relative importance to the rust community.",True,value_mismatch,https://github.com/rust-lang/lang-team/blob/cf7fec8b0fb6b9ad85b0cb3d50566f0b0847f8f9/design-meeting-minutes/2022-11-25-contracts.md,"[{""start"": 4923, ""end"": 5035, ""quote"": ""0. Terminology. Define terms and their meanings, inheriting what we can from existing tools and other languages.""}]",model_drafted_unreviewed,,
validation,parsed,prose,validation-07,validation-07-q05,Are contracts intended to be compiled and checked at run-time only?,"[""no""]",True,not found,False,wrong_abstention,https://github.com/rust-lang/lang-team/blob/cf7fec8b0fb6b9ad85b0cb3d50566f0b0847f8f9/design-meeting-minutes/2022-11-25-contracts.md,"[{""start"": 9853, ""end"": 10003, ""quote"": ""The design of a contract language is influenced by the competing demands of expressiveness, simplicity, and ease of adoption into developer workflows.""}]",model_drafted_unreviewed,,
validation,parsed,prose,validation-07,validation-07-q06,Who is the assignee for deciding how to deal with static mutable state?,"[""language team""]",True,not found,False,wrong_abstention,https://github.com/rust-lang/lang-team/blob/cf7fec8b0fb6b9ad85b0cb3d50566f0b0847f8f9/design-meeting-minutes/2022-11-25-contracts.md,"[{""start"": 5349, ""end"": 5397, ""quote"": ""3. Decide how to deal with static mutable state.""}]",model_drafted_unreviewed,,
validation,parsed,prose,validation-07,validation-07-q07,Is there a decision to support only static checking for contracts?,"[""not found""]",False,no,True,unsupported_answer,https://github.com/rust-lang/lang-team/blob/cf7fec8b0fb6b9ad85b0cb3d50566f0b0847f8f9/design-meeting-minutes/2022-11-25-contracts.md,"[{""start"": 5036, ""end"": 5071, ""quote"": ""1. Decide: static, dynamic or both?""}]",model_drafted_unreviewed,,
validation,parsed,prose,validation-07,validation-07-q08,Is there an agreement that contracts should be marked as either contract or debug_contract?,"[""not found""]",False,no,True,unsupported_answer,https://github.com/rust-lang/lang-team/blob/cf7fec8b0fb6b9ad85b0cb3d50566f0b0847f8f9/design-meeting-minutes/2022-11-25-contracts.md,"[{""start"": 9154, ""end"": 9230, ""quote"": ""we propose that contracts be marked as either `contract` or `debug_contract`""}]",model_drafted_unreviewed,,
validation,parsed,prose,validation-07,validation-07-q09,When did the RFC start?,"[""25th November 2022""]",True,not found,False,wrong_abstention,https://github.com/rust-lang/lang-team/blob/cf7fec8b0fb6b9ad85b0cb3d50566f0b0847f8f9/design-meeting-minutes/2022-11-25-contracts.md,"[{""start"": 56, ""end"": 86, ""quote"": ""Start Date: 25th November 2022""}]",model_drafted_unreviewed,,
validation,parsed,prose,validation-07,validation-07-q10,Is the RFC PR number specified?,"[""TBD""]",True,not found,False,wrong_abstention,https://github.com/rust-lang/lang-team/blob/cf7fec8b0fb6b9ad85b0cb3d50566f0b0847f8f9/design-meeting-minutes/2022-11-25-contracts.md,"[{""start"": 89, ""end"": 100, ""quote"": ""RFC PR: TBD""}]",model_drafted_unreviewed,,
validation,parsed,prose,validation-08,validation-08-q02,What is the minimal acceptable form of Contracts supposed to provide over?,"[""mere assert!""]",True,not found,False,wrong_abstention,https://github.com/rust-lang/lang-team/blob/cf7fec8b0fb6b9ad85b0cb3d50566f0b0847f8f9/design-meeting-minutes/2023-01-08-lang-team-questions-around-contracts.md,"[{""start"": 2979, ""end"": 3070, ""quote"": ""**Q2:** What would your *minimal acceptable form* of Contracts provide over mere `assert!`?""}]",model_drafted_unreviewed,,
validation,parsed,prose,validation-08,validation-08-q03,Who suggested automatic injection of checks from trait definitions into object code?,"[""pnkfelix""]",True,not found,False,wrong_abstention,https://github.com/rust-lang/lang-team/blob/cf7fec8b0fb6b9ad85b0cb3d50566f0b0847f8f9/design-meeting-minutes/2023-01-08-lang-team-questions-around-contracts.md,"[{""start"": 3214, ""end"": 3414, ""quote"": ""* Automatic injection of checks provided by trait definition into object code of (every) corresponding impl * Automatic generation of test inputs and corresponding validity checks of resulting outputs""}]",model_drafted_unreviewed,,
validation,parsed,prose,validation-08,validation-08-q04,Is there agreement that contracts could provide guarantees that the program could rely on?,"[""yes""]",True,not found,False,wrong_abstention,https://github.com/rust-lang/lang-team/blob/cf7fec8b0fb6b9ad85b0cb3d50566f0b0847f8f9/design-meeting-minutes/2023-01-08-lang-team-questions-around-contracts.md,"[{""start"": 10521, ""end"": 10601, ""quote"": ""Contracts *could*, in theory, provide guarantees that the program could rely on.""}]",model_drafted_unreviewed,,
validation,parsed,prose,validation-08,validation-08-q05,Does pnkfelix want to require a theorem prover for contracts?,"[""no""]",True,not found,False,wrong_abstention,https://github.com/rust-lang/lang-team/blob/cf7fec8b0fb6b9ad85b0cb3d50566f0b0847f8f9/design-meeting-minutes/2023-01-08-lang-team-questions-around-contracts.md,"[{""start"": 9071, ""end"": 9114, ""quote"": ""I don't want to *require* a theorem prover.""}]",model_drafted_unreviewed,,
validation,parsed,prose,validation-08,validation-08-q09,Are contracts primarily intended as a documentation tool according to pnkfelix?,"[""no""]",True,not found,False,wrong_abstention,https://github.com/rust-lang/lang-team/blob/cf7fec8b0fb6b9ad85b0cb3d50566f0b0847f8f9/design-meeting-minutes/2023-01-08-lang-team-questions-around-contracts.md,"[{""start"": 2088, ""end"": 2483, ""quote"": ""if blame is assigned to a party, then it will be assigned correctly (a kind of \""blame soundness\"")? will blame always be assigned to some party (a kind of \""blame completeness\"") * a documentation tool? * (pnkfelix: This is an oft-touted benefit of contracts, but its hard to believe the effort spent developing a contract system would pay off if improved documentation were the *primary* purpose.)""}]",model_drafted_unreviewed,,
validation,parsed,prose,validation-08,validation-08-q10,Is there a proposal to automatically generate test inputs and validity checks for contracts?,"[""yes""]",True,not found,False,wrong_abstention,https://github.com/rust-lang/lang-team/blob/cf7fec8b0fb6b9ad85b0cb3d50566f0b0847f8f9/design-meeting-minutes/2023-01-08-lang-team-questions-around-contracts.md,"[{""start"": 3214, ""end"": 3414, ""quote"": ""* Automatic injection of checks provided by trait definition into object code of (every) corresponding impl * Automatic generation of test inputs and corresponding validity checks of resulting outputs""}]",model_drafted_unreviewed,,
validation,parsed,prose,validation-09,validation-09-q01,Who proposed the design principles to guide the decision on temporary lifetimes?,"[""author""]",True,The author of the document (implied proposer),True,value_mismatch,https://github.com/rust-lang/lang-team/blob/cf7fec8b0fb6b9ad85b0cb3d50566f0b0847f8f9/design-meeting-minutes/2023-03-15-temporary-lifetimes.md,"[{""start"": 294, ""end"": 358, ""quote"": ""I propose the following design principles to guide our decision.""}]",model_drafted_unreviewed,,
validation,parsed,prose,validation-09,validation-09-q02,When are temporaries dropped by default according to current rules?,"[""at the end of the innermost enclosing statement"", ""at the next semicolon""]",True,"By default, temporaries are dropped at the end of the innermost enclosing statement, which is often summarized as 'at the next semicolon'. However, temporaries produced in a block's tail expression are dropped at the end of the statement that encloses the block.",True,value_mismatch,https://github.com/rust-lang/lang-team/blob/cf7fec8b0fb6b9ad85b0cb3d50566f0b0847f8f9/design-meeting-minutes/2023-03-15-temporary-lifetimes.md,"[{""start"": 2035, ""end"": 2231, ""quote"": ""Whenever a temporary is introduced, the default rule is that the temporary is dropped at the end of the innermost enclosing statement; this rule is sometimes summarized as \""at the next semicolon\"".""}]",model_drafted_unreviewed,,
validation,parsed,prose,validation-09,validation-09-q03,Does the document propose to keep the equivalence that `E` and `{E}` have the same temporary lifetimes?,"[""no""]",True,"No, the document proposes dropping the equivalence that `E` and `{E}` have the same temporary lifetimes as of Rust 2024.",True,value_mismatch,https://github.com/rust-lang/lang-team/blob/cf7fec8b0fb6b9ad85b0cb3d50566f0b0847f8f9/design-meeting-minutes/2023-03-15-temporary-lifetimes.md,"[{""start"": 1123, ""end"": 1314, ""quote"": ""Today, the rules *also* ensure that `E` and `{E}`, for any expression `E`, result in temporaries with the same lifetimes, but this document proposes dropping that equivalence as of Rust 2024.""}]",model_drafted_unreviewed,,
validation,parsed,prose,validation-09,validation-09-q09,Is the equivalence between `E` and `(E)` for temporary lifetimes proposed to be dropped?,"[""not found""]",False,"No, the rules should ensure that `E` and `(E)` for any expression `E` result in temporaries with the same lifetimes. The document proposes dropping the equivalence between `E` and `{E}`, not between `E` and `(E)`.",True,unsupported_answer,https://github.com/rust-lang/lang-team/blob/cf7fec8b0fb6b9ad85b0cb3d50566f0b0847f8f9/design-meeting-minutes/2023-03-15-temporary-lifetimes.md,"[{""start"": 1123, ""end"": 1314, ""quote"": ""Today, the rules *also* ensure that `E` and `{E}`, for any expression `E`, result in temporaries with the same lifetimes, but this document proposes dropping that equivalence as of Rust 2024.""}]",model_drafted_unreviewed,,
validation,parsed,prose,validation-10,validation-10-q01,Who proposed to stabilize return-position impl trait in Trait quickly?,"[""lang team""]",True,not found,False,wrong_abstention,https://github.com/rust-lang/lang-team/blob/cf7fec8b0fb6b9ad85b0cb3d50566f0b0847f8f9/design-meeting-minutes/2023-05-17-rpitit-stabilization-schedule.md,"[{""start"": 261, ""end"": 311, ""quote"": ""We would like to stabilize it quickly if possible.""}]",model_drafted_unreviewed,,
validation,parsed,prose,validation-10,validation-10-q03,What must impls of traits using `-> impl Trait` do by default?,"[""use `-> impl Trait` with equivalent bounds""]",True,"Impls of traits using `-> impl Trait` must use `-> impl Trait` (or equivalently, `async fn`) and meet the following conditions: the actual type from the impl must meet the bounds in the trait; for each bound Xi in the trait, Xi must be an auto trait that 'leaks' from the actual type used in the impl or be provable for all types for which the impl's return type is true; and the bounds from the trait must imply the bounds from the impl.",True,value_mismatch,https://github.com/rust-lang/lang-team/blob/cf7fec8b0fb6b9ad85b0cb3d50566f0b0847f8f9/design-meeting-minutes/2023-05-17-rpitit-stabilization-schedule.md,"[{""start"": 3920, ""end"": 4043, ""quote"": ""implementations of methods using `impl Trait` in return position must use `-> impl Trait` with equivalent bounds by default""}]",model_drafted_unreviewed,,
validation,parsed,prose,validation-10,validation-10-q04,Can impls specify more precise return types using `#[refine]`?,"[""yes"", ""Yes""]",True,no,True,value_mismatch,https://github.com/rust-lang/lang-team/blob/cf7fec8b0fb6b9ad85b0cb3d50566f0b0847f8f9/design-meeting-minutes/2023-05-17-rpitit-stabilization-schedule.md,"[{""start"": 5136, ""end"": 5219, ""quote"": ""Impls can also specify more precise types for the return type by using `#[refine]`.""}]",model_drafted_unreviewed,,
validation,parsed,prose,validation-10,validation-10-q08,Is it agreed that RPITITs reduce flexibility compared to normal associated types?,"[""yes"", ""Yes""]",True,not found,False,wrong_abstention,https://github.com/rust-lang/lang-team/blob/cf7fec8b0fb6b9ad85b0cb3d50566f0b0847f8f9/design-meeting-minutes/2023-05-17-rpitit-stabilization-schedule.md,"[{""start"": 8899, ""end"": 8979, ""quote"": ""RPITITs work against maximum flexibility, as compared to normal associated types""}]",model_drafted_unreviewed,,
validation,parsed,prose,validation-10,validation-10-q09,Is there a plan to stabilize the full `#[refine]` mechanism now?,"[""not found""]",False,no,True,unsupported_answer,https://github.com/rust-lang/lang-team/blob/cf7fec8b0fb6b9ad85b0cb3d50566f0b0847f8f9/design-meeting-minutes/2023-05-17-rpitit-stabilization-schedule.md,"[{""start"": 7245, ""end"": 7357, ""quote"": ""`#[refine]` would not be stabilized * traits that use `-> impl Trait` would require impls to use `-> impl Trait`""}]",model_drafted_unreviewed,,
validation,parsed,prose,validation-11,validation-11-q02,Who intends to ship a proc-macro to reduce boilerplate?,"[""async WG""]",True,The async WG intends to ship a proc-macro to reduce boilerplate.,True,value_mismatch,https://github.com/rust-lang/lang-team/blob/cf7fec8b0fb6b9ad85b0cb3d50566f0b0847f8f9/design-meeting-minutes/2023-05-24-return-type-notation.md,"[{""start"": 2167, ""end"": 2313, ""quote"": ""// We intend to ship a proc-macro // to reduce boilerplate in the // short-term (discussed below) // and pursue other solutions in // longer term.""}]",model_drafted_unreviewed,,
validation,parsed,prose,validation-11,validation-11-q05,Who plans to create trait aliases like `SendHealthCheck`?,"[""developers""]",True,A number of the developers we spoke with,True,value_mismatch,https://github.com/rust-lang/lang-team/blob/cf7fec8b0fb6b9ad85b0cb3d50566f0b0847f8f9/design-meeting-minutes/2023-05-24-return-type-notation.md,"[{""start"": 4930, ""end"": 5018, ""quote"": ""A number of the developers we spoke with described plans to create aliases of this kind.""}]",model_drafted_unreviewed,,
validation,parsed,prose,validation-11,validation-11-q06,Is the syntax `foo()` in return type notation an actual function call?,"[""no""]",True,"No, the syntax `foo()` in return type notation is not an actual function call; it is interpreted as a type in a where clause context.",True,value_mismatch,https://github.com/rust-lang/lang-team/blob/cf7fec8b0fb6b9ad85b0cb3d50566f0b0847f8f9/design-meeting-minutes/2023-05-24-return-type-notation.md,"[{""start"": 6433, ""end"": 6478, ""quote"": ""### Confusing, confusable with const generics""}]",model_drafted_unreviewed,,
validation,parsed,prose,validation-11,validation-11-q09,Has the async WG found that writing `HealthCheck<check(): Send> + Send + 'static` feels optimal for complex cases?,"[""no""]",True,"No, the async WG found that writing `HealthCheck<check(): Send> + Send + 'static` still felt suboptimal for complex cases.",True,value_mismatch,https://github.com/rust-lang/lang-team/blob/cf7fec8b0fb6b9ad85b0cb3d50566f0b0847f8f9/design-meeting-minutes/2023-05-24-return-type-notation.md,"[{""start"": 4277, ""end"": 4502, ""quote"": ""We found that it was easy to explain and it works \""OK\"" for simple cases, like the one shown above, though writing `HealthCheck<check(): Send> + Send + 'static` still felt suboptimal (how many times do we have to say `Send`?).""}]",model_drafted_unreviewed,,
validation,parsed,prose,validation-11,validation-11-q10,Is there a plan to permit local variables and other expressions like `c()` in return type notation soon?,"[""not found""]",False,"No, permitting local variables and other expressions like `c()` in return type notation is considered pretty hard and is likely out of scope for all time.",True,unsupported_answer,https://github.com/rust-lang/lang-team/blob/cf7fec8b0fb6b9ad85b0cb3d50566f0b0847f8f9/design-meeting-minutes/2023-05-24-return-type-notation.md,"[{""start"": 10130, ""end"": 10187, ""quote"": ""* Permit local variables and other expressions like `c()`""}]",model_drafted_unreviewed,,
validation,parsed,prose,validation-12,validation-12-q02,What does RFC 2515 propose?,"[""`impl Trait` syntax be allowed in type aliases and in associated types""]",True,RFC 2515 proposes that `impl Trait` syntax be allowed in type aliases and in associated types in Rust. This feature helps API designers avoid leaking unwanted implementation details and closes certain fundamental expressiveness gaps in the language.,True,value_mismatch,https://github.com/rust-lang/lang-team/blob/cf7fec8b0fb6b9ad85b0cb3d50566f0b0847f8f9/design-meeting-minutes/2023-05-31-TAIT-stabilization.md,"[{""start"": 95, ""end"": 189, ""quote"": ""That RFC proposed that `impl Trait` syntax be allowed in type aliases and in associated types.""}]",model_drafted_unreviewed,,
validation,parsed,prose,validation-12,validation-12-q09,Is there an explicit deadline for stabilizing TAIT mentioned in the excerpt?,"[""not found""]",False,no,True,unsupported_answer,https://github.com/rust-lang/lang-team/blob/cf7fec8b0fb6b9ad85b0cb3d50566f0b0847f8f9/design-meeting-minutes/2023-05-31-TAIT-stabilization.md,"[{""start"": 352, ""end"": 412, ""quote"": ""We would like to stabilize this feature quickly if possible.""}]",model_drafted_unreviewed,,
validation,parsed,prose,validation-12,validation-12-q10,Is there a disagreement about the usefulness of TAIT in the excerpt?,"[""not found""]",False,"No, there is no disagreement about the usefulness of TAIT in the excerpt. The document consistently presents TAIT as a valuable feature that closes expressiveness gaps and improves API design.",True,unsupported_answer,https://github.com/rust-lang/lang-team/blob/cf7fec8b0fb6b9ad85b0cb3d50566f0b0847f8f9/design-meeting-minutes/2023-05-31-TAIT-stabilization.md,"[{""start"": 190, ""end"": 221, ""quote"": ""This is a long-awaited feature.""}]",model_drafted_unreviewed,,
validation,parsed,english,validation-01,validation-01-q01,What is the name of the approach proposed for async fn in dyn traits?,"[""Return Position Impl Trait in Dyn Trait"", ""RPITIDT""]",True,Return some wide pointer,True,value_mismatch,https://github.com/rust-lang/lang-team/blob/cf7fec8b0fb6b9ad85b0cb3d50566f0b0847f8f9/design-meeting-minutes/2022-03-23-async-fn-and-rpitit.md,"[{""start"": 68, ""end"": 181, ""quote"": ""Describes high-level summary of the \""Return Position Impl Trait in Dyn Trait\"" (RPITIDT) approach that we propose:""}]",model_drafted_unreviewed,,
validation,parsed,english,validation-01,validation-01-q06,Can adapter types override the default allocation strategy?,"[""yes"", ""Yes""]",True,"Yes, adapter types allow functions to override the default allocation strategy used to create the wide pointer returned by async functions invoked through dyn traits.",True,value_mismatch,https://github.com/rust-lang/lang-team/blob/cf7fec8b0fb6b9ad85b0cb3d50566f0b0847f8f9/design-meeting-minutes/2022-03-23-async-fn-and-rpitit.md,"[{""start"": 5839, ""end"": 5920, ""quote"": ""Adapter types allow functions to \""override\"" the choice to meet their local needs.""}]",model_drafted_unreviewed,,
validation,parsed,english,validation-01,validation-01-q08,Does the excerpt mention a specific deadline for shipping the design?,"[""not found""]",False,Ship this year,True,unsupported_answer,https://github.com/rust-lang/lang-team/blob/cf7fec8b0fb6b9ad85b0cb3d50566f0b0847f8f9/design-meeting-minutes/2022-03-23-async-fn-and-rpitit.md,"[{""start"": 4781, ""end"": 4799, ""quote"": ""### Ship this year""}]",model_drafted_unreviewed,,
validation,parsed,english,validation-01,validation-01-q09,"Is there a proposal to use a ""small box"" type as the primary design?","[""not found""]",False,"No, the proposal to use a ""small box"" type as the primary design was considered but rejected for several reasons, including the difficulty in setting the right threshold, the large size of futures, and the non-canonical nature of such a type.",True,unsupported_answer,https://github.com/rust-lang/lang-team/blob/cf7fec8b0fb6b9ad85b0cb3d50566f0b0847f8f9/design-meeting-minutes/2022-03-23-async-fn-and-rpitit.md,"[{""start"": 7085, ""end"": 7133, ""quote"": ""### Return a fixed number of bytes (\""small box\"")""}]",model_drafted_unreviewed,,
validation,parsed,english,validation-01,validation-01-q10,Does the excerpt state that the caller decides the allocation strategy?,"[""not found""]",False,no,True,unsupported_answer,https://github.com/rust-lang/lang-team/blob/cf7fec8b0fb6b9ad85b0cb3d50566f0b0847f8f9/design-meeting-minutes/2022-03-23-async-fn-and-rpitit.md,"[{""start"": 8873, ""end"": 9032, ""quote"": ""Intuitively, it may seem like letting the caller decide the allocation strategy is a correct approach, because the caller has more information than the callee.""}]",model_drafted_unreviewed,,
validation,parsed,english,validation-02,validation-02-q02,Is it agreed that Rust the language should be more conservative in its lint choices?,"[""yes""]",True,not found,False,wrong_abstention,https://github.com/rust-lang/lang-team/blob/cf7fec8b0fb6b9ad85b0cb3d50566f0b0847f8f9/design-meeting-minutes/2022-03-30-lint-policy.md,"[{""start"": 251, ""end"": 476, ""quote"": ""It is healthy for the *Rust Project* (including specifically tools like Clippy) to be opinionated and make subjective choices on behalf of its developers, but Rust the language should be more conservative in its choices here.""}]",model_drafted_unreviewed,,
validation,parsed,english,validation-02,validation-02-q03,Which category of lints remains a T-lang concern and must be part of the compiler?,"[""future-proofing""]",True,not found,False,wrong_abstention,https://github.com/rust-lang/lang-team/blob/cf7fec8b0fb6b9ad85b0cb3d50566f0b0847f8f9/design-meeting-minutes/2022-03-30-lint-policy.md,"[{""start"": 9080, ""end"": 9295, ""quote"": ""All of the [future-proofing][] lints (\""flagging code that a future release of Rust will reject\"") remain a T-lang concern: they tie directly into what code is accepted/rejected, and *need* to be part of the compiler.""}]",model_drafted_unreviewed,,
validation,parsed,english,validation-02,validation-02-q04,Who is proposed to handle expressly-clean lints instead of the Rust lang design team?,"[""Clippy or a different subteam with pedagogy as their core focus""]",True,not found,False,wrong_abstention,https://github.com/rust-lang/lang-team/blob/cf7fec8b0fb6b9ad85b0cb3d50566f0b0847f8f9/design-meeting-minutes/2022-03-30-lint-policy.md,"[{""start"": 9475, ""end"": 9576, ""quote"": ""But: Felix worries that we do not have bandwidth on our team to properly handle pedagogical concerns.""}]",model_drafted_unreviewed,,
validation,parsed,english,validation-02,validation-02-q06,What is proposed to be done with style choices currently embedded in rustc?,"[""migrated to Clippy and rustfmt""]",True,Style choices should be migrated to Clippy and rustfmt and not embedded into rustc.,True,value_mismatch,https://github.com/rust-lang/lang-team/blob/cf7fec8b0fb6b9ad85b0cb3d50566f0b0847f8f9/design-meeting-minutes/2022-03-30-lint-policy.md,"[{""start"": 10506, ""end"": 10631, ""quote"": ""Arguably style choices should not be embedded into rustc at all[^pretty], and should all be migrated to Clippy and `rustfmt`.""}]",model_drafted_unreviewed,,
validation,parsed,english,validation-02,validation-02-q07,Who is assigned to delegate work on lints representing a rich opportunity for delegation?,"[""T-lang design team""]",True,not found,False,wrong_abstention,https://github.com/rust-lang/lang-team/blob/cf7fec8b0fb6b9ad85b0cb3d50566f0b0847f8f9/design-meeting-minutes/2022-03-30-lint-policy.md,"[{""start"": 8442, ""end"": 8534, ""quote"": ""* The T-lang design team is already over-extended, and should delegate whatever work it can.""}]",model_drafted_unreviewed,,
validation,parsed,english,validation-02,validation-02-q08,"Is there clarity on the distinction between ""edition error"" and ""hard deprecation""?","[""no""]",True,not found,False,wrong_abstention,https://github.com/rust-lang/lang-team/blob/cf7fec8b0fb6b9ad85b0cb3d50566f0b0847f8f9/design-meeting-minutes/2022-03-30-lint-policy.md,"[{""start"": 3668, ""end"": 3764, ""quote"": "":::warning Felix is not clear on the distinction between \""edition error\"" and \""hard deprecation\"".""}]",model_drafted_unreviewed,,
validation,parsed,english,validation-03,validation-03-q07,Should style choices be embedded into rustc according to Felix?,"[""no""]",True,"No, Felix believes that style choices should not be embedded into rustc at all and should be migrated to Clippy and rustfmt instead.",True,value_mismatch,https://github.com/rust-lang/lang-team/blob/cf7fec8b0fb6b9ad85b0cb3d50566f0b0847f8f9/design-meeting-minutes/2022-03-30-lints.md,"[{""start"": 10506, ""end"": 10631, ""quote"": ""Arguably style choices should not be embedded into rustc at all[^pretty], and should all be migrated to Clippy and `rustfmt`.""}]",model_drafted_unreviewed,,
validation,parsed,english,validation-03,validation-03-q09,Is there a proposal to delegate lint work to subteams?,"[""yes""]",True,"Yes, there is a proposal to delegate lint work to subteams, especially for categories like expressly-clean lints which are pedagogical and uniformly-clean lints which are subjective style matters.",True,value_mismatch,https://github.com/rust-lang/lang-team/blob/cf7fec8b0fb6b9ad85b0cb3d50566f0b0847f8f9/design-meeting-minutes/2022-03-30-lints.md,"[{""start"": 8444, ""end"": 8534, ""quote"": ""The T-lang design team is already over-extended, and should delegate whatever work it can.""}]",model_drafted_unreviewed,,
validation,parsed,english,validation-03,validation-03-q10,Is there a mention of telemetry data confirming lint effectiveness?,"[""not found""]",False,"No, the document explicitly states that there is no compiler telemetry to confirm the signal-to-noise ratio of error-heuristic lints.",True,unsupported_answer,https://github.com/rust-lang/lang-team/blob/cf7fec8b0fb6b9ad85b0cb3d50566f0b0847f8f9/design-meeting-minutes/2022-03-30-lints.md,"[{""start"": 11251, ""end"": 11310, ""quote"": ""* We have no compiler telemetry, so what are we relying on?""}]",model_drafted_unreviewed,,
validation,parsed,english,validation-04,validation-04-q02,What does perfect derive change about trait derive?,"[""change derive to generate an impl with one where clause per field""]",True,"Perfect derive changes trait derive so that it figures out exactly the bounds that are needed for each field, rather than assuming that all generic parameters must satisfy the trait. Instead of requiring a blanket bound like `T: Clone`, it generates an implementation with one where clause per field, reflecting the actual trait requirements of each field's type.",True,value_mismatch,https://github.com/rust-lang/lang-team/blob/cf7fec8b0fb6b9ad85b0cb3d50566f0b0847f8f9/design-meeting-minutes/2022-04-12-implied-bounds-and-perfect-derive.md,"[{""start"": 3839, ""end"": 3950, ""quote"": ""With *perfect derive*, we would change the derive to generate an impl with one where clause per field, instead.""}]",model_drafted_unreviewed,,
validation,parsed,english,validation-04,validation-04-q04,Is perfect derive currently sound?,"[""yes""]",True,"No, perfect derive was not sound until recently; the meeting facts state that making perfect derive sound was tricky, but now it can be done with a new formulation of the Rust trait checker.",True,value_mismatch,https://github.com/rust-lang/lang-team/blob/cf7fec8b0fb6b9ad85b0cb3d50566f0b0847f8f9/design-meeting-minutes/2022-04-12-implied-bounds-and-perfect-derive.md,"[{""start"": 4886, ""end"": 4942, ""quote"": ""For now, though, let’s just assume we can do it soundly.""}]",model_drafted_unreviewed,,
validation,parsed,english,validation-04,validation-04-q06,What is the maximal proposal for expanded implied bounds?,"[""expand implied bounds to any where-clause at all""]",True,The maximal proposal for expanded implied bounds is to expand implied bounds from supertraits and lifetimes to any where-clause at all.,True,value_mismatch,https://github.com/rust-lang/lang-team/blob/cf7fec8b0fb6b9ad85b0cb3d50566f0b0847f8f9/design-meeting-minutes/2022-04-12-implied-bounds-and-perfect-derive.md,"[{""start"": 6978, ""end"": 7116, ""quote"": ""The most maximal version of this proposal would expand those implied bounds from supertraits and lifetimes to **any where-clause at all**.""}]",model_drafted_unreviewed,,
validation,parsed,english,validation-04,validation-04-q07,Do expanded implied bounds introduce or expand semver hazards?,"[""yes""]",True,Expanded implied bounds introduce a new semver hazard or expand an existing semver hazard.,True,value_mismatch,https://github.com/rust-lang/lang-team/blob/cf7fec8b0fb6b9ad85b0cb3d50566f0b0847f8f9/design-meeting-minutes/2022-04-12-implied-bounds-and-perfect-derive.md,"[{""start"": 7148, ""end"": 7305, ""quote"": ""Expanding the set of implied bounds will also introduce a new semver hazard — or perhaps it would be better to say that is expands an existing semver hazard.""}]",model_drafted_unreviewed,,
validation,parsed,english,validation-04,validation-04-q10,Is there a mention of a plan to remove bounds from impls being semver compliant?,"[""not found""]",False,"Yes, the meeting facts mention that removing bounds from impls is not semver compliant. Specifically, changing an impl like `impl<T: Copy> MyTrait for Vec<T>` to `impl<T> MyTrait for Vec<T>` introduces a new blanket impl, which is not semver compliant.",True,unsupported_answer,https://github.com/rust-lang/lang-team/blob/cf7fec8b0fb6b9ad85b0cb3d50566f0b0847f8f9/design-meeting-minutes/2022-04-12-implied-bounds-and-perfect-derive.md,"[{""start"": 8606, ""end"": 8764, ""quote"": ""Interestingly, while it is true that you can remove bounds from a struct (today, at least) and be at semver complaint[^maybe], this is not the case for impls.""}]",model_drafted_unreviewed,,
validation,parsed,english,validation-05,validation-05-q01,Who proposed to stabilize now and incrementally improve?,"[""jackh726, nikomatsakis""]",True,nikomatsakis,True,value_mismatch,https://github.com/rust-lang/lang-team/blob/cf7fec8b0fb6b9ad85b0cb3d50566f0b0847f8f9/design-meeting-minutes/2022-08-31-gat-stabilization.md,"[{""start"": 774, ""end"": 906, ""quote"": ""* Stabilize now and incrementally improve * Areas that need improvement: * Syntax is awkward (easy implementation, but it's syntax).""}]",model_drafted_unreviewed,,
validation,parsed,english,validation-05,validation-05-q07,What is stabilized regarding associated types in traits/impls?,"[""Associated types in traits/impls can have type parameters, where-clauses""]",True,"The stabilization includes the ability to have generics on associated types in traits and impls, allowing associated types to have type parameters and where-clauses. Where-clauses on associated types are accepted regardless of whether the associated type is generic or not, and these where-clauses must be proven whenever the associated type is used. When implementing the trait, the generic parameters that appeared in the trait must be repeated in the impl. Additionally, where-clauses in impls must be a subset of those in the trait, similar to generic methods.",True,value_mismatch,https://github.com/rust-lang/lang-team/blob/cf7fec8b0fb6b9ad85b0cb3d50566f0b0847f8f9/design-meeting-minutes/2022-08-31-gat-stabilization.md,"[{""start"": 5144, ""end"": 5220, ""quote"": ""### Associated types in traits/impls can have type parameters, where-clauses""}]",model_drafted_unreviewed,,
validation,parsed,english,validation-05,validation-05-q09,Is there a proposal to rethink GATs entirely?,"[""not found""]",False,"Yes, there is a proposal to rethink GATs entirely. The document mentions the option to abandon GATs and offer sugar that makes use of them, like async fn in traits or return-position impl trait in traits. However, it also notes that at this point, nobody is arguing this position, but it is worth pointing out due to certain patterns where GATs are natural.",True,unsupported_answer,https://github.com/rust-lang/lang-team/blob/cf7fec8b0fb6b9ad85b0cb3d50566f0b0847f8f9/design-meeting-minutes/2022-08-31-gat-stabilization.md,"[{""start"": 4028, ""end"": 4185, ""quote"": ""* Rethink GATs entirely * We could abandon GATs and just offer sugar that makes use of them, like async fn in traits or return-position impl trait in traits.""}]",model_drafted_unreviewed,,
validation,parsed,english,validation-05,validation-05-q10,Is there a decision to abandon GATs and only offer sugar like async fn in traits?,"[""not found""]",False,No,True,unsupported_answer,https://github.com/rust-lang/lang-team/blob/cf7fec8b0fb6b9ad85b0cb3d50566f0b0847f8f9/design-meeting-minutes/2022-08-31-gat-stabilization.md,"[{""start"": 4028, ""end"": 4185, ""quote"": ""* Rethink GATs entirely * We could abandon GATs and just offer sugar that makes use of them, like async fn in traits or return-position impl trait in traits.""}]",model_drafted_unreviewed,,
validation,parsed,english,validation-06,validation-06-q01,Who proposed stabilizing the strict provenance APIs?,"[""Jakob""]",True,Ralf,True,value_mismatch,https://github.com/rust-lang/lang-team/blob/cf7fec8b0fb6b9ad85b0cb3d50566f0b0847f8f9/design-meeting-minutes/2022-10-05-provenance.md,"[{""start"": 3701, ""end"": 3957, ""quote"": ""- Stably acknowledge the existence of provenance, ie acknowledge that the answer to the question in the title is \""yes\"" - Stabilize the following methods: `pointer::addr`, `pointer::with_addr`, `ptr::map_addr`, `core::ptr::invalid`, `core::ptr::invalid_mut`""}]",model_drafted_unreviewed,,
validation,parsed,english,validation-06,validation-06-q03,Did Ralf agree to stabilize invalid/invalid_mut now?,"[""No"", ""defer""]",True,"No, Ralf said to defer this for future meetings.",True,value_mismatch,https://github.com/rust-lang/lang-team/blob/cf7fec8b0fb6b9ad85b0cb3d50566f0b0847f8f9/design-meeting-minutes/2022-10-05-provenance.md,"[{""start"": 6406, ""end"": 6606, ""quote"": ""- Gary: Can we define a ZST deref to pointers with `invalid` provenance as UB and have a special provenance for ZSTs that allow dangling use of it in `Vec`? - Ralf says defer this for future meetings.""}]",model_drafted_unreviewed,,
validation,parsed,english,validation-06,validation-06-q05,Does pointer comparison take provenance into account?,"[""No""]",True,"No, pointer comparison ignores provenance.",True,value_mismatch,https://github.com/rust-lang/lang-team/blob/cf7fec8b0fb6b9ad85b0cb3d50566f0b0847f8f9/design-meeting-minutes/2022-10-05-provenance.md,"[{""start"": 9030, ""end"": 9082, ""quote"": ""Ralf: No, it doesn't; comparison ignores provenance.""}]",model_drafted_unreviewed,,
validation,parsed,english,validation-06,validation-06-q06,Did Josh say we should have expose methods?,"[""Yes, we should""]",True,yes,True,value_mismatch,https://github.com/rust-lang/lang-team/blob/cf7fec8b0fb6b9ad85b0cb3d50566f0b0847f8f9/design-meeting-minutes/2022-10-05-provenance.md,"[{""start"": 9182, ""end"": 9203, ""quote"": ""Josh: Yes, we should.""}]",model_drafted_unreviewed,,
validation,parsed,english,validation-06,validation-06-q07,Is there a clear final model decided for provenance?,"[""not found""]",False,"No, the final model is not determined yet.",True,unsupported_answer,https://github.com/rust-lang/lang-team/blob/cf7fec8b0fb6b9ad85b0cb3d50566f0b0847f8f9/design-meeting-minutes/2022-10-05-provenance.md,"[{""start"": 909, ""end"": 1055, ""quote"": ""To emphasize: It is not the goal of this meeting to discuss which kind of provenance we should have, only to discuss whether we should have *any*.""}]",model_drafted_unreviewed,,
validation,parsed,english,validation-06,validation-06-q08,Is there an option to turn off LLVM's allocation level provenance?,"[""not found""]",False,no,True,unsupported_answer,https://github.com/rust-lang/lang-team/blob/cf7fec8b0fb6b9ad85b0cb3d50566f0b0847f8f9/design-meeting-minutes/2022-10-05-provenance.md,"[{""start"": 3194, ""end"": 3359, ""quote"": ""As far as I know there is no option to turn this off, and the assumptions are sufficiently widespread that it is unlikely that we could convince upstream to add one.""}]",model_drafted_unreviewed,,
validation,parsed,english,validation-06,validation-06-q09,Can invalid/invalid_mut be used with embedded fixed address memory?,"[""Probably not""]",True,"No, invalid/invalid_mut probably cannot be used with embedded fixed address memory as there is no good story for these kinds of allocations yet, according to Jakob.",True,value_mismatch,https://github.com/rust-lang/lang-team/blob/cf7fec8b0fb6b9ad85b0cb3d50566f0b0847f8f9/design-meeting-minutes/2022-10-05-provenance.md,"[{""start"": 6607, ""end"": 6718, ""quote"": ""- Q: Can this be used with embedded when I know there is some memory at a fixed address? - Jakob: Probably not.""}]",model_drafted_unreviewed,,
validation,parsed,english,validation-06,validation-06-q10,Are the proposed APIs required to write correct code?,"[""No""]",True,"No, the proposed APIs are not required to write correct code.",True,value_mismatch,https://github.com/rust-lang/lang-team/blob/cf7fec8b0fb6b9ad85b0cb3d50566f0b0847f8f9/design-meeting-minutes/2022-10-05-provenance.md,"[{""start"": 4601, ""end"": 4712, ""quote"": ""We are not suggesting any change to the memory model that would make these APIs required to write correct code.""}]",model_drafted_unreviewed,,
validation,parsed,english,validation-07,validation-07-q01,Who is considering investing effort in developing a specification language for Rust?,"[""language team""]",True,not found,True,value_mismatch,https://github.com/rust-lang/lang-team/blob/cf7fec8b0fb6b9ad85b0cb3d50566f0b0847f8f9/design-meeting-minutes/2022-11-25-contracts.md,"[{""start"": 439, ""end"": 523, ""quote"": ""We are considering investing effort in developing a specification language for Rust.""}]",model_drafted_unreviewed,,
validation,parsed,english,validation-07,validation-07-q02,What is the first step in the draft roadmap?,"[""Terminology""]",True,"Get a general sense of what the desired goals for specifications are, and their relative importance to the rust community.",True,value_mismatch,https://github.com/rust-lang/lang-team/blob/cf7fec8b0fb6b9ad85b0cb3d50566f0b0847f8f9/design-meeting-minutes/2022-11-25-contracts.md,"[{""start"": 4923, ""end"": 5035, ""quote"": ""0. Terminology. Define terms and their meanings, inheriting what we can from existing tools and other languages.""}]",model_drafted_unreviewed,,
validation,parsed,english,validation-07,validation-07-q05,Are contracts intended to be compiled and checked at run-time only?,"[""no""]",True,not found,False,wrong_abstention,https://github.com/rust-lang/lang-team/blob/cf7fec8b0fb6b9ad85b0cb3d50566f0b0847f8f9/design-meeting-minutes/2022-11-25-contracts.md,"[{""start"": 9853, ""end"": 10003, ""quote"": ""The design of a contract language is influenced by the competing demands of expressiveness, simplicity, and ease of adoption into developer workflows.""}]",model_drafted_unreviewed,,
validation,parsed,english,validation-07,validation-07-q06,Who is the assignee for deciding how to deal with static mutable state?,"[""language team""]",True,not found,False,wrong_abstention,https://github.com/rust-lang/lang-team/blob/cf7fec8b0fb6b9ad85b0cb3d50566f0b0847f8f9/design-meeting-minutes/2022-11-25-contracts.md,"[{""start"": 5349, ""end"": 5397, ""quote"": ""3. Decide how to deal with static mutable state.""}]",model_drafted_unreviewed,,
validation,parsed,english,validation-07,validation-07-q07,Is there a decision to support only static checking for contracts?,"[""not found""]",False,no,True,unsupported_answer,https://github.com/rust-lang/lang-team/blob/cf7fec8b0fb6b9ad85b0cb3d50566f0b0847f8f9/design-meeting-minutes/2022-11-25-contracts.md,"[{""start"": 5036, ""end"": 5071, ""quote"": ""1. Decide: static, dynamic or both?""}]",model_drafted_unreviewed,,
validation,parsed,english,validation-07,validation-07-q08,Is there an agreement that contracts should be marked as either contract or debug_contract?,"[""not found""]",False,no,True,unsupported_answer,https://github.com/rust-lang/lang-team/blob/cf7fec8b0fb6b9ad85b0cb3d50566f0b0847f8f9/design-meeting-minutes/2022-11-25-contracts.md,"[{""start"": 9154, ""end"": 9230, ""quote"": ""we propose that contracts be marked as either `contract` or `debug_contract`""}]",model_drafted_unreviewed,,
validation,parsed,english,validation-07,validation-07-q09,When did the RFC start?,"[""25th November 2022""]",True,not found,False,wrong_abstention,https://github.com/rust-lang/lang-team/blob/cf7fec8b0fb6b9ad85b0cb3d50566f0b0847f8f9/design-meeting-minutes/2022-11-25-contracts.md,"[{""start"": 56, ""end"": 86, ""quote"": ""Start Date: 25th November 2022""}]",model_drafted_unreviewed,,
validation,parsed,english,validation-07,validation-07-q10,Is the RFC PR number specified?,"[""TBD""]",True,not found,False,wrong_abstention,https://github.com/rust-lang/lang-team/blob/cf7fec8b0fb6b9ad85b0cb3d50566f0b0847f8f9/design-meeting-minutes/2022-11-25-contracts.md,"[{""start"": 89, ""end"": 100, ""quote"": ""RFC PR: TBD""}]",model_drafted_unreviewed,,
validation,parsed,english,validation-08,validation-08-q02,What is the minimal acceptable form of Contracts supposed to provide over?,"[""mere assert!""]",True,not found,False,wrong_abstention,https://github.com/rust-lang/lang-team/blob/cf7fec8b0fb6b9ad85b0cb3d50566f0b0847f8f9/design-meeting-minutes/2023-01-08-lang-team-questions-around-contracts.md,"[{""start"": 2979, ""end"": 3070, ""quote"": ""**Q2:** What would your *minimal acceptable form* of Contracts provide over mere `assert!`?""}]",model_drafted_unreviewed,,
validation,parsed,english,validation-08,validation-08-q03,Who suggested automatic injection of checks from trait definitions into object code?,"[""pnkfelix""]",True,not found,False,wrong_abstention,https://github.com/rust-lang/lang-team/blob/cf7fec8b0fb6b9ad85b0cb3d50566f0b0847f8f9/design-meeting-minutes/2023-01-08-lang-team-questions-around-contracts.md,"[{""start"": 3214, ""end"": 3414, ""quote"": ""* Automatic injection of checks provided by trait definition into object code of (every) corresponding impl * Automatic generation of test inputs and corresponding validity checks of resulting outputs""}]",model_drafted_unreviewed,,
validation,parsed,english,validation-08,validation-08-q08,Who is assigned to deliver the document including constraints on answers to Rust contracts design stakeholders?,"[""not found""]",False,pnkfelix,True,unsupported_answer,https://github.com/rust-lang/lang-team/blob/cf7fec8b0fb6b9ad85b0cb3d50566f0b0847f8f9/design-meeting-minutes/2023-01-08-lang-team-questions-around-contracts.md,"[{""start"": 398, ""end"": 602, ""quote"": ""However, if there are some constraints on the answers that T-lang already *knows* it wants to communicate, then we should include that in the document we deliver to the Rust contracts design stakeholders.""}]",model_drafted_unreviewed,,
validation,parsed,english,validation-08,validation-08-q10,Is there a proposal to automatically generate test inputs and validity checks for contracts?,"[""yes""]",True,not found,False,wrong_abstention,https://github.com/rust-lang/lang-team/blob/cf7fec8b0fb6b9ad85b0cb3d50566f0b0847f8f9/design-meeting-minutes/2023-01-08-lang-team-questions-around-contracts.md,"[{""start"": 3214, ""end"": 3414, ""quote"": ""* Automatic injection of checks provided by trait definition into object code of (every) corresponding impl * Automatic generation of test inputs and corresponding validity checks of resulting outputs""}]",model_drafted_unreviewed,,
validation,parsed,english,validation-09,validation-09-q01,Who proposed the design principles to guide the decision on temporary lifetimes?,"[""author""]",True,The author of the document (implied proposer),True,value_mismatch,https://github.com/rust-lang/lang-team/blob/cf7fec8b0fb6b9ad85b0cb3d50566f0b0847f8f9/design-meeting-minutes/2023-03-15-temporary-lifetimes.md,"[{""start"": 294, ""end"": 358, ""quote"": ""I propose the following design principles to guide our decision.""}]",model_drafted_unreviewed,,
validation,parsed,english,validation-09,validation-09-q02,When are temporaries dropped by default according to current rules?,"[""at the end of the innermost enclosing statement"", ""at the next semicolon""]",True,"By default, temporaries are dropped at the end of the innermost enclosing statement, which is often summarized as 'at the next semicolon'. However, temporaries produced in a block's tail expression are dropped at the end of the statement that encloses the block.",True,value_mismatch,https://github.com/rust-lang/lang-team/blob/cf7fec8b0fb6b9ad85b0cb3d50566f0b0847f8f9/design-meeting-minutes/2023-03-15-temporary-lifetimes.md,"[{""start"": 2035, ""end"": 2231, ""quote"": ""Whenever a temporary is introduced, the default rule is that the temporary is dropped at the end of the innermost enclosing statement; this rule is sometimes summarized as \""at the next semicolon\"".""}]",model_drafted_unreviewed,,
validation,parsed,english,validation-09,validation-09-q03,Does the document propose to keep the equivalence that `E` and `{E}` have the same temporary lifetimes?,"[""no""]",True,"No, the document proposes dropping the equivalence that `E` and `{E}` have the same temporary lifetimes as of Rust 2024.",True,value_mismatch,https://github.com/rust-lang/lang-team/blob/cf7fec8b0fb6b9ad85b0cb3d50566f0b0847f8f9/design-meeting-minutes/2023-03-15-temporary-lifetimes.md,"[{""start"": 1123, ""end"": 1314, ""quote"": ""Today, the rules *also* ensure that `E` and `{E}`, for any expression `E`, result in temporaries with the same lifetimes, but this document proposes dropping that equivalence as of Rust 2024.""}]",model_drafted_unreviewed,,
validation,parsed,english,validation-09,validation-09-q09,Is the equivalence between `E` and `(E)` for temporary lifetimes proposed to be dropped?,"[""not found""]",False,"No, the rules should ensure that `E` and `(E)` for any expression `E` result in temporaries with the same lifetimes. The document proposes dropping the equivalence between `E` and `{E}`, not between `E` and `(E)`.",True,unsupported_answer,https://github.com/rust-lang/lang-team/blob/cf7fec8b0fb6b9ad85b0cb3d50566f0b0847f8f9/design-meeting-minutes/2023-03-15-temporary-lifetimes.md,"[{""start"": 1123, ""end"": 1314, ""quote"": ""Today, the rules *also* ensure that `E` and `{E}`, for any expression `E`, result in temporaries with the same lifetimes, but this document proposes dropping that equivalence as of Rust 2024.""}]",model_drafted_unreviewed,,
validation,parsed,english,validation-10,validation-10-q01,Who proposed to stabilize return-position impl trait in Trait quickly?,"[""lang team""]",True,not found,False,wrong_abstention,https://github.com/rust-lang/lang-team/blob/cf7fec8b0fb6b9ad85b0cb3d50566f0b0847f8f9/design-meeting-minutes/2023-05-17-rpitit-stabilization-schedule.md,"[{""start"": 261, ""end"": 311, ""quote"": ""We would like to stabilize it quickly if possible.""}]",model_drafted_unreviewed,,
validation,parsed,english,validation-10,validation-10-q02,Is impl trait currently allowed in return types in traits and impls?,"[""no"", ""No""]",True,"The proposal aims to allow people to use -> impl Trait in traits and impls and interchange it with async fn when that becomes stable, but it does not state that it is currently allowed. Therefore, impl trait is not currently allowed in return types in traits and impls.",True,value_mismatch,https://github.com/rust-lang/lang-team/blob/cf7fec8b0fb6b9ad85b0cb3d50566f0b0847f8f9/design-meeting-minutes/2023-05-17-rpitit-stabilization-schedule.md,"[{""start"": 708, ""end"": 785, ""quote"": ""Impl trait is allowed in return types everywhere except for traits and impls.""}]",model_drafted_unreviewed,,
validation,parsed,english,validation-10,validation-10-q03,What must impls of traits using `-> impl Trait` do by default?,"[""use `-> impl Trait` with equivalent bounds""]",True,"Impls of traits using `-> impl Trait` must use `-> impl Trait` (or equivalently, async fn) themselves and meet the conditions that the actual type from the impl meets the bounds in the trait, with the bounds from the trait implying the bounds from the impl.",True,value_mismatch,https://github.com/rust-lang/lang-team/blob/cf7fec8b0fb6b9ad85b0cb3d50566f0b0847f8f9/design-meeting-minutes/2023-05-17-rpitit-stabilization-schedule.md,"[{""start"": 3920, ""end"": 4043, ""quote"": ""implementations of methods using `impl Trait` in return position must use `-> impl Trait` with equivalent bounds by default""}]",model_drafted_unreviewed,,
validation,parsed,english,validation-10,validation-10-q04,Can impls specify more precise return types using `#[refine]`?,"[""yes"", ""Yes""]",True,no,True,value_mismatch,https://github.com/rust-lang/lang-team/blob/cf7fec8b0fb6b9ad85b0cb3d50566f0b0847f8f9/design-meeting-minutes/2023-05-17-rpitit-stabilization-schedule.md,"[{""start"": 5136, ""end"": 5219, ""quote"": ""Impls can also specify more precise types for the return type by using `#[refine]`.""}]",model_drafted_unreviewed,,
validation,parsed,english,validation-10,validation-10-q08,Is it agreed that RPITITs reduce flexibility compared to normal associated types?,"[""yes"", ""Yes""]",True,not found,False,wrong_abstention,https://github.com/rust-lang/lang-team/blob/cf7fec8b0fb6b9ad85b0cb3d50566f0b0847f8f9/design-meeting-minutes/2023-05-17-rpitit-stabilization-schedule.md,"[{""start"": 8899, ""end"": 8979, ""quote"": ""RPITITs work against maximum flexibility, as compared to normal associated types""}]",model_drafted_unreviewed,,
validation,parsed,english,validation-10,validation-10-q09,Is there a plan to stabilize the full `#[refine]` mechanism now?,"[""not found""]",False,no,True,unsupported_answer,https://github.com/rust-lang/lang-team/blob/cf7fec8b0fb6b9ad85b0cb3d50566f0b0847f8f9/design-meeting-minutes/2023-05-17-rpitit-stabilization-schedule.md,"[{""start"": 7245, ""end"": 7357, ""quote"": ""`#[refine]` would not be stabilized * traits that use `-> impl Trait` would require impls to use `-> impl Trait`""}]",model_drafted_unreviewed,,
validation,parsed,english,validation-10,validation-10-q10,Is the desugaring of impl Trait in trait return position identical to other impl Trait desugarings?,"[""not found""]",False,no,True,unsupported_answer,https://github.com/rust-lang/lang-team/blob/cf7fec8b0fb6b9ad85b0cb3d50566f0b0847f8f9/design-meeting-minutes/2023-05-17-rpitit-stabilization-schedule.md,"[{""start"": 9622, ""end"": 9824, ""quote"": ""RPITITs are different from other \""opaque\"" uses of impl Trait (e.g., RPIT, TAIT), in that they desugar, on the trait side, to an associated type (on the impl side, they are exactly analogous, I believe).""}]",model_drafted_unreviewed,,
validation,parsed,english,validation-11,validation-11-q02,Who intends to ship a proc-macro to reduce boilerplate?,"[""async WG""]",True,The async WG intends to ship a proc-macro to reduce boilerplate.,True,value_mismatch,https://github.com/rust-lang/lang-team/blob/cf7fec8b0fb6b9ad85b0cb3d50566f0b0847f8f9/design-meeting-minutes/2023-05-24-return-type-notation.md,"[{""start"": 2167, ""end"": 2313, ""quote"": ""// We intend to ship a proc-macro // to reduce boilerplate in the // short-term (discussed below) // and pursue other solutions in // longer term.""}]",model_drafted_unreviewed,,
validation,parsed,english,validation-11,validation-11-q05,Who plans to create trait aliases like `SendHealthCheck`?,"[""developers""]",True,A number of the developers we spoke with,True,value_mismatch,https://github.com/rust-lang/lang-team/blob/cf7fec8b0fb6b9ad85b0cb3d50566f0b0847f8f9/design-meeting-minutes/2023-05-24-return-type-notation.md,"[{""start"": 4930, ""end"": 5018, ""quote"": ""A number of the developers we spoke with described plans to create aliases of this kind.""}]",model_drafted_unreviewed,,
validation,parsed,english,validation-11,validation-11-q06,Is the syntax `foo()` in return type notation an actual function call?,"[""no""]",True,"No, the syntax `foo()` in return type notation is not an actual function call; it is interpreted as a type in a where clause context.",True,value_mismatch,https://github.com/rust-lang/lang-team/blob/cf7fec8b0fb6b9ad85b0cb3d50566f0b0847f8f9/design-meeting-minutes/2023-05-24-return-type-notation.md,"[{""start"": 6433, ""end"": 6478, ""quote"": ""### Confusing, confusable with const generics""}]",model_drafted_unreviewed,,
validation,parsed,english,validation-11,validation-11-q09,Has the async WG found that writing `HealthCheck<check(): Send> + Send + 'static` feels optimal for complex cases?,"[""no""]",True,"No, the async WG found that writing `HealthCheck<check(): Send> + Send + 'static` still felt suboptimal for complex cases.",True,value_mismatch,https://github.com/rust-lang/lang-team/blob/cf7fec8b0fb6b9ad85b0cb3d50566f0b0847f8f9/design-meeting-minutes/2023-05-24-return-type-notation.md,"[{""start"": 4277, ""end"": 4502, ""quote"": ""We found that it was easy to explain and it works \""OK\"" for simple cases, like the one shown above, though writing `HealthCheck<check(): Send> + Send + 'static` still felt suboptimal (how many times do we have to say `Send`?).""}]",model_drafted_unreviewed,,
validation,parsed,english,validation-11,validation-11-q10,Is there a plan to permit local variables and other expressions like `c()` in return type notation soon?,"[""not found""]",False,"No, permitting local variables and other expressions like `c()` in return type notation is considered pretty hard and is likely out of scope for all time.",True,unsupported_answer,https://github.com/rust-lang/lang-team/blob/cf7fec8b0fb6b9ad85b0cb3d50566f0b0847f8f9/design-meeting-minutes/2023-05-24-return-type-notation.md,"[{""start"": 10130, ""end"": 10187, ""quote"": ""* Permit local variables and other expressions like `c()`""}]",model_drafted_unreviewed,,
validation,parsed,english,validation-12,validation-12-q02,What does RFC 2515 propose?,"[""`impl Trait` syntax be allowed in type aliases and in associated types""]",True,RFC 2515 proposes that `impl Trait` syntax be allowed in type aliases and in associated types in Rust. This feature helps API designers avoid leaking unwanted implementation details and closes certain fundamental expressiveness gaps in the language.,True,value_mismatch,https://github.com/rust-lang/lang-team/blob/cf7fec8b0fb6b9ad85b0cb3d50566f0b0847f8f9/design-meeting-minutes/2023-05-31-TAIT-stabilization.md,"[{""start"": 95, ""end"": 189, ""quote"": ""That RFC proposed that `impl Trait` syntax be allowed in type aliases and in associated types.""}]",model_drafted_unreviewed,,
validation,parsed,english,validation-12,validation-12-q09,Is there an explicit deadline for stabilizing TAIT mentioned in the excerpt?,"[""not found""]",False,no,True,unsupported_answer,https://github.com/rust-lang/lang-team/blob/cf7fec8b0fb6b9ad85b0cb3d50566f0b0847f8f9/design-meeting-minutes/2023-05-31-TAIT-stabilization.md,"[{""start"": 352, ""end"": 412, ""quote"": ""We would like to stabilize this feature quickly if possible.""}]",model_drafted_unreviewed,,
validation,parsed,english,validation-12,validation-12-q10,Is there a disagreement about the usefulness of TAIT in the excerpt?,"[""not found""]",False,"No, there is no disagreement about the usefulness of TAIT in the excerpt. The document consistently presents TAIT as a valuable feature that closes expressiveness gaps and improves API design.",True,unsupported_answer,https://github.com/rust-lang/lang-team/blob/cf7fec8b0fb6b9ad85b0cb3d50566f0b0847f8f9/design-meeting-minutes/2023-05-31-TAIT-stabilization.md,"[{""start"": 190, ""end"": 221, ""quote"": ""This is a long-awaited feature.""}]",model_drafted_unreviewed,,
validation,parsed,raw,validation-01,validation-01-q01,What is the name of the approach proposed for async fn in dyn traits?,"[""Return Position Impl Trait in Dyn Trait"", ""RPITIDT""]",True,Return some wide pointer,True,value_mismatch,https://github.com/rust-lang/lang-team/blob/cf7fec8b0fb6b9ad85b0cb3d50566f0b0847f8f9/design-meeting-minutes/2022-03-23-async-fn-and-rpitit.md,"[{""start"": 68, ""end"": 181, ""quote"": ""Describes high-level summary of the \""Return Position Impl Trait in Dyn Trait\"" (RPITIDT) approach that we propose:""}]",model_drafted_unreviewed,,
validation,parsed,raw,validation-01,validation-01-q06,Can adapter types override the default allocation strategy?,"[""yes"", ""Yes""]",True,"Yes, adapter types allow functions to override the default allocation strategy used to create the wide pointer returned by async functions invoked through dyn traits.",True,value_mismatch,https://github.com/rust-lang/lang-team/blob/cf7fec8b0fb6b9ad85b0cb3d50566f0b0847f8f9/design-meeting-minutes/2022-03-23-async-fn-and-rpitit.md,"[{""start"": 5839, ""end"": 5920, ""quote"": ""Adapter types allow functions to \""override\"" the choice to meet their local needs.""}]",model_drafted_unreviewed,,
validation,parsed,raw,validation-01,validation-01-q08,Does the excerpt mention a specific deadline for shipping the design?,"[""not found""]",False,Ship this year,True,unsupported_answer,https://github.com/rust-lang/lang-team/blob/cf7fec8b0fb6b9ad85b0cb3d50566f0b0847f8f9/design-meeting-minutes/2022-03-23-async-fn-and-rpitit.md,"[{""start"": 4781, ""end"": 4799, ""quote"": ""### Ship this year""}]",model_drafted_unreviewed,,
validation,parsed,raw,validation-01,validation-01-q09,"Is there a proposal to use a ""small box"" type as the primary design?","[""not found""]",False,"No, the proposal to use a ""small box"" type as the primary design was considered but rejected for several reasons, including the difficulty in setting the right threshold, the large size of futures, and the non-canonical nature of such a type.",True,unsupported_answer,https://github.com/rust-lang/lang-team/blob/cf7fec8b0fb6b9ad85b0cb3d50566f0b0847f8f9/design-meeting-minutes/2022-03-23-async-fn-and-rpitit.md,"[{""start"": 7085, ""end"": 7133, ""quote"": ""### Return a fixed number of bytes (\""small box\"")""}]",model_drafted_unreviewed,,
validation,parsed,raw,validation-01,validation-01-q10,Does the excerpt state that the caller decides the allocation strategy?,"[""not found""]",False,no,True,unsupported_answer,https://github.com/rust-lang/lang-team/blob/cf7fec8b0fb6b9ad85b0cb3d50566f0b0847f8f9/design-meeting-minutes/2022-03-23-async-fn-and-rpitit.md,"[{""start"": 8873, ""end"": 9032, ""quote"": ""Intuitively, it may seem like letting the caller decide the allocation strategy is a correct approach, because the caller has more information than the callee.""}]",model_drafted_unreviewed,,
validation,parsed,raw,validation-02,validation-02-q01,Who proposed revising the thinking about what lints the lang team puts into the language and compiler?,"[""Felix""]",True,,,provider_failure,https://github.com/rust-lang/lang-team/blob/cf7fec8b0fb6b9ad85b0cb3d50566f0b0847f8f9/design-meeting-minutes/2022-03-30-lint-policy.md,"[{""start"": 142, ""end"": 249, ""quote"": ""tl;dr: Let's revise our thinking about what lints we, as the lang team, put into the language and compiler.""}]",model_drafted_unreviewed,,
validation,parsed,raw,validation-02,validation-02-q03,Which category of lints remains a T-lang concern and must be part of the compiler?,"[""future-proofing""]",True,The future-proofing category of lints remains a T-lang concern and must be part of the compiler.,True,value_mismatch,https://github.com/rust-lang/lang-team/blob/cf7fec8b0fb6b9ad85b0cb3d50566f0b0847f8f9/design-meeting-minutes/2022-03-30-lint-policy.md,"[{""start"": 9080, ""end"": 9295, ""quote"": ""All of the [future-proofing][] lints (\""flagging code that a future release of Rust will reject\"") remain a T-lang concern: they tie directly into what code is accepted/rejected, and *need* to be part of the compiler.""}]",model_drafted_unreviewed,,
validation,parsed,raw,validation-02,validation-02-q06,What is proposed to be done with style choices currently embedded in rustc?,"[""migrated to Clippy and rustfmt""]",True,"Style choices currently embedded in rustc are proposed to be migrated to Clippy and rustfmt, as deciding such opinions should not be part of the language design team's workload.",True,value_mismatch,https://github.com/rust-lang/lang-team/blob/cf7fec8b0fb6b9ad85b0cb3d50566f0b0847f8f9/design-meeting-minutes/2022-03-30-lint-policy.md,"[{""start"": 10506, ""end"": 10631, ""quote"": ""Arguably style choices should not be embedded into rustc at all[^pretty], and should all be migrated to Clippy and `rustfmt`.""}]",model_drafted_unreviewed,,
validation,parsed,raw,validation-02,validation-02-q07,Who is assigned to delegate work on lints representing a rich opportunity for delegation?,"[""T-lang design team""]",True,Felix,True,value_mismatch,https://github.com/rust-lang/lang-team/blob/cf7fec8b0fb6b9ad85b0cb3d50566f0b0847f8f9/design-meeting-minutes/2022-03-30-lint-policy.md,"[{""start"": 8442, ""end"": 8534, ""quote"": ""* The T-lang design team is already over-extended, and should delegate whatever work it can.""}]",model_drafted_unreviewed,,
validation,parsed,raw,validation-02,validation-02-q08,"Is there clarity on the distinction between ""edition error"" and ""hard deprecation""?","[""no""]",True,"No, Felix is not clear on the distinction between ""edition error"" and ""hard deprecation"" and notes that Niko did not know either.",True,value_mismatch,https://github.com/rust-lang/lang-team/blob/cf7fec8b0fb6b9ad85b0cb3d50566f0b0847f8f9/design-meeting-minutes/2022-03-30-lint-policy.md,"[{""start"": 3668, ""end"": 3764, ""quote"": "":::warning Felix is not clear on the distinction between \""edition error\"" and \""hard deprecation\"".""}]",model_drafted_unreviewed,,
validation,parsed,raw,validation-02,validation-02-q10,Is there telemetry data confirming the signal-to-noise ratio of error-heuristic lints?,"[""not found""]",False,no,True,unsupported_answer,https://github.com/rust-lang/lang-team/blob/cf7fec8b0fb6b9ad85b0cb3d50566f0b0847f8f9/design-meeting-minutes/2022-03-30-lint-policy.md,"[{""start"": 11379, ""end"": 11390, ""quote"": ""anecdotes)?""}]",model_drafted_unreviewed,,
validation,parsed,raw,validation-03,validation-03-q01,Who proposed revising the thinking about lints in the language and compiler?,"[""Felix""]",True,,,provider_failure,https://github.com/rust-lang/lang-team/blob/cf7fec8b0fb6b9ad85b0cb3d50566f0b0847f8f9/design-meeting-minutes/2022-03-30-lints.md,"[{""start"": 149, ""end"": 249, ""quote"": ""Let's revise our thinking about what lints we, as the lang team, put into the language and compiler.""}]",model_drafted_unreviewed,,
validation,parsed,raw,validation-03,validation-03-q04,Who decided that future-proofing lints need to be part of the compiler?,"[""Felix""]",True,,,provider_failure,https://github.com/rust-lang/lang-team/blob/cf7fec8b0fb6b9ad85b0cb3d50566f0b0847f8f9/design-meeting-minutes/2022-03-30-lints.md,"[{""start"": 9080, ""end"": 9295, ""quote"": ""All of the [future-proofing][] lints (\""flagging code that a future release of Rust will reject\"") remain a T-lang concern: they tie directly into what code is accepted/rejected, and *need* to be part of the compiler.""}]",model_drafted_unreviewed,,
validation,parsed,raw,validation-03,validation-03-q07,Should style choices be embedded into rustc according to Felix?,"[""no""]",True,"No, Felix believes that style choices should not be embedded into rustc at all and should be migrated to Clippy and rustfmt instead.",True,value_mismatch,https://github.com/rust-lang/lang-team/blob/cf7fec8b0fb6b9ad85b0cb3d50566f0b0847f8f9/design-meeting-minutes/2022-03-30-lints.md,"[{""start"": 10506, ""end"": 10631, ""quote"": ""Arguably style choices should not be embedded into rustc at all[^pretty], and should all be migrated to Clippy and `rustfmt`.""}]",model_drafted_unreviewed,,
validation,parsed,raw,validation-03,validation-03-q09,Is there a proposal to delegate lint work to subteams?,"[""yes""]",True,"Yes, there is a proposal to delegate lint work to subteams, especially for categories like expressly-clean lints which are pedagogical and uniformly-clean lints which are subjective style matters.",True,value_mismatch,https://github.com/rust-lang/lang-team/blob/cf7fec8b0fb6b9ad85b0cb3d50566f0b0847f8f9/design-meeting-minutes/2022-03-30-lints.md,"[{""start"": 8444, ""end"": 8534, ""quote"": ""The T-lang design team is already over-extended, and should delegate whatever work it can.""}]",model_drafted_unreviewed,,
validation,parsed,raw,validation-03,validation-03-q10,Is there a mention of telemetry data confirming lint effectiveness?,"[""not found""]",False,,,provider_failure,https://github.com/rust-lang/lang-team/blob/cf7fec8b0fb6b9ad85b0cb3d50566f0b0847f8f9/design-meeting-minutes/2022-03-30-lints.md,"[{""start"": 11251, ""end"": 11310, ""quote"": ""* We have no compiler telemetry, so what are we relying on?""}]",model_drafted_unreviewed,,
validation,parsed,raw,validation-04,validation-04-q02,What does perfect derive change about trait derive?,"[""change derive to generate an impl with one where clause per field""]",True,"Perfect derive changes trait derive so that it figures out exactly the bounds that are needed for each field, rather than assuming that all generic parameters must satisfy the trait. Instead of requiring a blanket bound like `T: Clone`, it generates an implementation with one where clause per field, reflecting the actual trait requirements of each field's type.",True,value_mismatch,https://github.com/rust-lang/lang-team/blob/cf7fec8b0fb6b9ad85b0cb3d50566f0b0847f8f9/design-meeting-minutes/2022-04-12-implied-bounds-and-perfect-derive.md,"[{""start"": 3839, ""end"": 3950, ""quote"": ""With *perfect derive*, we would change the derive to generate an impl with one where clause per field, instead.""}]",model_drafted_unreviewed,,
validation,parsed,raw,validation-04,validation-04-q04,Is perfect derive currently sound?,"[""yes""]",True,"No, perfect derive was not sound until recently; the meeting facts state that making perfect derive sound was tricky, but now it can be done with a new formulation of the Rust trait checker.",True,value_mismatch,https://github.com/rust-lang/lang-team/blob/cf7fec8b0fb6b9ad85b0cb3d50566f0b0847f8f9/design-meeting-minutes/2022-04-12-implied-bounds-and-perfect-derive.md,"[{""start"": 4886, ""end"": 4942, ""quote"": ""For now, though, let’s just assume we can do it soundly.""}]",model_drafted_unreviewed,,
validation,parsed,raw,validation-04,validation-04-q06,What is the maximal proposal for expanded implied bounds?,"[""expand implied bounds to any where-clause at all""]",True,The maximal proposal for expanded implied bounds is to expand implied bounds from supertraits and lifetimes to any where-clause at all.,True,value_mismatch,https://github.com/rust-lang/lang-team/blob/cf7fec8b0fb6b9ad85b0cb3d50566f0b0847f8f9/design-meeting-minutes/2022-04-12-implied-bounds-and-perfect-derive.md,"[{""start"": 6978, ""end"": 7116, ""quote"": ""The most maximal version of this proposal would expand those implied bounds from supertraits and lifetimes to **any where-clause at all**.""}]",model_drafted_unreviewed,,
validation,parsed,raw,validation-04,validation-04-q07,Do expanded implied bounds introduce or expand semver hazards?,"[""yes""]",True,Expanded implied bounds introduce a new semver hazard or expand an existing semver hazard.,True,value_mismatch,https://github.com/rust-lang/lang-team/blob/cf7fec8b0fb6b9ad85b0cb3d50566f0b0847f8f9/design-meeting-minutes/2022-04-12-implied-bounds-and-perfect-derive.md,"[{""start"": 7148, ""end"": 7305, ""quote"": ""Expanding the set of implied bounds will also introduce a new semver hazard — or perhaps it would be better to say that is expands an existing semver hazard.""}]",model_drafted_unreviewed,,
validation,parsed,raw,validation-04,validation-04-q10,Is there a mention of a plan to remove bounds from impls being semver compliant?,"[""not found""]",False,"Yes, the meeting facts mention that removing bounds from impls is not semver compliant. Specifically, changing an impl like `impl<T: Copy> MyTrait for Vec<T>` to `impl<T> MyTrait for Vec<T>` introduces a new blanket impl, which is not semver compliant.",True,unsupported_answer,https://github.com/rust-lang/lang-team/blob/cf7fec8b0fb6b9ad85b0cb3d50566f0b0847f8f9/design-meeting-minutes/2022-04-12-implied-bounds-and-perfect-derive.md,"[{""start"": 8606, ""end"": 8764, ""quote"": ""Interestingly, while it is true that you can remove bounds from a struct (today, at least) and be at semver complaint[^maybe], this is not the case for impls.""}]",model_drafted_unreviewed,,
validation,parsed,raw,validation-05,validation-05-q01,Who proposed to stabilize now and incrementally improve?,"[""jackh726, nikomatsakis""]",True,nikomatsakis,True,value_mismatch,https://github.com/rust-lang/lang-team/blob/cf7fec8b0fb6b9ad85b0cb3d50566f0b0847f8f9/design-meeting-minutes/2022-08-31-gat-stabilization.md,"[{""start"": 774, ""end"": 906, ""quote"": ""* Stabilize now and incrementally improve * Areas that need improvement: * Syntax is awkward (easy implementation, but it's syntax).""}]",model_drafted_unreviewed,,
validation,parsed,raw,validation-05,validation-05-q04,Are lifetime-only GATs considered needed throughout the standard library?,"[""yes""]",True,,,provider_failure,https://github.com/rust-lang/lang-team/blob/cf7fec8b0fb6b9ad85b0cb3d50566f0b0847f8f9/design-meeting-minutes/2022-08-31-gat-stabilization.md,"[{""start"": 2375, ""end"": 2555, ""quote"": ""* Stabilize lifetime-only GATs and explore alternatives to type GATs * Arguments in favor: * Lifetime-only GATs come up *very often* and are needed throughout the standard library.""}]",model_drafted_unreviewed,,
validation,parsed,raw,validation-05,validation-05-q05,Have some folks taken issue with the recommendations in the stabilization proposal?,"[""yes""]",True,,,provider_failure,https://github.com/rust-lang/lang-team/blob/cf7fec8b0fb6b9ad85b0cb3d50566f0b0847f8f9/design-meeting-minutes/2022-08-31-gat-stabilization.md,"[{""start"": 372, ""end"": 536, ""quote"": ""None of the comments have raised new issues that were not addressed in the stabilization proposal, but some folks have taken issue with the recommendations therein.""}]",model_drafted_unreviewed,,
validation,parsed,raw,validation-05,validation-05-q06,Are type-based GATs considered to come up less often?,"[""yes""]",True,,,provider_failure,https://github.com/rust-lang/lang-team/blob/cf7fec8b0fb6b9ad85b0cb3d50566f0b0847f8f9/design-meeting-minutes/2022-08-31-gat-stabilization.md,"[{""start"": 2903, ""end"": 2994, ""quote"": ""* Arguments against: * Type-based GATs come up less often, but they still frequently arise.""}]",model_drafted_unreviewed,,
validation,parsed,raw,validation-05,validation-05-q07,What is stabilized regarding associated types in traits/impls?,"[""Associated types in traits/impls can have type parameters, where-clauses""]",True,,,provider_failure,https://github.com/rust-lang/lang-team/blob/cf7fec8b0fb6b9ad85b0cb3d50566f0b0847f8f9/design-meeting-minutes/2022-08-31-gat-stabilization.md,"[{""start"": 5144, ""end"": 5220, ""quote"": ""### Associated types in traits/impls can have type parameters, where-clauses""}]",model_drafted_unreviewed,,
validation,parsed,raw,validation-05,validation-05-q08,Do frameworks like bevy and embassy ask for GATs to help build user-facing abstractions?,"[""yes""]",True,,,provider_failure,https://github.com/rust-lang/lang-team/blob/cf7fec8b0fb6b9ad85b0cb3d50566f0b0847f8f9/design-meeting-minutes/2022-08-31-gat-stabilization.md,"[{""start"": 1447, ""end"": 1607, ""quote"": ""* In particular frameworks like bevy and embassy are asking for it to help build nicer user-facing abstractions (which often don't explicitly make use of GATs).""}]",model_drafted_unreviewed,,
validation,parsed,raw,validation-05,validation-05-q09,Is there a proposal to rethink GATs entirely?,"[""not found""]",False,,,provider_failure,https://github.com/rust-lang/lang-team/blob/cf7fec8b0fb6b9ad85b0cb3d50566f0b0847f8f9/design-meeting-minutes/2022-08-31-gat-stabilization.md,"[{""start"": 4028, ""end"": 4185, ""quote"": ""* Rethink GATs entirely * We could abandon GATs and just offer sugar that makes use of them, like async fn in traits or return-position impl trait in traits.""}]",model_drafted_unreviewed,,
validation,parsed,raw,validation-05,validation-05-q10,Is there a decision to abandon GATs and only offer sugar like async fn in traits?,"[""not found""]",False,No,True,unsupported_answer,https://github.com/rust-lang/lang-team/blob/cf7fec8b0fb6b9ad85b0cb3d50566f0b0847f8f9/design-meeting-minutes/2022-08-31-gat-stabilization.md,"[{""start"": 4028, ""end"": 4185, ""quote"": ""* Rethink GATs entirely * We could abandon GATs and just offer sugar that makes use of them, like async fn in traits or return-position impl trait in traits.""}]",model_drafted_unreviewed,,
validation,parsed,raw,validation-06,validation-06-q01,Who proposed stabilizing the strict provenance APIs?,"[""Jakob""]",True,Ralf,True,value_mismatch,https://github.com/rust-lang/lang-team/blob/cf7fec8b0fb6b9ad85b0cb3d50566f0b0847f8f9/design-meeting-minutes/2022-10-05-provenance.md,"[{""start"": 3701, ""end"": 3957, ""quote"": ""- Stably acknowledge the existence of provenance, ie acknowledge that the answer to the question in the title is \""yes\"" - Stabilize the following methods: `pointer::addr`, `pointer::with_addr`, `ptr::map_addr`, `core::ptr::invalid`, `core::ptr::invalid_mut`""}]",model_drafted_unreviewed,,
validation,parsed,raw,validation-06,validation-06-q03,Did Ralf agree to stabilize invalid/invalid_mut now?,"[""No"", ""defer""]",True,"No, Ralf said to defer this for future meetings.",True,value_mismatch,https://github.com/rust-lang/lang-team/blob/cf7fec8b0fb6b9ad85b0cb3d50566f0b0847f8f9/design-meeting-minutes/2022-10-05-provenance.md,"[{""start"": 6406, ""end"": 6606, ""quote"": ""- Gary: Can we define a ZST deref to pointers with `invalid` provenance as UB and have a special provenance for ZSTs that allow dangling use of it in `Vec`? - Ralf says defer this for future meetings.""}]",model_drafted_unreviewed,,
validation,parsed,raw,validation-06,validation-06-q05,Does pointer comparison take provenance into account?,"[""No""]",True,"No, pointer comparison ignores provenance.",True,value_mismatch,https://github.com/rust-lang/lang-team/blob/cf7fec8b0fb6b9ad85b0cb3d50566f0b0847f8f9/design-meeting-minutes/2022-10-05-provenance.md,"[{""start"": 9030, ""end"": 9082, ""quote"": ""Ralf: No, it doesn't; comparison ignores provenance.""}]",model_drafted_unreviewed,,
validation,parsed,raw,validation-06,validation-06-q06,Did Josh say we should have expose methods?,"[""Yes, we should""]",True,yes,True,value_mismatch,https://github.com/rust-lang/lang-team/blob/cf7fec8b0fb6b9ad85b0cb3d50566f0b0847f8f9/design-meeting-minutes/2022-10-05-provenance.md,"[{""start"": 9182, ""end"": 9203, ""quote"": ""Josh: Yes, we should.""}]",model_drafted_unreviewed,,
validation,parsed,raw,validation-06,validation-06-q07,Is there a clear final model decided for provenance?,"[""not found""]",False,"No, the final model is not determined yet.",True,unsupported_answer,https://github.com/rust-lang/lang-team/blob/cf7fec8b0fb6b9ad85b0cb3d50566f0b0847f8f9/design-meeting-minutes/2022-10-05-provenance.md,"[{""start"": 909, ""end"": 1055, ""quote"": ""To emphasize: It is not the goal of this meeting to discuss which kind of provenance we should have, only to discuss whether we should have *any*.""}]",model_drafted_unreviewed,,
validation,parsed,raw,validation-06,validation-06-q08,Is there an option to turn off LLVM's allocation level provenance?,"[""not found""]",False,no,True,unsupported_answer,https://github.com/rust-lang/lang-team/blob/cf7fec8b0fb6b9ad85b0cb3d50566f0b0847f8f9/design-meeting-minutes/2022-10-05-provenance.md,"[{""start"": 3194, ""end"": 3359, ""quote"": ""As far as I know there is no option to turn this off, and the assumptions are sufficiently widespread that it is unlikely that we could convince upstream to add one.""}]",model_drafted_unreviewed,,
validation,parsed,raw,validation-06,validation-06-q09,Can invalid/invalid_mut be used with embedded fixed address memory?,"[""Probably not""]",True,"No, invalid/invalid_mut probably cannot be used with embedded fixed address memory as there is no good story for these kinds of allocations yet, according to Jakob.",True,value_mismatch,https://github.com/rust-lang/lang-team/blob/cf7fec8b0fb6b9ad85b0cb3d50566f0b0847f8f9/design-meeting-minutes/2022-10-05-provenance.md,"[{""start"": 6607, ""end"": 6718, ""quote"": ""- Q: Can this be used with embedded when I know there is some memory at a fixed address? - Jakob: Probably not.""}]",model_drafted_unreviewed,,
validation,parsed,raw,validation-06,validation-06-q10,Are the proposed APIs required to write correct code?,"[""No""]",True,"No, the proposed APIs are not required to write correct code.",True,value_mismatch,https://github.com/rust-lang/lang-team/blob/cf7fec8b0fb6b9ad85b0cb3d50566f0b0847f8f9/design-meeting-minutes/2022-10-05-provenance.md,"[{""start"": 4601, ""end"": 4712, ""quote"": ""We are not suggesting any change to the memory model that would make these APIs required to write correct code.""}]",model_drafted_unreviewed,,
validation,parsed,raw,validation-07,validation-07-q01,Who is considering investing effort in developing a specification language for Rust?,"[""language team""]",True,the language team,True,value_mismatch,https://github.com/rust-lang/lang-team/blob/cf7fec8b0fb6b9ad85b0cb3d50566f0b0847f8f9/design-meeting-minutes/2022-11-25-contracts.md,"[{""start"": 439, ""end"": 523, ""quote"": ""We are considering investing effort in developing a specification language for Rust.""}]",model_drafted_unreviewed,,
validation,parsed,raw,validation-07,validation-07-q02,What is the first step in the draft roadmap?,"[""Terminology""]",True,"Terminology. Define terms and their meanings, inheriting what we can from existing tools and other languages.",True,value_mismatch,https://github.com/rust-lang/lang-team/blob/cf7fec8b0fb6b9ad85b0cb3d50566f0b0847f8f9/design-meeting-minutes/2022-11-25-contracts.md,"[{""start"": 4923, ""end"": 5035, ""quote"": ""0. Terminology. Define terms and their meanings, inheriting what we can from existing tools and other languages.""}]",model_drafted_unreviewed,,
validation,parsed,raw,validation-07,validation-07-q06,Who is the assignee for deciding how to deal with static mutable state?,"[""language team""]",True,not found,False,wrong_abstention,https://github.com/rust-lang/lang-team/blob/cf7fec8b0fb6b9ad85b0cb3d50566f0b0847f8f9/design-meeting-minutes/2022-11-25-contracts.md,"[{""start"": 5349, ""end"": 5397, ""quote"": ""3. Decide how to deal with static mutable state.""}]",model_drafted_unreviewed,,
validation,parsed,raw,validation-07,validation-07-q07,Is there a decision to support only static checking for contracts?,"[""not found""]",False,,,provider_failure,https://github.com/rust-lang/lang-team/blob/cf7fec8b0fb6b9ad85b0cb3d50566f0b0847f8f9/design-meeting-minutes/2022-11-25-contracts.md,"[{""start"": 5036, ""end"": 5071, ""quote"": ""1. Decide: static, dynamic or both?""}]",model_drafted_unreviewed,,
validation,parsed,raw,validation-07,validation-07-q08,Is there an agreement that contracts should be marked as either contract or debug_contract?,"[""not found""]",False,yes,True,unsupported_answer,https://github.com/rust-lang/lang-team/blob/cf7fec8b0fb6b9ad85b0cb3d50566f0b0847f8f9/design-meeting-minutes/2022-11-25-contracts.md,"[{""start"": 9154, ""end"": 9230, ""quote"": ""we propose that contracts be marked as either `contract` or `debug_contract`""}]",model_drafted_unreviewed,,
validation,parsed,raw,validation-08,validation-08-q02,What is the minimal acceptable form of Contracts supposed to provide over?,"[""mere assert!""]",True,The minimal acceptable form of Contracts is supposed to provide value over mere `assert!`.,True,value_mismatch,https://github.com/rust-lang/lang-team/blob/cf7fec8b0fb6b9ad85b0cb3d50566f0b0847f8f9/design-meeting-minutes/2023-01-08-lang-team-questions-around-contracts.md,"[{""start"": 2979, ""end"": 3070, ""quote"": ""**Q2:** What would your *minimal acceptable form* of Contracts provide over mere `assert!`?""}]",model_drafted_unreviewed,,
validation,parsed,raw,validation-08,validation-08-q04,Is there agreement that contracts could provide guarantees that the program could rely on?,"[""yes""]",True,,,provider_failure,https://github.com/rust-lang/lang-team/blob/cf7fec8b0fb6b9ad85b0cb3d50566f0b0847f8f9/design-meeting-minutes/2023-01-08-lang-team-questions-around-contracts.md,"[{""start"": 10521, ""end"": 10601, ""quote"": ""Contracts *could*, in theory, provide guarantees that the program could rely on.""}]",model_drafted_unreviewed,,
validation,parsed,raw,validation-08,validation-08-q05,Does pnkfelix want to require a theorem prover for contracts?,"[""no""]",True,,,provider_failure,https://github.com/rust-lang/lang-team/blob/cf7fec8b0fb6b9ad85b0cb3d50566f0b0847f8f9/design-meeting-minutes/2023-01-08-lang-team-questions-around-contracts.md,"[{""start"": 9071, ""end"": 9114, ""quote"": ""I don't want to *require* a theorem prover.""}]",model_drafted_unreviewed,,
validation,parsed,raw,validation-08,validation-08-q07,Is there a decision to include contracts into Rust core for uniformity and ubiquity?,"[""not found""]",False,,,provider_failure,https://github.com/rust-lang/lang-team/blob/cf7fec8b0fb6b9ad85b0cb3d50566f0b0847f8f9/design-meeting-minutes/2023-01-08-lang-team-questions-around-contracts.md,"[{""start"": 3416, ""end"": 3512, ""quote"": ""**Q4:** What is value-add for building into \""Rust core\"" (versus delivery via third-party crate)?""}]",model_drafted_unreviewed,,
validation,parsed,raw,validation-08,validation-08-q10,Is there a proposal to automatically generate test inputs and validity checks for contracts?,"[""yes""]",True,"Yes, automatic generation of test inputs and corresponding validity checks of resulting outputs is mentioned as an idea for value-add in contracts.",True,value_mismatch,https://github.com/rust-lang/lang-team/blob/cf7fec8b0fb6b9ad85b0cb3d50566f0b0847f8f9/design-meeting-minutes/2023-01-08-lang-team-questions-around-contracts.md,"[{""start"": 3214, ""end"": 3414, ""quote"": ""* Automatic injection of checks provided by trait definition into object code of (every) corresponding impl * Automatic generation of test inputs and corresponding validity checks of resulting outputs""}]",model_drafted_unreviewed,,
validation,parsed,raw,validation-09,validation-09-q01,Who proposed the design principles to guide the decision on temporary lifetimes?,"[""author""]",True,,,provider_failure,https://github.com/rust-lang/lang-team/blob/cf7fec8b0fb6b9ad85b0cb3d50566f0b0847f8f9/design-meeting-minutes/2023-03-15-temporary-lifetimes.md,"[{""start"": 294, ""end"": 358, ""quote"": ""I propose the following design principles to guide our decision.""}]",model_drafted_unreviewed,,
validation,parsed,raw,validation-09,validation-09-q02,When are temporaries dropped by default according to current rules?,"[""at the end of the innermost enclosing statement"", ""at the next semicolon""]",True,"By default, temporaries are dropped at the end of the innermost enclosing statement, which is often summarized as 'at the next semicolon'. However, temporaries produced in a block's tail expression are dropped at the end of the statement that encloses the block.",True,value_mismatch,https://github.com/rust-lang/lang-team/blob/cf7fec8b0fb6b9ad85b0cb3d50566f0b0847f8f9/design-meeting-minutes/2023-03-15-temporary-lifetimes.md,"[{""start"": 2035, ""end"": 2231, ""quote"": ""Whenever a temporary is introduced, the default rule is that the temporary is dropped at the end of the innermost enclosing statement; this rule is sometimes summarized as \""at the next semicolon\"".""}]",model_drafted_unreviewed,,
validation,parsed,raw,validation-09,validation-09-q03,Does the document propose to keep the equivalence that `E` and `{E}` have the same temporary lifetimes?,"[""no""]",True,"No, the document proposes dropping the equivalence that `E` and `{E}` have the same temporary lifetimes as of Rust 2024.",True,value_mismatch,https://github.com/rust-lang/lang-team/blob/cf7fec8b0fb6b9ad85b0cb3d50566f0b0847f8f9/design-meeting-minutes/2023-03-15-temporary-lifetimes.md,"[{""start"": 1123, ""end"": 1314, ""quote"": ""Today, the rules *also* ensure that `E` and `{E}`, for any expression `E`, result in temporaries with the same lifetimes, but this document proposes dropping that equivalence as of Rust 2024.""}]",model_drafted_unreviewed,,
validation,parsed,raw,validation-09,validation-09-q08,Is there an explicit deadline mentioned for Ding Xiang Fei's progress on RFC 66 implementation?,"[""not found""]",False,,,provider_failure,https://github.com/rust-lang/lang-team/blob/cf7fec8b0fb6b9ad85b0cb3d50566f0b0847f8f9/design-meeting-minutes/2023-03-15-temporary-lifetimes.md,"[{""start"": 8793, ""end"": 9003, ""quote"": ""Ding Xiang Fei has been exploring how to actually implement [RFC 66][] and has made some progress, but it's clear that we need to settle on the *exact* rules for when lifetime temporary extension should happen.""}]",model_drafted_unreviewed,,
validation,parsed,raw,validation-09,validation-09-q09,Is the equivalence between `E` and `(E)` for temporary lifetimes proposed to be dropped?,"[""not found""]",False,"No, the rules should ensure that `E` and `(E)` for any expression `E` result in temporaries with the same lifetimes. The document proposes dropping the equivalence between `E` and `{E}`, not between `E` and `(E)`.",True,unsupported_answer,https://github.com/rust-lang/lang-team/blob/cf7fec8b0fb6b9ad85b0cb3d50566f0b0847f8f9/design-meeting-minutes/2023-03-15-temporary-lifetimes.md,"[{""start"": 1123, ""end"": 1314, ""quote"": ""Today, the rules *also* ensure that `E` and `{E}`, for any expression `E`, result in temporaries with the same lifetimes, but this document proposes dropping that equivalence as of Rust 2024.""}]",model_drafted_unreviewed,,
validation,parsed,raw,validation-10,validation-10-q01,Who proposed to stabilize return-position impl trait in Trait quickly?,"[""lang team""]",True,RFC #3425,True,value_mismatch,https://github.com/rust-lang/lang-team/blob/cf7fec8b0fb6b9ad85b0cb3d50566f0b0847f8f9/design-meeting-minutes/2023-05-17-rpitit-stabilization-schedule.md,"[{""start"": 261, ""end"": 311, ""quote"": ""We would like to stabilize it quickly if possible.""}]",model_drafted_unreviewed,,
validation,parsed,raw,validation-10,validation-10-q03,What must impls of traits using `-> impl Trait` do by default?,"[""use `-> impl Trait` with equivalent bounds""]",True,"Impls of traits using `-> impl Trait` must use `-> impl Trait` with equivalent bounds by default, meaning the implementation's return type must meet the bounds declared in the trait and be of the form `impl Trait`.",True,value_mismatch,https://github.com/rust-lang/lang-team/blob/cf7fec8b0fb6b9ad85b0cb3d50566f0b0847f8f9/design-meeting-minutes/2023-05-17-rpitit-stabilization-schedule.md,"[{""start"": 3920, ""end"": 4043, ""quote"": ""implementations of methods using `impl Trait` in return position must use `-> impl Trait` with equivalent bounds by default""}]",model_drafted_unreviewed,,
validation,parsed,raw,validation-10,validation-10-q04,Can impls specify more precise return types using `#[refine]`?,"[""yes"", ""Yes""]",True,"Yes, impls can specify more precise return types for the return type by using `#[refine]`. This allows the impl to specify the precise return type or strengthen the bounds without revealing the exact type.",True,value_mismatch,https://github.com/rust-lang/lang-team/blob/cf7fec8b0fb6b9ad85b0cb3d50566f0b0847f8f9/design-meeting-minutes/2023-05-17-rpitit-stabilization-schedule.md,"[{""start"": 5136, ""end"": 5219, ""quote"": ""Impls can also specify more precise types for the return type by using `#[refine]`.""}]",model_drafted_unreviewed,,
validation,parsed,raw,validation-10,validation-10-q06,Are users able to convert from async fn to `-> impl Future` functions on trait or impl side?,"[""yes"", ""Yes""]",True,,,provider_failure,https://github.com/rust-lang/lang-team/blob/cf7fec8b0fb6b9ad85b0cb3d50566f0b0847f8f9/design-meeting-minutes/2023-05-17-rpitit-stabilization-schedule.md,"[{""start"": 6323, ""end"": 6419, ""quote"": ""users should be able to convert from `async fn` into equivalent functions using `-> impl Future`""}]",model_drafted_unreviewed,,
validation,parsed,raw,validation-10,validation-10-q09,Is there a plan to stabilize the full `#[refine]` mechanism now?,"[""not found""]",False,No,True,unsupported_answer,https://github.com/rust-lang/lang-team/blob/cf7fec8b0fb6b9ad85b0cb3d50566f0b0847f8f9/design-meeting-minutes/2023-05-17-rpitit-stabilization-schedule.md,"[{""start"": 7245, ""end"": 7357, ""quote"": ""`#[refine]` would not be stabilized * traits that use `-> impl Trait` would require impls to use `-> impl Trait`""}]",model_drafted_unreviewed,,
validation,parsed,raw,validation-10,validation-10-q10,Is the desugaring of impl Trait in trait return position identical to other impl Trait desugarings?,"[""not found""]",False,"No, the desugaring of impl Trait in trait return position is different from other impl Trait desugarings. Specifically, in trait return position, it desugars to an associated type, whereas in other positions, such as function argument position or inherent return position, it desugars differently (e.g., to a generic parameter or an inferred opaque type).",True,unsupported_answer,https://github.com/rust-lang/lang-team/blob/cf7fec8b0fb6b9ad85b0cb3d50566f0b0847f8f9/design-meeting-minutes/2023-05-17-rpitit-stabilization-schedule.md,"[{""start"": 9622, ""end"": 9824, ""quote"": ""RPITITs are different from other \""opaque\"" uses of impl Trait (e.g., RPIT, TAIT), in that they desugar, on the trait side, to an associated type (on the impl side, they are exactly analogous, I believe).""}]",model_drafted_unreviewed,,
validation,parsed,raw,validation-11,validation-11-q02,Who intends to ship a proc-macro to reduce boilerplate?,"[""async WG""]",True,The async WG intends to ship a proc-macro to reduce boilerplate.,True,value_mismatch,https://github.com/rust-lang/lang-team/blob/cf7fec8b0fb6b9ad85b0cb3d50566f0b0847f8f9/design-meeting-minutes/2023-05-24-return-type-notation.md,"[{""start"": 2167, ""end"": 2313, ""quote"": ""// We intend to ship a proc-macro // to reduce boilerplate in the // short-term (discussed below) // and pursue other solutions in // longer term.""}]",model_drafted_unreviewed,,
validation,parsed,raw,validation-11,validation-11-q03,Is the proc macro to reduce boilerplate already implemented?,"[""yes""]",True,,,provider_failure,https://github.com/rust-lang/lang-team/blob/cf7fec8b0fb6b9ad85b0cb3d50566f0b0847f8f9/design-meeting-minutes/2023-05-24-return-type-notation.md,"[{""start"": 5166, ""end"": 5236, ""quote"": ""To resolve some of the boilerplate, a proc macro has been implemented.""}]",model_drafted_unreviewed,,
validation,parsed,raw,validation-11,validation-11-q04,Does the proposal currently support adding send bounds to all methods in a trait at once?,"[""no""]",True,,,provider_failure,https://github.com/rust-lang/lang-team/blob/cf7fec8b0fb6b9ad85b0cb3d50566f0b0847f8f9/design-meeting-minutes/2023-05-24-return-type-notation.md,"[{""start"": 5961, ""end"": 5997, ""quote"": ""### Doesn't scale to larger examples""}]",model_drafted_unreviewed,,
validation,parsed,raw,validation-11,validation-11-q05,Who plans to create trait aliases like `SendHealthCheck`?,"[""developers""]",True,A number of the developers we spoke with,True,value_mismatch,https://github.com/rust-lang/lang-team/blob/cf7fec8b0fb6b9ad85b0cb3d50566f0b0847f8f9/design-meeting-minutes/2023-05-24-return-type-notation.md,"[{""start"": 4930, ""end"": 5018, ""quote"": ""A number of the developers we spoke with described plans to create aliases of this kind.""}]",model_drafted_unreviewed,,
validation,parsed,raw,validation-11,validation-11-q06,Is the syntax `foo()` in return type notation an actual function call?,"[""no""]",True,"No, the syntax `foo()` in return type notation is not an actual function call; it is interpreted as a type in a where clause context.",True,value_mismatch,https://github.com/rust-lang/lang-team/blob/cf7fec8b0fb6b9ad85b0cb3d50566f0b0847f8f9/design-meeting-minutes/2023-05-24-return-type-notation.md,"[{""start"": 6433, ""end"": 6478, ""quote"": ""### Confusing, confusable with const generics""}]",model_drafted_unreviewed,,
validation,parsed,raw,validation-11,validation-11-q09,Has the async WG found that writing `HealthCheck<check(): Send> + Send + 'static` feels optimal for complex cases?,"[""no""]",True,"No, the async WG found that writing `HealthCheck<check(): Send> + Send + 'static` still felt suboptimal for complex cases.",True,value_mismatch,https://github.com/rust-lang/lang-team/blob/cf7fec8b0fb6b9ad85b0cb3d50566f0b0847f8f9/design-meeting-minutes/2023-05-24-return-type-notation.md,"[{""start"": 4277, ""end"": 4502, ""quote"": ""We found that it was easy to explain and it works \""OK\"" for simple cases, like the one shown above, though writing `HealthCheck<check(): Send> + Send + 'static` still felt suboptimal (how many times do we have to say `Send`?).""}]",model_drafted_unreviewed,,
validation,parsed,raw,validation-11,validation-11-q10,Is there a plan to permit local variables and other expressions like `c()` in return type notation soon?,"[""not found""]",False,"No, permitting local variables and other expressions like `c()` in return type notation is considered pretty hard and is likely out of scope for all time.",True,unsupported_answer,https://github.com/rust-lang/lang-team/blob/cf7fec8b0fb6b9ad85b0cb3d50566f0b0847f8f9/design-meeting-minutes/2023-05-24-return-type-notation.md,"[{""start"": 10130, ""end"": 10187, ""quote"": ""* Permit local variables and other expressions like `c()`""}]",model_drafted_unreviewed,,
validation,parsed,raw,validation-12,validation-12-q02,What does RFC 2515 propose?,"[""`impl Trait` syntax be allowed in type aliases and in associated types""]",True,RFC 2515 proposes that `impl Trait` syntax be allowed in type aliases and in associated types in Rust. This feature helps API designers avoid leaking unwanted implementation details and closes certain fundamental expressiveness gaps in the language.,True,value_mismatch,https://github.com/rust-lang/lang-team/blob/cf7fec8b0fb6b9ad85b0cb3d50566f0b0847f8f9/design-meeting-minutes/2023-05-31-TAIT-stabilization.md,"[{""start"": 95, ""end"": 189, ""quote"": ""That RFC proposed that `impl Trait` syntax be allowed in type aliases and in associated types.""}]",model_drafted_unreviewed,,
validation,parsed,raw,validation-12,validation-12-q03,Do meeting participants want to stabilize TAIT quickly?,"[""yes""]",True,,,provider_failure,https://github.com/rust-lang/lang-team/blob/cf7fec8b0fb6b9ad85b0cb3d50566f0b0847f8f9/design-meeting-minutes/2023-05-31-TAIT-stabilization.md,"[{""start"": 352, ""end"": 412, ""quote"": ""We would like to stabilize this feature quickly if possible.""}]",model_drafted_unreviewed,,
validation,parsed,raw,validation-12,validation-12-q04,Is TAIT considered a long-awaited feature?,"[""yes""]",True,,,provider_failure,https://github.com/rust-lang/lang-team/blob/cf7fec8b0fb6b9ad85b0cb3d50566f0b0847f8f9/design-meeting-minutes/2023-05-31-TAIT-stabilization.md,"[{""start"": 190, ""end"": 221, ""quote"": ""This is a long-awaited feature.""}]",model_drafted_unreviewed,,
validation,parsed,raw,validation-12,validation-12-q09,Is there an explicit deadline for stabilizing TAIT mentioned in the excerpt?,"[""not found""]",False,no,True,unsupported_answer,https://github.com/rust-lang/lang-team/blob/cf7fec8b0fb6b9ad85b0cb3d50566f0b0847f8f9/design-meeting-minutes/2023-05-31-TAIT-stabilization.md,"[{""start"": 352, ""end"": 412, ""quote"": ""We would like to stabilize this feature quickly if possible.""}]",model_drafted_unreviewed,,
validation,parsed,raw,validation-12,validation-12-q10,Is there a disagreement about the usefulness of TAIT in the excerpt?,"[""not found""]",False,"No, there is no disagreement about the usefulness of TAIT in the excerpt. The document consistently presents TAIT as a valuable feature that closes expressiveness gaps and improves API design.",True,unsupported_answer,https://github.com/rust-lang/lang-team/blob/cf7fec8b0fb6b9ad85b0cb3d50566f0b0847f8f9/design-meeting-minutes/2023-05-31-TAIT-stabilization.md,"[{""start"": 190, ""end"": 221, ""quote"": ""This is a long-awaited feature.""}]",model_drafted_unreviewed,,
test,gold,evolved,test-01,test-01-language-09,What deadline is recorded for the disagreement about “YSV has a concern about the agenda and how much we have in it and that a few things were added close to the deadline resulting in inability to fully review everything.”?,"[""not found""]",False,not specified,True,unsupported_answer,https://github.com/tc39/notes/blob/e8015bc18c938be9ceaea5c49618a9f21158df48/meetings/2024-10/october-08.md,"[{""start"": 1875, ""end"": 1941, ""quote"": ""YSV: I have a concern about the agenda and how much we have in it.""}]",model_drafted_unreviewed,,
test,gold,evolved,test-03,test-03-language-05,Who is named for the agreement about “It was approved in December”?,"[""SHN""]",True,not found,False,wrong_abstention,https://github.com/tc39/notes/blob/e8015bc18c938be9ceaea5c49618a9f21158df48/meetings/2025-02/february-18.md,"[{""start"": 3916, ""end"": 3944, ""quote"": ""It was approved in December.""}]",model_drafted_unreviewed,,
test,gold,evolved,test-03,test-03-language-08,What deadline is recorded for the agreement about “That was approved at the December GA”?,"[""not found""]",False,December,True,unsupported_answer,https://github.com/tc39/notes/blob/e8015bc18c938be9ceaea5c49618a9f21158df48/meetings/2025-02/february-18.md,"[{""start"": 2936, ""end"": 2973, ""quote"": ""That was approved at the December GA.""}]",model_drafted_unreviewed,,
test,gold,evolved,test-04,test-04-language-02,What deadline is recorded for the action about “Jesse alma volunteered to help out with the notes”?,"[""Day One—14 April 2025""]",True,14 April 2025,True,value_mismatch,https://github.com/tc39/notes/blob/e8015bc18c938be9ceaea5c49618a9f21158df48/meetings/2025-04/april-14.md,"[{""start"": 7855, ""end"": 7875, ""quote"": ""JMN: I can help out.""}]",model_drafted_unreviewed,,
test,gold,evolved,test-05,test-05-language-02,What deadline is recorded for the action about “Please fill this out”?,"[""during meeting""]",True,@during meeting,True,value_mismatch,https://github.com/tc39/notes/blob/e8015bc18c938be9ceaea5c49618a9f21158df48/meetings/2025-05/may-28.md,"[{""start"": 3816, ""end"": 3853, ""quote"": ""If you haven’t, please fill this out.""}]",model_drafted_unreviewed,,
test,gold,evolved,test-05,test-05-language-08,Was “Adopt the current agenda” decided?,"[""not found""]",False,yes,True,unsupported_answer,https://github.com/tc39/notes/blob/e8015bc18c938be9ceaea5c49618a9f21158df48/meetings/2025-05/may-28.md,"[{""start"": 9704, ""end"": 9768, ""quote"": ""USA: Now, let’s give another minute to adopt the current agenda.""}]",model_drafted_unreviewed,,
test,gold,evolved,test-06,test-06-language-06,Is an agreement about “No one speaking up. So we can consider the previous minutes are approved.” explicitly recorded?,"[""yes""]",True,not found,False,wrong_abstention,https://github.com/tc39/notes/blob/e8015bc18c938be9ceaea5c49618a9f21158df48/meetings/2025-07/july-28.md,"[{""start"": 6441, ""end"": 6460, ""quote"": ""No one speaking up.""}]",model_drafted_unreviewed,,
test,gold,evolved,test-07,test-07-language-02,"What deadline is recorded for the proposal about “We are looking for two TC39 heroes, who are willing to help with the notes for this session.”?","[""during the meeting""]",True,not found,False,wrong_abstention,https://github.com/tc39/notes/blob/e8015bc18c938be9ceaea5c49618a9f21158df48/meetings/2025-09/september-22.md,"[{""start"": 5673, ""end"": 5742, ""quote"": ""TC39 heroes, who are willing to help with the notes for this session.""}]",model_drafted_unreviewed,,
test,gold,evolved,test-07,test-07-language-05,"What deadline is recorded for the agreement about “JMN: I can help with the first block, but not for the final presentation about the amount.”?","[""during the meeting""]",True,not found,False,wrong_abstention,https://github.com/tc39/notes/blob/e8015bc18c938be9ceaea5c49618a9f21158df48/meetings/2025-09/september-22.md,"[{""start"": 5929, ""end"": 6019, ""quote"": ""JMN: I can help with the first block, but not for the final presentation about the amount.""}]",model_drafted_unreviewed,,
test,gold,evolved,test-07,test-07-language-07,"Was “We are looking for two TC39 heroes, who are willing to help with the notes for this session.” decided?","[""not found""]",False,no,True,unsupported_answer,https://github.com/tc39/notes/blob/e8015bc18c938be9ceaea5c49618a9f21158df48/meetings/2025-09/september-22.md,"[{""start"": 5673, ""end"": 5742, ""quote"": ""TC39 heroes, who are willing to help with the notes for this session.""}]",model_drafted_unreviewed,,
test,gold,evolved,test-09,test-09-language-07,Was “Trying to arrange a TG5 workshop on either the Monday or the Friday” decided?,"[""not found""]",False,no,True,unsupported_answer,https://github.com/tc39/notes/blob/e8015bc18c938be9ceaea5c49618a9f21158df48/meetings/2026-01/january-20.md,"[{""start"": 7483, ""end"": 7563, ""quote"": ""We are also trying to arrange a TG5 workshop on either the Monday or the Friday.""}]",model_drafted_unreviewed,,
test,gold,evolved,test-09,test-09-language-10,What deadline is recorded for the proposal about “Trying to arrange a TG5 workshop on either the Monday or the Friday”?,"[""not specified""]",True,not found,False,wrong_abstention,https://github.com/tc39/notes/blob/e8015bc18c938be9ceaea5c49618a9f21158df48/meetings/2026-01/january-20.md,"[{""start"": 7483, ""end"": 7563, ""quote"": ""We are also trying to arrange a TG5 workshop on either the Monday or the Friday.""}]",model_drafted_unreviewed,,
test,gold,evolved,test-10,test-10-language-07,Was “Adopt the current agenda for the meeting” decided?,"[""not found""]",False,yes,True,unsupported_answer,https://github.com/tc39/notes/blob/e8015bc18c938be9ceaea5c49618a9f21158df48/meetings/2026-03/march-10.md,"[{""start"": 9718, ""end"": 9758, ""quote"": ""Next up, adoption of the current agenda.""}]",model_drafted_unreviewed,,
test,gold,evolved,test-12,test-12-language-05,What deadline is recorded for the proposal about “Use TCQ for communication during the meeting”?,"[""During meeting""]",True,not found,False,wrong_abstention,https://github.com/tc39/notes/blob/e8015bc18c938be9ceaea5c49618a9f21158df48/meetings/2026-07/july-20.md,"[{""start"": 2423, ""end"": 2613, ""quote"": ""Communication tools: hopefully folks are familiar already with TCQ, and we have got the screenshots updated to reflect the new, fancy TCQ, courtesy of Michael Ficarra and other contributors.""}]",model_drafted_unreviewed,,
test,gold,evolved,test-12,test-12-language-07,Was “Use TCQ for communication during the meeting” decided?,"[""not found""]",False,no,True,unsupported_answer,https://github.com/tc39/notes/blob/e8015bc18c938be9ceaea5c49618a9f21158df48/meetings/2026-07/july-20.md,"[{""start"": 2423, ""end"": 2613, ""quote"": ""Communication tools: hopefully folks are familiar already with TCQ, and we have got the screenshots updated to reflect the new, fancy TCQ, courtesy of Michael Ficarra and other contributors.""}]",model_drafted_unreviewed,,
test,gold,raw,test-01,test-01-language-05,Who is named for the disagreement about “YSV has a concern about the agenda and how much we have in it and that a few things were added close to the deadline resulting in inability to fully review everything.”?,"[""Yulia Startsev""]",True,YSV,True,value_mismatch,https://github.com/tc39/notes/blob/e8015bc18c938be9ceaea5c49618a9f21158df48/meetings/2024-10/october-08.md,"[{""start"": 1875, ""end"": 1941, ""quote"": ""YSV: I have a concern about the agenda and how much we have in it.""}]",model_drafted_unreviewed,,
test,gold,raw,test-01,test-01-language-07,What deadline is recorded for the decision about “The previous minutes are approved.”?,"[""not found""]",False,not found,True,unsupported_answer,https://github.com/tc39/notes/blob/e8015bc18c938be9ceaea5c49618a9f21158df48/meetings/2024-10/october-08.md,"[{""start"": 1630, ""end"": 1669, ""quote"": ""RPR: The previous minutes are approved.""}]",model_drafted_unreviewed,,
test,gold,raw,test-01,test-01-language-08,What deadline is recorded for the agreement about “We have consensus to adopt the current agenda.”?,"[""not found""]",False,not explicitly stated,True,unsupported_answer,https://github.com/tc39/notes/blob/e8015bc18c938be9ceaea5c49618a9f21158df48/meetings/2024-10/october-08.md,"[{""start"": 2429, ""end"": 2525, ""quote"": ""So I believe that we are adopting the current agenda and we will have those conversations later.""}]",model_drafted_unreviewed,,
test,gold,raw,test-01,test-01-language-09,What deadline is recorded for the disagreement about “YSV has a concern about the agenda and how much we have in it and that a few things were added close to the deadline resulting in inability to fully review everything.”?,"[""not found""]",False,not specified,True,unsupported_answer,https://github.com/tc39/notes/blob/e8015bc18c938be9ceaea5c49618a9f21158df48/meetings/2024-10/october-08.md,"[{""start"": 1875, ""end"": 1941, ""quote"": ""YSV: I have a concern about the agenda and how much we have in it.""}]",model_drafted_unreviewed,,
test,gold,raw,test-02,test-02-language-02,Is an action about “get a couple of volunteers to assist with the note taking to polish up the notes as we go” explicitly recorded?,"[""yes""]",True,Rob Palmer (RPR) requested a couple of volunteers to assist with note taking to polish up the notes as the meeting progresses.,True,value_mismatch,https://github.com/tc39/notes/blob/e8015bc18c938be9ceaea5c49618a9f21158df48/meetings/2024-12/december-02.md,"[{""start"": 1476, ""end"": 1591, ""quote"": ""Before we start, could I get a couple of volunteers to assist with the note taking to polish up the notes as we go.""}]",model_drafted_unreviewed,,
test,gold,raw,test-02,test-02-language-05,Who is named for the decision about “previous minutes are approved”?,"[""Rob Palmer""]",True,no one,True,value_mismatch,https://github.com/tc39/notes/blob/e8015bc18c938be9ceaea5c49618a9f21158df48/meetings/2024-12/december-02.md,"[{""start"": 7462, ""end"": 7480, ""quote"": ""They are approved.""}]",model_drafted_unreviewed,,
test,gold,raw,test-02,test-02-language-08,What deadline is recorded for the agreement about “Silence means no objections to approving the previous minutes”?,"[""not found""]",False,no deadline recorded,True,unsupported_answer,https://github.com/tc39/notes/blob/e8015bc18c938be9ceaea5c49618a9f21158df48/meetings/2024-12/december-02.md,"[{""start"": 7373, ""end"": 7461, ""quote"": ""Are there any objections to approving the previous minutes? Silence means no objections.""}]",model_drafted_unreviewed,,
test,gold,raw,test-02,test-02-language-09,What deadline is recorded for the decision about “previous minutes are approved”?,"[""not found""]",False,"No objections were raised, so the previous minutes were approved during the meeting itself.",True,unsupported_answer,https://github.com/tc39/notes/blob/e8015bc18c938be9ceaea5c49618a9f21158df48/meetings/2024-12/december-02.md,"[{""start"": 7462, ""end"": 7480, ""quote"": ""They are approved.""}]",model_drafted_unreviewed,,
test,gold,raw,test-02,test-02-language-10,What deadline is recorded for the agreement about “No objections against proceeding with the current agenda”?,"[""not found""]",False,no deadline recorded,True,unsupported_answer,https://github.com/tc39/notes/blob/e8015bc18c938be9ceaea5c49618a9f21158df48/meetings/2024-12/december-02.md,"[{""start"": 7514, ""end"": 7594, ""quote"": ""Are there any objections against proceeding with the current agenda? None? Okay.""}]",model_drafted_unreviewed,,
test,gold,raw,test-03,test-03-language-01,Who is named for the agreement about “It is published and was approved at the December GA”?,"[""SHN""]",True,Nicolò Ribaudo,True,value_mismatch,https://github.com/tc39/notes/blob/e8015bc18c938be9ceaea5c49618a9f21158df48/meetings/2025-02/february-18.md,"[{""start"": 2343, ""end"": 2473, ""quote"": ""It is published and was approved at the December GA and want to bring that to everybody’s attention if you were not already aware.""}]",model_drafted_unreviewed,,
test,gold,raw,test-03,test-03-language-03,Who is named for the agreement about “That was approved at the December GA”?,"[""SHN""]",True,Nicolò Ribaudo,True,value_mismatch,https://github.com/tc39/notes/blob/e8015bc18c938be9ceaea5c49618a9f21158df48/meetings/2025-02/february-18.md,"[{""start"": 2936, ""end"": 2973, ""quote"": ""That was approved at the December GA.""}]",model_drafted_unreviewed,,
test,gold,raw,test-03,test-03-language-05,Who is named for the agreement about “It was approved in December”?,"[""SHN""]",True,Samina Husain,True,value_mismatch,https://github.com/tc39/notes/blob/e8015bc18c938be9ceaea5c49618a9f21158df48/meetings/2025-02/february-18.md,"[{""start"": 3916, ""end"": 3944, ""quote"": ""It was approved in December.""}]",model_drafted_unreviewed,,
test,gold,raw,test-03,test-03-language-07,What deadline is recorded for the agreement about “It is published and was approved at the December GA”?,"[""not found""]",False,December,True,unsupported_answer,https://github.com/tc39/notes/blob/e8015bc18c938be9ceaea5c49618a9f21158df48/meetings/2025-02/february-18.md,"[{""start"": 2343, ""end"": 2473, ""quote"": ""It is published and was approved at the December GA and want to bring that to everybody’s attention if you were not already aware.""}]",model_drafted_unreviewed,,
test,gold,raw,test-03,test-03-language-08,What deadline is recorded for the agreement about “That was approved at the December GA”?,"[""not found""]",False,December,True,unsupported_answer,https://github.com/tc39/notes/blob/e8015bc18c938be9ceaea5c49618a9f21158df48/meetings/2025-02/february-18.md,"[{""start"": 2936, ""end"": 2973, ""quote"": ""That was approved at the December GA.""}]",model_drafted_unreviewed,,
test,gold,raw,test-03,test-03-language-09,What deadline is recorded for the agreement about “It was approved in December”?,"[""not found""]",False,December,True,unsupported_answer,https://github.com/tc39/notes/blob/e8015bc18c938be9ceaea5c49618a9f21158df48/meetings/2025-02/february-18.md,"[{""start"": 3916, ""end"": 3944, ""quote"": ""It was approved in December.""}]",model_drafted_unreviewed,,
test,gold,raw,test-04,test-04-language-01,Who is named for the action about “Jesse alma volunteered to help out with the notes”?,"[""Jesse alma""]",True,Jesse Alama,True,value_mismatch,https://github.com/tc39/notes/blob/e8015bc18c938be9ceaea5c49618a9f21158df48/meetings/2025-04/april-14.md,"[{""start"": 7855, ""end"": 7875, ""quote"": ""JMN: I can help out.""}]",model_drafted_unreviewed,,
test,gold,raw,test-04,test-04-language-02,What deadline is recorded for the action about “Jesse alma volunteered to help out with the notes”?,"[""Day One—14 April 2025""]",True,not found,False,wrong_abstention,https://github.com/tc39/notes/blob/e8015bc18c938be9ceaea5c49618a9f21158df48/meetings/2025-04/april-14.md,"[{""start"": 7855, ""end"": 7875, ""quote"": ""JMN: I can help out.""}]",model_drafted_unreviewed,,
test,gold,raw,test-04,test-04-language-03,Is an action about “Jesse alma volunteered to help out with the notes” explicitly recorded?,"[""yes""]",True,Jesse Alama volunteered to help out with the notes.,True,value_mismatch,https://github.com/tc39/notes/blob/e8015bc18c938be9ceaea5c49618a9f21158df48/meetings/2025-04/april-14.md,"[{""start"": 7855, ""end"": 7875, ""quote"": ""JMN: I can help out.""}]",model_drafted_unreviewed,,
test,gold,raw,test-04,test-04-language-05,What deadline is recorded for the action about “Ashley Claymore volunteered to take an easy slot for note taking”?,"[""Day One—14 April 2025""]",True,not found,False,wrong_abstention,https://github.com/tc39/notes/blob/e8015bc18c938be9ceaea5c49618a9f21158df48/meetings/2025-04/april-14.md,"[{""start"": 8188, ""end"": 8216, ""quote"": ""ACE: I’ll take an easy slot.""}]",model_drafted_unreviewed,,
test,gold,raw,test-04,test-04-language-06,Is an action about “Ashley Claymore volunteered to take an easy slot for note taking” explicitly recorded?,"[""yes""]",True,Ashley Claymore volunteered to take an easy slot for note taking.,True,value_mismatch,https://github.com/tc39/notes/blob/e8015bc18c938be9ceaea5c49618a9f21158df48/meetings/2025-04/april-14.md,"[{""start"": 8188, ""end"": 8216, ""quote"": ""ACE: I’ll take an easy slot.""}]",model_drafted_unreviewed,,
test,gold,raw,test-04,test-04-language-07,Was “Direct folks to make commits directly to resolve open suggestions on the previous minutes PR” decided?,"[""not found""]",False,"No, it was proposed by Chris de Almeida but not decided.",True,unsupported_answer,https://github.com/tc39/notes/blob/e8015bc18c938be9ceaea5c49618a9f21158df48/meetings/2025-04/april-14.md,"[{""start"": 8661, ""end"": 8971, ""quote"": ""We should direct those folks to just submit, like, just make those commits directly, because like this commonly happens where somebody’s waiting for, I guess, the PR author to approve the suggestions, but they should just feel free to make them, but we should make a point to get this done as soon as possible.""}]",model_drafted_unreviewed,,
test,gold,raw,test-04,test-04-language-09,What deadline is recorded for the proposal about “Direct folks to make commits directly to resolve open suggestions on the previous minutes PR”?,"[""as soon as possible""]",True,not found,False,wrong_abstention,https://github.com/tc39/notes/blob/e8015bc18c938be9ceaea5c49618a9f21158df48/meetings/2025-04/april-14.md,"[{""start"": 8661, ""end"": 8971, ""quote"": ""We should direct those folks to just submit, like, just make those commits directly, because like this commonly happens where somebody’s waiting for, I guess, the PR author to approve the suggestions, but they should just feel free to make them, but we should make a point to get this done as soon as possible.""}]",model_drafted_unreviewed,,
test,gold,raw,test-04,test-04-language-10,Is a proposal about “Direct folks to make commits directly to resolve open suggestions on the previous minutes PR” explicitly recorded?,"[""yes""]",True,"Yes, Chris de Almeida (CDA) proposed directing folks to make commits directly to resolve open suggestions on the previous minutes PR.",True,value_mismatch,https://github.com/tc39/notes/blob/e8015bc18c938be9ceaea5c49618a9f21158df48/meetings/2025-04/april-14.md,"[{""start"": 8661, ""end"": 8971, ""quote"": ""We should direct those folks to just submit, like, just make those commits directly, because like this commonly happens where somebody’s waiting for, I guess, the PR author to approve the suggestions, but they should just feel free to make them, but we should make a point to get this done as soon as possible.""}]",model_drafted_unreviewed,,
test,gold,raw,test-05,test-05-language-01,Who is named for the action about “Please fill this out”?,"[""attendees joining online""]",True,USA,True,value_mismatch,https://github.com/tc39/notes/blob/e8015bc18c938be9ceaea5c49618a9f21158df48/meetings/2025-05/may-28.md,"[{""start"": 3816, ""end"": 3853, ""quote"": ""If you haven’t, please fill this out.""}]",model_drafted_unreviewed,,
test,gold,raw,test-05,test-05-language-02,What deadline is recorded for the action about “Please fill this out”?,"[""during meeting""]",True,not found,False,wrong_abstention,https://github.com/tc39/notes/blob/e8015bc18c938be9ceaea5c49618a9f21158df48/meetings/2025-05/may-28.md,"[{""start"": 3816, ""end"": 3853, ""quote"": ""If you haven’t, please fill this out.""}]",model_drafted_unreviewed,,
test,gold,raw,test-05,test-05-language-03,Is an action about “Please fill this out” explicitly recorded?,"[""yes""]",True,"Yes, the action to fill out the form for online participants is explicitly recorded by Ujjwal Sharma (USA).",True,value_mismatch,https://github.com/tc39/notes/blob/e8015bc18c938be9ceaea5c49618a9f21158df48/meetings/2025-05/may-28.md,"[{""start"": 3816, ""end"": 3853, ""quote"": ""If you haven’t, please fill this out.""}]",model_drafted_unreviewed,,
test,gold,raw,test-05,test-05-language-04,Who is named for the proposal about “We continue with the COVID measures as expected from the previous meeting”?,"[""USA""]",True,Ujjwal Sharma,True,value_mismatch,https://github.com/tc39/notes/blob/e8015bc18c938be9ceaea5c49618a9f21158df48/meetings/2025-05/may-28.md,"[{""start"": 3133, ""end"": 3307, ""quote"": ""We continue with the COVID measures as expected from the previous meeting, we will follow them if you have any concerns regarding them, contact us we would like to do better.""}]",model_drafted_unreviewed,,
test,gold,raw,test-05,test-05-language-05,What deadline is recorded for the proposal about “We continue with the COVID measures as expected from the previous meeting”?,"[""ongoing""]",True,not found,False,wrong_abstention,https://github.com/tc39/notes/blob/e8015bc18c938be9ceaea5c49618a9f21158df48/meetings/2025-05/may-28.md,"[{""start"": 3133, ""end"": 3307, ""quote"": ""We continue with the COVID measures as expected from the previous meeting, we will follow them if you have any concerns regarding them, contact us we would like to do better.""}]",model_drafted_unreviewed,,
test,gold,raw,test-05,test-05-language-06,Is a proposal about “We continue with the COVID measures as expected from the previous meeting” explicitly recorded?,"[""yes""]",True,"We continue with the COVID measures as expected from the previous meeting is explicitly recorded as a statement, not as a proposal.",True,value_mismatch,https://github.com/tc39/notes/blob/e8015bc18c938be9ceaea5c49618a9f21158df48/meetings/2025-05/may-28.md,"[{""start"": 3133, ""end"": 3307, ""quote"": ""We continue with the COVID measures as expected from the previous meeting, we will follow them if you have any concerns regarding them, contact us we would like to do better.""}]",model_drafted_unreviewed,,
test,gold,raw,test-05,test-05-language-08,Was “Adopt the current agenda” decided?,"[""not found""]",False,yes,True,unsupported_answer,https://github.com/tc39/notes/blob/e8015bc18c938be9ceaea5c49618a9f21158df48/meetings/2025-05/may-28.md,"[{""start"": 9704, ""end"": 9768, ""quote"": ""USA: Now, let’s give another minute to adopt the current agenda.""}]",model_drafted_unreviewed,,
test,gold,raw,test-05,test-05-language-09,Who is named for the decision about “This is the first meeting where we move to not mandatory masking”?,"[""USA""]",True,Ujjwal Sharma,True,value_mismatch,https://github.com/tc39/notes/blob/e8015bc18c938be9ceaea5c49618a9f21158df48/meetings/2025-05/may-28.md,"[{""start"": 3308, ""end"": 3413, ""quote"": ""Regarding the mask policy specifically, this is the first meeting where we move to not mandatory masking.""}]",model_drafted_unreviewed,,
test,gold,raw,test-05,test-05-language-10,What deadline is recorded for the decision about “This is the first meeting where we move to not mandatory masking”?,"[""this meeting""]",True,not found,False,wrong_abstention,https://github.com/tc39/notes/blob/e8015bc18c938be9ceaea5c49618a9f21158df48/meetings/2025-05/may-28.md,"[{""start"": 3308, ""end"": 3413, ""quote"": ""Regarding the mask policy specifically, this is the first meeting where we move to not mandatory masking.""}]",model_drafted_unreviewed,,
test,gold,raw,test-06,test-06-language-01,Who is named for the action about “Please could we have a couple of volunteers to help out with editing the notes?”?,"[""Rob Palmer""]",True,not found,False,wrong_abstention,https://github.com/tc39/notes/blob/e8015bc18c938be9ceaea5c49618a9f21158df48/meetings/2025-07/july-28.md,"[{""start"": 2163, ""end"": 2242, ""quote"": ""Please could we have a couple of volunteers to help out with editing the notes?""}]",model_drafted_unreviewed,,
test,gold,raw,test-06,test-06-language-02,Is an action about “Please could we have a couple of volunteers to help out with editing the notes?” explicitly recorded?,"[""yes""]",True,not found,False,wrong_abstention,https://github.com/tc39/notes/blob/e8015bc18c938be9ceaea5c49618a9f21158df48/meetings/2025-07/july-28.md,"[{""start"": 2163, ""end"": 2242, ""quote"": ""Please could we have a couple of volunteers to help out with editing the notes?""}]",model_drafted_unreviewed,,
test,gold,raw,test-06,test-06-language-03,Who is named for the proposal about “Please can everyone remember to sign-in using the regular meeting entry form.”?,"[""Rob Palmer""]",True,not found,False,wrong_abstention,https://github.com/tc39/notes/blob/e8015bc18c938be9ceaea5c49618a9f21158df48/meetings/2025-07/july-28.md,"[{""start"": 2270, ""end"": 2350, ""quote"": ""So please can everyone remember to sign-in using the regular meeting entry form.""}]",model_drafted_unreviewed,,
test,gold,raw,test-06,test-06-language-04,Is a proposal about “Please can everyone remember to sign-in using the regular meeting entry form.” explicitly recorded?,"[""yes""]",True,"Yes, the request for everyone to remember to sign-in using the regular meeting entry form is explicitly recorded in the opening remarks by Rob Palmer.",True,value_mismatch,https://github.com/tc39/notes/blob/e8015bc18c938be9ceaea5c49618a9f21158df48/meetings/2025-07/july-28.md,"[{""start"": 2270, ""end"": 2350, ""quote"": ""So please can everyone remember to sign-in using the regular meeting entry form.""}]",model_drafted_unreviewed,,
test,gold,raw,test-06,test-06-language-09,Was “Please can everyone remember to sign-in using the regular meeting entry form.” decided?,"[""not found""]",False,yes,True,unsupported_answer,https://github.com/tc39/notes/blob/e8015bc18c938be9ceaea5c49618a9f21158df48/meetings/2025-07/july-28.md,"[{""start"": 2270, ""end"": 2350, ""quote"": ""So please can everyone remember to sign-in using the regular meeting entry form.""}]",model_drafted_unreviewed,,
test,gold,raw,test-07,test-07-language-01,"Who is named for the proposal about “We are looking for two TC39 heroes, who are willing to help with the notes for this session.”?","[""Chris de Almeida""]",True,Jesse Alama,True,value_mismatch,https://github.com/tc39/notes/blob/e8015bc18c938be9ceaea5c49618a9f21158df48/meetings/2025-09/september-22.md,"[{""start"": 5673, ""end"": 5742, ""quote"": ""TC39 heroes, who are willing to help with the notes for this session.""}]",model_drafted_unreviewed,,
test,gold,raw,test-07,test-07-language-02,"What deadline is recorded for the proposal about “We are looking for two TC39 heroes, who are willing to help with the notes for this session.”?","[""during the meeting""]",True,not found,False,wrong_abstention,https://github.com/tc39/notes/blob/e8015bc18c938be9ceaea5c49618a9f21158df48/meetings/2025-09/september-22.md,"[{""start"": 5673, ""end"": 5742, ""quote"": ""TC39 heroes, who are willing to help with the notes for this session.""}]",model_drafted_unreviewed,,
test,gold,raw,test-07,test-07-language-03,"Is a proposal about “We are looking for two TC39 heroes, who are willing to help with the notes for this session.” explicitly recorded?","[""yes""]",True,"Yes, the proposal about looking for two TC39 heroes to help with the notes for this session is explicitly recorded.",True,value_mismatch,https://github.com/tc39/notes/blob/e8015bc18c938be9ceaea5c49618a9f21158df48/meetings/2025-09/september-22.md,"[{""start"": 5673, ""end"": 5742, ""quote"": ""TC39 heroes, who are willing to help with the notes for this session.""}]",model_drafted_unreviewed,,
test,gold,raw,test-07,test-07-language-05,"What deadline is recorded for the agreement about “JMN: I can help with the first block, but not for the final presentation about the amount.”?","[""during the meeting""]",True,not found,False,wrong_abstention,https://github.com/tc39/notes/blob/e8015bc18c938be9ceaea5c49618a9f21158df48/meetings/2025-09/september-22.md,"[{""start"": 5929, ""end"": 6019, ""quote"": ""JMN: I can help with the first block, but not for the final presentation about the amount.""}]",model_drafted_unreviewed,,
test,gold,raw,test-07,test-07-language-06,"Is an agreement about “JMN: I can help with the first block, but not for the final presentation about the amount.” explicitly recorded?","[""yes""]",True,"JMN volunteered to help with the first block of notes but not for the final presentation about the amount, and CDA acknowledged and accepted this arrangement.",True,value_mismatch,https://github.com/tc39/notes/blob/e8015bc18c938be9ceaea5c49618a9f21158df48/meetings/2025-09/september-22.md,"[{""start"": 5929, ""end"": 6019, ""quote"": ""JMN: I can help with the first block, but not for the final presentation about the amount.""}]",model_drafted_unreviewed,,
test,gold,raw,test-07,test-07-language-07,"Was “We are looking for two TC39 heroes, who are willing to help with the notes for this session.” decided?","[""not found""]",False,"Yes, Jesse Alama (JMN) volunteered to help with the first block of notes, and the meeting was seeking one more person to help Jesse.",True,unsupported_answer,https://github.com/tc39/notes/blob/e8015bc18c938be9ceaea5c49618a9f21158df48/meetings/2025-09/september-22.md,"[{""start"": 5673, ""end"": 5742, ""quote"": ""TC39 heroes, who are willing to help with the notes for this session.""}]",model_drafted_unreviewed,,
test,gold,raw,test-07,test-07-language-08,Was “Can we get one more person to help Jesse on the notes?” decided?,"[""not found""]",False,"Yes, Jesse Alama volunteered to help with the first block of notes, but not for the final presentation. The request was for one more person to help Jesse, but no explicit decision or volunteer for the second note-taker was recorded in the provided facts.",True,unsupported_answer,https://github.com/tc39/notes/blob/e8015bc18c938be9ceaea5c49618a9f21158df48/meetings/2025-09/september-22.md,"[{""start"": 6181, ""end"": 6235, ""quote"": ""Can we get one more person to help Jesse on the notes?""}]",model_drafted_unreviewed,,
test,gold,raw,test-07,test-07-language-09,"Was “If you or your organization want to participate, please reach out to me, to show interest to participate in the new TC.” decided?","[""not found""]",False,no,True,unsupported_answer,https://github.com/tc39/notes/blob/e8015bc18c938be9ceaea5c49618a9f21158df48/meetings/2025-09/september-22.md,"[{""start"": 8155, ""end"": 8307, ""quote"": ""Also to bring to your attention, if you or your organization want to participate, please reach out to me, to show interest to participate in the new TC.""}]",model_drafted_unreviewed,,
test,gold,raw,test-08,test-08-language-03,"Who is named for the agreement about “We’re assisted by our facilitators Justin, Daniel here, Dan Minor, and Daniel remotely.”?","[""Rob Palmer""]",True,"Justin, Daniel, Dan Minor, and Daniel",True,value_mismatch,https://github.com/tc39/notes/blob/e8015bc18c938be9ceaea5c49618a9f21158df48/meetings/2025-11/november-18.md,"[{""start"": 3260, ""end"": 3347, ""quote"": ""We’re assisted by our facilitators Justin, Daniel here, Dan Minor, and Daniel remotely.""}]",model_drafted_unreviewed,,
test,gold,raw,test-08,test-08-language-04,"Is an agreement about “We’re assisted by our facilitators Justin, Daniel here, Dan Minor, and Daniel remotely.” explicitly recorded?","[""yes""]",True,"Yes, the statement 'We’re assisted by our facilitators Justin, Daniel here, Dan Minor, and Daniel remotely.' is explicitly recorded in the meeting facts.",True,value_mismatch,https://github.com/tc39/notes/blob/e8015bc18c938be9ceaea5c49618a9f21158df48/meetings/2025-11/november-18.md,"[{""start"": 3260, ""end"": 3347, ""quote"": ""We’re assisted by our facilitators Justin, Daniel here, Dan Minor, and Daniel remotely.""}]",model_drafted_unreviewed,,
test,gold,raw,test-08,test-08-language-05,Who is named for the proposal about “Please make sure you also sign in for the Zoom video feed as well.”?,"[""Rob Palmer""]",True,not found,False,wrong_abstention,https://github.com/tc39/notes/blob/e8015bc18c938be9ceaea5c49618a9f21158df48/meetings/2025-11/november-18.md,"[{""start"": 3990, ""end"": 4135, ""quote"": ""Today everyone here obviously has signed in as registered to be in person, but please make sure you also sign in for the Zoom video feed as well.""}]",model_drafted_unreviewed,,
test,gold,raw,test-08,test-08-language-06,Is a proposal about “Please make sure you also sign in for the Zoom video feed as well.” explicitly recorded?,"[""yes""]",True,not found,False,wrong_abstention,https://github.com/tc39/notes/blob/e8015bc18c938be9ceaea5c49618a9f21158df48/meetings/2025-11/november-18.md,"[{""start"": 3990, ""end"": 4135, ""quote"": ""Today everyone here obviously has signed in as registered to be in person, but please make sure you also sign in for the Zoom video feed as well.""}]",model_drafted_unreviewed,,
test,gold,raw,test-08,test-08-language-10,Was “Please make sure you also sign in for the Zoom video feed as well.” decided?,"[""not found""]",False,no,True,unsupported_answer,https://github.com/tc39/notes/blob/e8015bc18c938be9ceaea5c49618a9f21158df48/meetings/2025-11/november-18.md,"[{""start"": 3990, ""end"": 4135, ""quote"": ""Today everyone here obviously has signed in as registered to be in person, but please make sure you also sign in for the Zoom video feed as well.""}]",model_drafted_unreviewed,,
test,gold,raw,test-09,test-09-language-02,What deadline is recorded for the action about “Ben Allen to help with the notes”?,"[""not specified""]",True,not found,False,wrong_abstention,https://github.com/tc39/notes/blob/e8015bc18c938be9ceaea5c49618a9f21158df48/meetings/2026-01/january-20.md,"[{""start"": 6492, ""end"": 6590, ""quote"": ""Who would like to be our first volunteer for helping with the notes? Okay, BAN, straight in there.""}]",model_drafted_unreviewed,,
test,gold,raw,test-09,test-09-language-03,Is an action about “Ben Allen to help with the notes” explicitly recorded?,"[""yes""]",True,Ben Allen is assigned to help with the notes.,True,value_mismatch,https://github.com/tc39/notes/blob/e8015bc18c938be9ceaea5c49618a9f21158df48/meetings/2026-01/january-20.md,"[{""start"": 6492, ""end"": 6590, ""quote"": ""Who would like to be our first volunteer for helping with the notes? Okay, BAN, straight in there.""}]",model_drafted_unreviewed,,
test,gold,raw,test-09,test-09-language-05,What deadline is recorded for the action about “Shane F Carr to help with the notes for the first hour”?,"[""not specified""]",True,not found,False,wrong_abstention,https://github.com/tc39/notes/blob/e8015bc18c938be9ceaea5c49618a9f21158df48/meetings/2026-01/january-20.md,"[{""start"": 7155, ""end"": 7190, ""quote"": ""SFC: I can help for the first hour.""}]",model_drafted_unreviewed,,
test,gold,raw,test-09,test-09-language-07,Was “Trying to arrange a TG5 workshop on either the Monday or the Friday” decided?,"[""not found""]",False,no,True,unsupported_answer,https://github.com/tc39/notes/blob/e8015bc18c938be9ceaea5c49618a9f21158df48/meetings/2026-01/january-20.md,"[{""start"": 7483, ""end"": 7563, ""quote"": ""We are also trying to arrange a TG5 workshop on either the Monday or the Friday.""}]",model_drafted_unreviewed,,
test,gold,raw,test-09,test-09-language-09,Who is named for the proposal about “Trying to arrange a TG5 workshop on either the Monday or the Friday”?,"[""Rob Palmer""]",True,Justin,True,value_mismatch,https://github.com/tc39/notes/blob/e8015bc18c938be9ceaea5c49618a9f21158df48/meetings/2026-01/january-20.md,"[{""start"": 7483, ""end"": 7563, ""quote"": ""We are also trying to arrange a TG5 workshop on either the Monday or the Friday.""}]",model_drafted_unreviewed,,
test,gold,raw,test-09,test-09-language-10,What deadline is recorded for the proposal about “Trying to arrange a TG5 workshop on either the Monday or the Friday”?,"[""not specified""]",True,not specified yet,True,value_mismatch,https://github.com/tc39/notes/blob/e8015bc18c938be9ceaea5c49618a9f21158df48/meetings/2026-01/january-20.md,"[{""start"": 7483, ""end"": 7563, ""quote"": ""We are also trying to arrange a TG5 workshop on either the Monday or the Friday.""}]",model_drafted_unreviewed,,
test,gold,raw,test-10,test-10-language-01,Who is named for the action about “Please use the entry sign-up form on the reflector for attendance tracking”?,"[""All attendees""]",True,everyone,True,value_mismatch,https://github.com/tc39/notes/blob/e8015bc18c938be9ceaea5c49618a9f21158df48/meetings/2026-03/march-10.md,"[{""start"": 3376, ""end"": 3529, ""quote"": ""Everyone that's here, even if you're in the room, even if you've been allowed access to the building, please use the entry sign-up form on the reflector.""}]",model_drafted_unreviewed,,
test,gold,raw,test-10,test-10-language-02,What deadline is recorded for the action about “Please use the entry sign-up form on the reflector for attendance tracking”?,"[""During the meeting""]",True,not found,False,wrong_abstention,https://github.com/tc39/notes/blob/e8015bc18c938be9ceaea5c49618a9f21158df48/meetings/2026-03/march-10.md,"[{""start"": 3376, ""end"": 3529, ""quote"": ""Everyone that's here, even if you're in the room, even if you've been allowed access to the building, please use the entry sign-up form on the reflector.""}]",model_drafted_unreviewed,,
test,gold,raw,test-10,test-10-language-03,Is an action about “Please use the entry sign-up form on the reflector for attendance tracking” explicitly recorded?,"[""yes""]",True,"Yes, the action to use the entry sign-up form on the reflector for attendance tracking is explicitly recorded and assigned to the attendees.",True,value_mismatch,https://github.com/tc39/notes/blob/e8015bc18c938be9ceaea5c49618a9f21158df48/meetings/2026-03/march-10.md,"[{""start"": 3376, ""end"": 3529, ""quote"": ""Everyone that's here, even if you're in the room, even if you've been allowed access to the building, please use the entry sign-up form on the reflector.""}]",model_drafted_unreviewed,,
test,gold,raw,test-10,test-10-language-05,What deadline is recorded for the action about “Please read the code of conduct on TC39.es and behave respectfully”?,"[""Ongoing""]",True,not found,False,wrong_abstention,https://github.com/tc39/notes/blob/e8015bc18c938be9ceaea5c49618a9f21158df48/meetings/2026-03/march-10.md,"[{""start"": 4069, ""end"": 4124, ""quote"": ""We also have a code of conduct on our website, TC39.es.""}]",model_drafted_unreviewed,,
test,gold,raw,test-10,test-10-language-07,Was “Adopt the current agenda for the meeting” decided?,"[""not found""]",False,yes,True,unsupported_answer,https://github.com/tc39/notes/blob/e8015bc18c938be9ceaea5c49618a9f21158df48/meetings/2026-03/march-10.md,"[{""start"": 9718, ""end"": 9758, ""quote"": ""Next up, adoption of the current agenda.""}]",model_drafted_unreviewed,,
test,gold,raw,test-10,test-10-language-08,"Was “Elections for editors, chairs, and conveners will be held after the Secretary's report” decided?","[""not found""]",False,no,True,unsupported_answer,https://github.com/tc39/notes/blob/e8015bc18c938be9ceaea5c49618a9f21158df48/meetings/2026-03/march-10.md,"[{""start"": 10168, ""end"": 10265, ""quote"": ""So after the Secretary's report, we'll be doing the elections for editors, chairs, and conveners.""}]",model_drafted_unreviewed,,
test,gold,raw,test-10,test-10-language-09,Who is named for the action about “Please use TCQ to manage the agenda and request to speak”?,"[""All attendees""]",True,Rob Palmer,True,value_mismatch,https://github.com/tc39/notes/blob/e8015bc18c938be9ceaea5c49618a9f21158df48/meetings/2026-03/march-10.md,"[{""start"": 5138, ""end"": 5189, ""quote"": ""So we as always, to manage our agenda, we have TCQ.""}]",model_drafted_unreviewed,,
test,gold,raw,test-10,test-10-language-10,What deadline is recorded for the action about “Please use TCQ to manage the agenda and request to speak”?,"[""During the meeting""]",True,not found,False,wrong_abstention,https://github.com/tc39/notes/blob/e8015bc18c938be9ceaea5c49618a9f21158df48/meetings/2026-03/march-10.md,"[{""start"": 5138, ""end"": 5189, ""quote"": ""So we as always, to manage our agenda, we have TCQ.""}]",model_drafted_unreviewed,,
test,gold,raw,test-11,test-11-language-02,Is an action about “Please fill that.” explicitly recorded?,"[""yes""]",True,not found,False,wrong_abstention,https://github.com/tc39/notes/blob/e8015bc18c938be9ceaea5c49618a9f21158df48/meetings/2026-05/may-19.md,"[{""start"": 2439, ""end"": 2456, ""quote"": ""Please fill that.""}]",model_drafted_unreviewed,,
test,gold,raw,test-11,test-11-language-03,Who is named for the proposal about “Please fill that.”?,"[""Ujjwal Sharma""]",True,not found,False,wrong_abstention,https://github.com/tc39/notes/blob/e8015bc18c938be9ceaea5c49618a9f21158df48/meetings/2026-05/may-19.md,"[{""start"": 2457, ""end"": 2550, ""quote"": ""And please if you're in the call without filling this form, go back and fill that up, please.""}]",model_drafted_unreviewed,,
test,gold,raw,test-11,test-11-language-04,Is a proposal about “Please fill that.” explicitly recorded?,"[""yes""]",True,not found,False,wrong_abstention,https://github.com/tc39/notes/blob/e8015bc18c938be9ceaea5c49618a9f21158df48/meetings/2026-05/may-19.md,"[{""start"": 2457, ""end"": 2550, ""quote"": ""And please if you're in the call without filling this form, go back and fill that up, please.""}]",model_drafted_unreviewed,,
test,gold,raw,test-11,test-11-language-05,Who is named for the proposal about “Please check out our code of conduct and on the TC39 website.”?,"[""Ujjwal Sharma""]",True,not found,False,wrong_abstention,https://github.com/tc39/notes/blob/e8015bc18c938be9ceaea5c49618a9f21158df48/meetings/2026-05/may-19.md,"[{""start"": 2629, ""end"": 2690, ""quote"": ""Please check out our code of conduct and on the TC39 website.""}]",model_drafted_unreviewed,,
test,gold,raw,test-11,test-11-language-06,Is a proposal about “Please check out our code of conduct and on the TC39 website.” explicitly recorded?,"[""yes""]",True,not found,False,wrong_abstention,https://github.com/tc39/notes/blob/e8015bc18c938be9ceaea5c49618a9f21158df48/meetings/2026-05/may-19.md,"[{""start"": 2629, ""end"": 2690, ""quote"": ""Please check out our code of conduct and on the TC39 website.""}]",model_drafted_unreviewed,,
test,gold,raw,test-11,test-11-language-07,What deadline is recorded for the action about “Please fill that.”?,"[""not found""]",False,not found,True,unsupported_answer,https://github.com/tc39/notes/blob/e8015bc18c938be9ceaea5c49618a9f21158df48/meetings/2026-05/may-19.md,"[{""start"": 2439, ""end"": 2456, ""quote"": ""Please fill that.""}]",model_drafted_unreviewed,,
test,gold,raw,test-12,test-12-language-01,Who is named for the action about “Complete the sign-in form if you got the meeting link via some other means”?,"[""Attendees""]",True,all attendees,True,value_mismatch,https://github.com/tc39/notes/blob/e8015bc18c938be9ceaea5c49618a9f21158df48/meetings/2026-07/july-20.md,"[{""start"": 1948, ""end"": 2081, ""quote"": ""But if you got the meeting link, via some other means, please do complete the sign-in form that helps us track who was actually here.""}]",model_drafted_unreviewed,,
test,gold,raw,test-12,test-12-language-02,What deadline is recorded for the action about “Complete the sign-in form if you got the meeting link via some other means”?,"[""During meeting""]",True,not found,False,wrong_abstention,https://github.com/tc39/notes/blob/e8015bc18c938be9ceaea5c49618a9f21158df48/meetings/2026-07/july-20.md,"[{""start"": 1948, ""end"": 2081, ""quote"": ""But if you got the meeting link, via some other means, please do complete the sign-in form that helps us track who was actually here.""}]",model_drafted_unreviewed,,
test,gold,raw,test-12,test-12-language-03,Is an action about “Complete the sign-in form if you got the meeting link via some other means” explicitly recorded?,"[""yes""]",True,"Yes, Chris de Almeida (CDA) explicitly mentioned that if you got the meeting link via some other means, please do complete the sign-in form.",True,value_mismatch,https://github.com/tc39/notes/blob/e8015bc18c938be9ceaea5c49618a9f21158df48/meetings/2026-07/july-20.md,"[{""start"": 1948, ""end"": 2081, ""quote"": ""But if you got the meeting link, via some other means, please do complete the sign-in form that helps us track who was actually here.""}]",model_drafted_unreviewed,,
test,gold,raw,test-12,test-12-language-04,Who is named for the proposal about “Use TCQ for communication during the meeting”?,"[""Chris de Almeida""]",True,not found,False,wrong_abstention,https://github.com/tc39/notes/blob/e8015bc18c938be9ceaea5c49618a9f21158df48/meetings/2026-07/july-20.md,"[{""start"": 2423, ""end"": 2613, ""quote"": ""Communication tools: hopefully folks are familiar already with TCQ, and we have got the screenshots updated to reflect the new, fancy TCQ, courtesy of Michael Ficarra and other contributors.""}]",model_drafted_unreviewed,,
test,gold,raw,test-12,test-12-language-05,What deadline is recorded for the proposal about “Use TCQ for communication during the meeting”?,"[""During meeting""]",True,not found,False,wrong_abstention,https://github.com/tc39/notes/blob/e8015bc18c938be9ceaea5c49618a9f21158df48/meetings/2026-07/july-20.md,"[{""start"": 2423, ""end"": 2613, ""quote"": ""Communication tools: hopefully folks are familiar already with TCQ, and we have got the screenshots updated to reflect the new, fancy TCQ, courtesy of Michael Ficarra and other contributors.""}]",model_drafted_unreviewed,,
test,gold,raw,test-12,test-12-language-06,Is a proposal about “Use TCQ for communication during the meeting” explicitly recorded?,"[""yes""]",True,"Yes, it is explicitly recorded that TCQ is used for communication during the meeting.",True,value_mismatch,https://github.com/tc39/notes/blob/e8015bc18c938be9ceaea5c49618a9f21158df48/meetings/2026-07/july-20.md,"[{""start"": 2423, ""end"": 2613, ""quote"": ""Communication tools: hopefully folks are familiar already with TCQ, and we have got the screenshots updated to reflect the new, fancy TCQ, courtesy of Michael Ficarra and other contributors.""}]",model_drafted_unreviewed,,
test,gold,raw,test-12,test-12-language-07,Was “Use TCQ for communication during the meeting” decided?,"[""not found""]",False,yes,True,unsupported_answer,https://github.com/tc39/notes/blob/e8015bc18c938be9ceaea5c49618a9f21158df48/meetings/2026-07/july-20.md,"[{""start"": 2423, ""end"": 2613, ""quote"": ""Communication tools: hopefully folks are familiar already with TCQ, and we have got the screenshots updated to reflect the new, fancy TCQ, courtesy of Michael Ficarra and other contributors.""}]",model_drafted_unreviewed,,
test,gold,raw,test-12,test-12-language-09,What deadline is recorded for the agreement about “Use matrix for chat with TC39 delegates channel for real business and Temporal dead zone channel for off-topic”?,"[""During meeting""]",True,not found,False,wrong_abstention,https://github.com/tc39/notes/blob/e8015bc18c938be9ceaea5c49618a9f21158df48/meetings/2026-07/july-20.md,"[{""start"": 3119, ""end"": 3142, ""quote"": ""We use matrix for chat.""}]",model_drafted_unreviewed,,
test,gold,prose,test-01,test-01-language-08,What deadline is recorded for the agreement about “We have consensus to adopt the current agenda.”?,"[""not found""]",False,unspecified,True,unsupported_answer,https://github.com/tc39/notes/blob/e8015bc18c938be9ceaea5c49618a9f21158df48/meetings/2024-10/october-08.md,"[{""start"": 2429, ""end"": 2525, ""quote"": ""So I believe that we are adopting the current agenda and we will have those conversations later.""}]",model_drafted_unreviewed,,
test,gold,prose,test-01,test-01-language-09,What deadline is recorded for the disagreement about “YSV has a concern about the agenda and how much we have in it and that a few things were added close to the deadline resulting in inability to fully review everything.”?,"[""not found""]",False,unspecified,True,unsupported_answer,https://github.com/tc39/notes/blob/e8015bc18c938be9ceaea5c49618a9f21158df48/meetings/2024-10/october-08.md,"[{""start"": 1875, ""end"": 1941, ""quote"": ""YSV: I have a concern about the agenda and how much we have in it.""}]",model_drafted_unreviewed,,
test,gold,prose,test-01,test-01-language-10,What deadline is recorded for the proposal about “YSV proposes to discuss how to handle agenda items ahead of time recognizing a meeting is too full rather than extending the time.”?,"[""not found""]",False,unspecified,True,unsupported_answer,https://github.com/tc39/notes/blob/e8015bc18c938be9ceaea5c49618a9f21158df48/meetings/2024-10/october-08.md,"[{""start"": 2195, ""end"": 2383, ""quote"": ""I would like to highlight this: so that maybe we can discuss how to do this in the future in terms of ahead of time, recognizing that a meeting is too full, rather than extending the time.""}]",model_drafted_unreviewed,,
test,gold,prose,test-02,test-02-language-07,What deadline is recorded for the action about “get a couple of volunteers to assist with the note taking to polish up the notes as we go”?,"[""not found""]",False,unspecified,True,unsupported_answer,https://github.com/tc39/notes/blob/e8015bc18c938be9ceaea5c49618a9f21158df48/meetings/2024-12/december-02.md,"[{""start"": 1476, ""end"": 1591, ""quote"": ""Before we start, could I get a couple of volunteers to assist with the note taking to polish up the notes as we go.""}]",model_drafted_unreviewed,,
test,gold,prose,test-02,test-02-language-08,What deadline is recorded for the agreement about “Silence means no objections to approving the previous minutes”?,"[""not found""]",False,unspecified,True,unsupported_answer,https://github.com/tc39/notes/blob/e8015bc18c938be9ceaea5c49618a9f21158df48/meetings/2024-12/december-02.md,"[{""start"": 7373, ""end"": 7461, ""quote"": ""Are there any objections to approving the previous minutes? Silence means no objections.""}]",model_drafted_unreviewed,,
test,gold,prose,test-02,test-02-language-09,What deadline is recorded for the decision about “previous minutes are approved”?,"[""not found""]",False,unspecified,True,unsupported_answer,https://github.com/tc39/notes/blob/e8015bc18c938be9ceaea5c49618a9f21158df48/meetings/2024-12/december-02.md,"[{""start"": 7462, ""end"": 7480, ""quote"": ""They are approved.""}]",model_drafted_unreviewed,,
test,gold,prose,test-02,test-02-language-10,What deadline is recorded for the agreement about “No objections against proceeding with the current agenda”?,"[""not found""]",False,(unspecified),True,unsupported_answer,https://github.com/tc39/notes/blob/e8015bc18c938be9ceaea5c49618a9f21158df48/meetings/2024-12/december-02.md,"[{""start"": 7514, ""end"": 7594, ""quote"": ""Are there any objections against proceeding with the current agenda? None? Okay.""}]",model_drafted_unreviewed,,
test,gold,prose,test-03,test-03-language-07,What deadline is recorded for the agreement about “It is published and was approved at the December GA”?,"[""not found""]",False,unspecified,True,unsupported_answer,https://github.com/tc39/notes/blob/e8015bc18c938be9ceaea5c49618a9f21158df48/meetings/2025-02/february-18.md,"[{""start"": 2343, ""end"": 2473, ""quote"": ""It is published and was approved at the December GA and want to bring that to everybody’s attention if you were not already aware.""}]",model_drafted_unreviewed,,
test,gold,prose,test-03,test-03-language-08,What deadline is recorded for the agreement about “That was approved at the December GA”?,"[""not found""]",False,unspecified,True,unsupported_answer,https://github.com/tc39/notes/blob/e8015bc18c938be9ceaea5c49618a9f21158df48/meetings/2025-02/february-18.md,"[{""start"": 2936, ""end"": 2973, ""quote"": ""That was approved at the December GA.""}]",model_drafted_unreviewed,,
test,gold,prose,test-03,test-03-language-09,What deadline is recorded for the agreement about “It was approved in December”?,"[""not found""]",False,unspecified,True,unsupported_answer,https://github.com/tc39/notes/blob/e8015bc18c938be9ceaea5c49618a9f21158df48/meetings/2025-02/february-18.md,"[{""start"": 3916, ""end"": 3944, ""quote"": ""It was approved in December.""}]",model_drafted_unreviewed,,
test,gold,prose,test-03,test-03-language-10,What deadline is recorded for the decision about “DE who is sitting right here in the room is our new President of Ecma”?,"[""not found""]",False,(unspecified),True,unsupported_answer,https://github.com/tc39/notes/blob/e8015bc18c938be9ceaea5c49618a9f21158df48/meetings/2025-02/february-18.md,"[{""start"": 4444, ""end"": 4517, ""quote"": ""So DE who is sitting right here in the room is our new President of Ecma.""}]",model_drafted_unreviewed,,
test,gold,prose,test-04,test-04-language-07,Was “Direct folks to make commits directly to resolve open suggestions on the previous minutes PR” decided?,"[""not found""]",False,no,True,unsupported_answer,https://github.com/tc39/notes/blob/e8015bc18c938be9ceaea5c49618a9f21158df48/meetings/2025-04/april-14.md,"[{""start"": 8661, ""end"": 8971, ""quote"": ""We should direct those folks to just submit, like, just make those commits directly, because like this commonly happens where somebody’s waiting for, I guess, the PR author to approve the suggestions, but they should just feel free to make them, but we should make a point to get this done as soon as possible.""}]",model_drafted_unreviewed,,
test,gold,prose,test-05,test-05-language-07,Was “We continue with the COVID measures as expected from the previous meeting” decided?,"[""not found""]",False,no,True,unsupported_answer,https://github.com/tc39/notes/blob/e8015bc18c938be9ceaea5c49618a9f21158df48/meetings/2025-05/may-28.md,"[{""start"": 3133, ""end"": 3307, ""quote"": ""We continue with the COVID measures as expected from the previous meeting, we will follow them if you have any concerns regarding them, contact us we would like to do better.""}]",model_drafted_unreviewed,,
test,gold,prose,test-05,test-05-language-08,Was “Adopt the current agenda” decided?,"[""not found""]",False,no,True,unsupported_answer,https://github.com/tc39/notes/blob/e8015bc18c938be9ceaea5c49618a9f21158df48/meetings/2025-05/may-28.md,"[{""start"": 9704, ""end"": 9768, ""quote"": ""USA: Now, let’s give another minute to adopt the current agenda.""}]",model_drafted_unreviewed,,
test,gold,prose,test-06,test-06-language-07,What deadline is recorded for the action about “Please could we have a couple of volunteers to help out with editing the notes?”?,"[""not found""]",False,unspecified,True,unsupported_answer,https://github.com/tc39/notes/blob/e8015bc18c938be9ceaea5c49618a9f21158df48/meetings/2025-07/july-28.md,"[{""start"": 2163, ""end"": 2242, ""quote"": ""Please could we have a couple of volunteers to help out with editing the notes?""}]",model_drafted_unreviewed,,
test,gold,prose,test-06,test-06-language-08,What deadline is recorded for the proposal about “Please can everyone remember to sign-in using the regular meeting entry form.”?,"[""not found""]",False,unspecified,True,unsupported_answer,https://github.com/tc39/notes/blob/e8015bc18c938be9ceaea5c49618a9f21158df48/meetings/2025-07/july-28.md,"[{""start"": 2270, ""end"": 2350, ""quote"": ""So please can everyone remember to sign-in using the regular meeting entry form.""}]",model_drafted_unreviewed,,
test,gold,prose,test-06,test-06-language-09,Was “Please can everyone remember to sign-in using the regular meeting entry form.” decided?,"[""not found""]",False,no,True,unsupported_answer,https://github.com/tc39/notes/blob/e8015bc18c938be9ceaea5c49618a9f21158df48/meetings/2025-07/july-28.md,"[{""start"": 2270, ""end"": 2350, ""quote"": ""So please can everyone remember to sign-in using the regular meeting entry form.""}]",model_drafted_unreviewed,,
test,gold,prose,test-06,test-06-language-10,What deadline is recorded for the agreement about “No one speaking up. So we can consider the previous minutes are approved.”?,"[""not found""]",False,unspecified,True,unsupported_answer,https://github.com/tc39/notes/blob/e8015bc18c938be9ceaea5c49618a9f21158df48/meetings/2025-07/july-28.md,"[{""start"": 6441, ""end"": 6460, ""quote"": ""No one speaking up.""}]",model_drafted_unreviewed,,
test,gold,prose,test-07,test-07-language-08,Was “Can we get one more person to help Jesse on the notes?” decided?,"[""not found""]",False,no,True,unsupported_answer,https://github.com/tc39/notes/blob/e8015bc18c938be9ceaea5c49618a9f21158df48/meetings/2025-09/september-22.md,"[{""start"": 6181, ""end"": 6235, ""quote"": ""Can we get one more person to help Jesse on the notes?""}]",model_drafted_unreviewed,,
test,gold,prose,test-07,test-07-language-09,"Was “If you or your organization want to participate, please reach out to me, to show interest to participate in the new TC.” decided?","[""not found""]",False,no,True,unsupported_answer,https://github.com/tc39/notes/blob/e8015bc18c938be9ceaea5c49618a9f21158df48/meetings/2025-09/september-22.md,"[{""start"": 8155, ""end"": 8307, ""quote"": ""Also to bring to your attention, if you or your organization want to participate, please reach out to me, to show interest to participate in the new TC.""}]",model_drafted_unreviewed,,
test,gold,prose,test-08,test-08-language-07,"What deadline is recorded for the agreement about “We have the chair group, so that consists of myself, I’m Rob. We have Chris here, and remotely we have Ujjwal.”?","[""not found""]",False,unspecified,True,unsupported_answer,https://github.com/tc39/notes/blob/e8015bc18c938be9ceaea5c49618a9f21158df48/meetings/2025-11/november-18.md,"[{""start"": 3107, ""end"": 3210, ""quote"": ""All right, so to help run these meetings, we have the chair group, so that consists of myself, I’m Rob.""}]",model_drafted_unreviewed,,
test,gold,prose,test-08,test-08-language-08,"What deadline is recorded for the agreement about “We’re assisted by our facilitators Justin, Daniel here, Dan Minor, and Daniel remotely.”?","[""not found""]",False,unspecified,True,unsupported_answer,https://github.com/tc39/notes/blob/e8015bc18c938be9ceaea5c49618a9f21158df48/meetings/2025-11/november-18.md,"[{""start"": 3260, ""end"": 3347, ""quote"": ""We’re assisted by our facilitators Justin, Daniel here, Dan Minor, and Daniel remotely.""}]",model_drafted_unreviewed,,
test,gold,prose,test-08,test-08-language-09,What deadline is recorded for the proposal about “Please make sure you also sign in for the Zoom video feed as well.”?,"[""not found""]",False,unspecified,True,unsupported_answer,https://github.com/tc39/notes/blob/e8015bc18c938be9ceaea5c49618a9f21158df48/meetings/2025-11/november-18.md,"[{""start"": 3990, ""end"": 4135, ""quote"": ""Today everyone here obviously has signed in as registered to be in person, but please make sure you also sign in for the Zoom video feed as well.""}]",model_drafted_unreviewed,,
test,gold,prose,test-09,test-09-language-07,Was “Trying to arrange a TG5 workshop on either the Monday or the Friday” decided?,"[""not found""]",False,no,True,unsupported_answer,https://github.com/tc39/notes/blob/e8015bc18c938be9ceaea5c49618a9f21158df48/meetings/2026-01/january-20.md,"[{""start"": 7483, ""end"": 7563, ""quote"": ""We are also trying to arrange a TG5 workshop on either the Monday or the Friday.""}]",model_drafted_unreviewed,,
test,gold,prose,test-10,test-10-language-07,Was “Adopt the current agenda for the meeting” decided?,"[""not found""]",False,yes,True,unsupported_answer,https://github.com/tc39/notes/blob/e8015bc18c938be9ceaea5c49618a9f21158df48/meetings/2026-03/march-10.md,"[{""start"": 9718, ""end"": 9758, ""quote"": ""Next up, adoption of the current agenda.""}]",model_drafted_unreviewed,,
test,gold,prose,test-10,test-10-language-08,"Was “Elections for editors, chairs, and conveners will be held after the Secretary's report” decided?","[""not found""]",False,no,True,unsupported_answer,https://github.com/tc39/notes/blob/e8015bc18c938be9ceaea5c49618a9f21158df48/meetings/2026-03/march-10.md,"[{""start"": 10168, ""end"": 10265, ""quote"": ""So after the Secretary's report, we'll be doing the elections for editors, chairs, and conveners.""}]",model_drafted_unreviewed,,
test,gold,prose,test-11,test-11-language-07,What deadline is recorded for the action about “Please fill that.”?,"[""not found""]",False,unspecified,True,unsupported_answer,https://github.com/tc39/notes/blob/e8015bc18c938be9ceaea5c49618a9f21158df48/meetings/2026-05/may-19.md,"[{""start"": 2439, ""end"": 2456, ""quote"": ""Please fill that.""}]",model_drafted_unreviewed,,
test,gold,prose,test-11,test-11-language-08,What deadline is recorded for the proposal about “Please fill that.”?,"[""not found""]",False,unspecified,True,unsupported_answer,https://github.com/tc39/notes/blob/e8015bc18c938be9ceaea5c49618a9f21158df48/meetings/2026-05/may-19.md,"[{""start"": 2457, ""end"": 2550, ""quote"": ""And please if you're in the call without filling this form, go back and fill that up, please.""}]",model_drafted_unreviewed,,
test,gold,prose,test-11,test-11-language-09,Was “Please fill that.” decided?,"[""not found""]",False,no,True,unsupported_answer,https://github.com/tc39/notes/blob/e8015bc18c938be9ceaea5c49618a9f21158df48/meetings/2026-05/may-19.md,"[{""start"": 2457, ""end"": 2550, ""quote"": ""And please if you're in the call without filling this form, go back and fill that up, please.""}]",model_drafted_unreviewed,,
test,gold,prose,test-11,test-11-language-10,What deadline is recorded for the proposal about “Please check out our code of conduct and on the TC39 website.”?,"[""not found""]",False,unspecified,True,unsupported_answer,https://github.com/tc39/notes/blob/e8015bc18c938be9ceaea5c49618a9f21158df48/meetings/2026-05/may-19.md,"[{""start"": 2629, ""end"": 2690, ""quote"": ""Please check out our code of conduct and on the TC39 website.""}]",model_drafted_unreviewed,,
test,gold,english,test-03,test-03-language-07,What deadline is recorded for the agreement about “It is published and was approved at the December GA”?,"[""not found""]",False,December,True,unsupported_answer,https://github.com/tc39/notes/blob/e8015bc18c938be9ceaea5c49618a9f21158df48/meetings/2025-02/february-18.md,"[{""start"": 2343, ""end"": 2473, ""quote"": ""It is published and was approved at the December GA and want to bring that to everybody’s attention if you were not already aware.""}]",model_drafted_unreviewed,,
test,gold,english,test-03,test-03-language-08,What deadline is recorded for the agreement about “That was approved at the December GA”?,"[""not found""]",False,December,True,unsupported_answer,https://github.com/tc39/notes/blob/e8015bc18c938be9ceaea5c49618a9f21158df48/meetings/2025-02/february-18.md,"[{""start"": 2936, ""end"": 2973, ""quote"": ""That was approved at the December GA.""}]",model_drafted_unreviewed,,
test,gold,english,test-05,test-05-language-07,Was “We continue with the COVID measures as expected from the previous meeting” decided?,"[""not found""]",False,no,True,unsupported_answer,https://github.com/tc39/notes/blob/e8015bc18c938be9ceaea5c49618a9f21158df48/meetings/2025-05/may-28.md,"[{""start"": 3133, ""end"": 3307, ""quote"": ""We continue with the COVID measures as expected from the previous meeting, we will follow them if you have any concerns regarding them, contact us we would like to do better.""}]",model_drafted_unreviewed,,
test,gold,english,test-07,test-07-language-02,"What deadline is recorded for the proposal about “We are looking for two TC39 heroes, who are willing to help with the notes for this session.”?","[""during the meeting""]",True,not found,False,wrong_abstention,https://github.com/tc39/notes/blob/e8015bc18c938be9ceaea5c49618a9f21158df48/meetings/2025-09/september-22.md,"[{""start"": 5673, ""end"": 5742, ""quote"": ""TC39 heroes, who are willing to help with the notes for this session.""}]",model_drafted_unreviewed,,
test,gold,english,test-07,test-07-language-05,"What deadline is recorded for the agreement about “JMN: I can help with the first block, but not for the final presentation about the amount.”?","[""during the meeting""]",True,not found,False,wrong_abstention,https://github.com/tc39/notes/blob/e8015bc18c938be9ceaea5c49618a9f21158df48/meetings/2025-09/september-22.md,"[{""start"": 5929, ""end"": 6019, ""quote"": ""JMN: I can help with the first block, but not for the final presentation about the amount.""}]",model_drafted_unreviewed,,
test,gold,english,test-07,test-07-language-07,"Was “We are looking for two TC39 heroes, who are willing to help with the notes for this session.” decided?","[""not found""]",False,no,True,unsupported_answer,https://github.com/tc39/notes/blob/e8015bc18c938be9ceaea5c49618a9f21158df48/meetings/2025-09/september-22.md,"[{""start"": 5673, ""end"": 5742, ""quote"": ""TC39 heroes, who are willing to help with the notes for this session.""}]",model_drafted_unreviewed,,
test,gold,english,test-07,test-07-language-08,Was “Can we get one more person to help Jesse on the notes?” decided?,"[""not found""]",False,no,True,unsupported_answer,https://github.com/tc39/notes/blob/e8015bc18c938be9ceaea5c49618a9f21158df48/meetings/2025-09/september-22.md,"[{""start"": 6181, ""end"": 6235, ""quote"": ""Can we get one more person to help Jesse on the notes?""}]",model_drafted_unreviewed,,
test,gold,english,test-07,test-07-language-09,"Was “If you or your organization want to participate, please reach out to me, to show interest to participate in the new TC.” decided?","[""not found""]",False,no,True,unsupported_answer,https://github.com/tc39/notes/blob/e8015bc18c938be9ceaea5c49618a9f21158df48/meetings/2025-09/september-22.md,"[{""start"": 8155, ""end"": 8307, ""quote"": ""Also to bring to your attention, if you or your organization want to participate, please reach out to me, to show interest to participate in the new TC.""}]",model_drafted_unreviewed,,
test,gold,english,test-09,test-09-language-10,What deadline is recorded for the proposal about “Trying to arrange a TG5 workshop on either the Monday or the Friday”?,"[""not specified""]",True,not found,False,wrong_abstention,https://github.com/tc39/notes/blob/e8015bc18c938be9ceaea5c49618a9f21158df48/meetings/2026-01/january-20.md,"[{""start"": 7483, ""end"": 7563, ""quote"": ""We are also trying to arrange a TG5 workshop on either the Monday or the Friday.""}]",model_drafted_unreviewed,,
test,gold,english,test-10,test-10-language-07,Was “Adopt the current agenda for the meeting” decided?,"[""not found""]",False,yes,True,unsupported_answer,https://github.com/tc39/notes/blob/e8015bc18c938be9ceaea5c49618a9f21158df48/meetings/2026-03/march-10.md,"[{""start"": 9718, ""end"": 9758, ""quote"": ""Next up, adoption of the current agenda.""}]",model_drafted_unreviewed,,
test,gold,english,test-11,test-11-language-09,Was “Please fill that.” decided?,"[""not found""]",False,yes,True,unsupported_answer,https://github.com/tc39/notes/blob/e8015bc18c938be9ceaea5c49618a9f21158df48/meetings/2026-05/may-19.md,"[{""start"": 2457, ""end"": 2550, ""quote"": ""And please if you're in the call without filling this form, go back and fill that up, please.""}]",model_drafted_unreviewed,,
test,gold,english,test-12,test-12-language-05,What deadline is recorded for the proposal about “Use TCQ for communication during the meeting”?,"[""During meeting""]",True,not found,False,wrong_abstention,https://github.com/tc39/notes/blob/e8015bc18c938be9ceaea5c49618a9f21158df48/meetings/2026-07/july-20.md,"[{""start"": 2423, ""end"": 2613, ""quote"": ""Communication tools: hopefully folks are familiar already with TCQ, and we have got the screenshots updated to reflect the new, fancy TCQ, courtesy of Michael Ficarra and other contributors.""}]",model_drafted_unreviewed,,
test,gold,english,test-12,test-12-language-09,What deadline is recorded for the agreement about “Use matrix for chat with TC39 delegates channel for real business and Temporal dead zone channel for off-topic”?,"[""During meeting""]",True,not found,False,wrong_abstention,https://github.com/tc39/notes/blob/e8015bc18c938be9ceaea5c49618a9f21158df48/meetings/2026-07/july-20.md,"[{""start"": 3119, ""end"": 3142, ""quote"": ""We use matrix for chat.""}]",model_drafted_unreviewed,,
test,gold,initial_seed,test-01,test-01-language-09,What deadline is recorded for the disagreement about “YSV has a concern about the agenda and how much we have in it and that a few things were added close to the deadline resulting in inability to fully review everything.”?,"[""not found""]",False,not specified,True,unsupported_answer,https://github.com/tc39/notes/blob/e8015bc18c938be9ceaea5c49618a9f21158df48/meetings/2024-10/october-08.md,"[{""start"": 1875, ""end"": 1941, ""quote"": ""YSV: I have a concern about the agenda and how much we have in it.""}]",model_drafted_unreviewed,,
test,gold,initial_seed,test-03,test-03-language-05,Who is named for the agreement about “It was approved in December”?,"[""SHN""]",True,not found,False,wrong_abstention,https://github.com/tc39/notes/blob/e8015bc18c938be9ceaea5c49618a9f21158df48/meetings/2025-02/february-18.md,"[{""start"": 3916, ""end"": 3944, ""quote"": ""It was approved in December.""}]",model_drafted_unreviewed,,
test,gold,initial_seed,test-03,test-03-language-08,What deadline is recorded for the agreement about “That was approved at the December GA”?,"[""not found""]",False,December,True,unsupported_answer,https://github.com/tc39/notes/blob/e8015bc18c938be9ceaea5c49618a9f21158df48/meetings/2025-02/february-18.md,"[{""start"": 2936, ""end"": 2973, ""quote"": ""That was approved at the December GA.""}]",model_drafted_unreviewed,,
test,gold,initial_seed,test-04,test-04-language-02,What deadline is recorded for the action about “Jesse alma volunteered to help out with the notes”?,"[""Day One—14 April 2025""]",True,14 April 2025,True,value_mismatch,https://github.com/tc39/notes/blob/e8015bc18c938be9ceaea5c49618a9f21158df48/meetings/2025-04/april-14.md,"[{""start"": 7855, ""end"": 7875, ""quote"": ""JMN: I can help out.""}]",model_drafted_unreviewed,,
test,gold,initial_seed,test-05,test-05-language-02,What deadline is recorded for the action about “Please fill this out”?,"[""during meeting""]",True,@during meeting,True,value_mismatch,https://github.com/tc39/notes/blob/e8015bc18c938be9ceaea5c49618a9f21158df48/meetings/2025-05/may-28.md,"[{""start"": 3816, ""end"": 3853, ""quote"": ""If you haven’t, please fill this out.""}]",model_drafted_unreviewed,,
test,gold,initial_seed,test-05,test-05-language-08,Was “Adopt the current agenda” decided?,"[""not found""]",False,yes,True,unsupported_answer,https://github.com/tc39/notes/blob/e8015bc18c938be9ceaea5c49618a9f21158df48/meetings/2025-05/may-28.md,"[{""start"": 9704, ""end"": 9768, ""quote"": ""USA: Now, let’s give another minute to adopt the current agenda.""}]",model_drafted_unreviewed,,
test,gold,initial_seed,test-06,test-06-language-06,Is an agreement about “No one speaking up. So we can consider the previous minutes are approved.” explicitly recorded?,"[""yes""]",True,not found,False,wrong_abstention,https://github.com/tc39/notes/blob/e8015bc18c938be9ceaea5c49618a9f21158df48/meetings/2025-07/july-28.md,"[{""start"": 6441, ""end"": 6460, ""quote"": ""No one speaking up.""}]",model_drafted_unreviewed,,
test,gold,initial_seed,test-07,test-07-language-02,"What deadline is recorded for the proposal about “We are looking for two TC39 heroes, who are willing to help with the notes for this session.”?","[""during the meeting""]",True,not found,False,wrong_abstention,https://github.com/tc39/notes/blob/e8015bc18c938be9ceaea5c49618a9f21158df48/meetings/2025-09/september-22.md,"[{""start"": 5673, ""end"": 5742, ""quote"": ""TC39 heroes, who are willing to help with the notes for this session.""}]",model_drafted_unreviewed,,
test,gold,initial_seed,test-07,test-07-language-05,"What deadline is recorded for the agreement about “JMN: I can help with the first block, but not for the final presentation about the amount.”?","[""during the meeting""]",True,not found,False,wrong_abstention,https://github.com/tc39/notes/blob/e8015bc18c938be9ceaea5c49618a9f21158df48/meetings/2025-09/september-22.md,"[{""start"": 5929, ""end"": 6019, ""quote"": ""JMN: I can help with the first block, but not for the final presentation about the amount.""}]",model_drafted_unreviewed,,
test,gold,initial_seed,test-07,test-07-language-07,"Was “We are looking for two TC39 heroes, who are willing to help with the notes for this session.” decided?","[""not found""]",False,no,True,unsupported_answer,https://github.com/tc39/notes/blob/e8015bc18c938be9ceaea5c49618a9f21158df48/meetings/2025-09/september-22.md,"[{""start"": 5673, ""end"": 5742, ""quote"": ""TC39 heroes, who are willing to help with the notes for this session.""}]",model_drafted_unreviewed,,
test,gold,initial_seed,test-09,test-09-language-07,Was “Trying to arrange a TG5 workshop on either the Monday or the Friday” decided?,"[""not found""]",False,no,True,unsupported_answer,https://github.com/tc39/notes/blob/e8015bc18c938be9ceaea5c49618a9f21158df48/meetings/2026-01/january-20.md,"[{""start"": 7483, ""end"": 7563, ""quote"": ""We are also trying to arrange a TG5 workshop on either the Monday or the Friday.""}]",model_drafted_unreviewed,,
test,gold,initial_seed,test-09,test-09-language-10,What deadline is recorded for the proposal about “Trying to arrange a TG5 workshop on either the Monday or the Friday”?,"[""not specified""]",True,not found,False,wrong_abstention,https://github.com/tc39/notes/blob/e8015bc18c938be9ceaea5c49618a9f21158df48/meetings/2026-01/january-20.md,"[{""start"": 7483, ""end"": 7563, ""quote"": ""We are also trying to arrange a TG5 workshop on either the Monday or the Friday.""}]",model_drafted_unreviewed,,
test,gold,initial_seed,test-10,test-10-language-07,Was “Adopt the current agenda for the meeting” decided?,"[""not found""]",False,yes,True,unsupported_answer,https://github.com/tc39/notes/blob/e8015bc18c938be9ceaea5c49618a9f21158df48/meetings/2026-03/march-10.md,"[{""start"": 9718, ""end"": 9758, ""quote"": ""Next up, adoption of the current agenda.""}]",model_drafted_unreviewed,,
test,gold,initial_seed,test-12,test-12-language-05,What deadline is recorded for the proposal about “Use TCQ for communication during the meeting”?,"[""During meeting""]",True,not found,False,wrong_abstention,https://github.com/tc39/notes/blob/e8015bc18c938be9ceaea5c49618a9f21158df48/meetings/2026-07/july-20.md,"[{""start"": 2423, ""end"": 2613, ""quote"": ""Communication tools: hopefully folks are familiar already with TCQ, and we have got the screenshots updated to reflect the new, fancy TCQ, courtesy of Michael Ficarra and other contributors.""}]",model_drafted_unreviewed,,
test,gold,initial_seed,test-12,test-12-language-07,Was “Use TCQ for communication during the meeting” decided?,"[""not found""]",False,no,True,unsupported_answer,https://github.com/tc39/notes/blob/e8015bc18c938be9ceaea5c49618a9f21158df48/meetings/2026-07/july-20.md,"[{""start"": 2423, ""end"": 2613, ""quote"": ""Communication tools: hopefully folks are familiar already with TCQ, and we have got the screenshots updated to reflect the new, fancy TCQ, courtesy of Michael Ficarra and other contributors.""}]",model_drafted_unreviewed,,
test,parsed,evolved,test-01,test-01-q04,What did Yulia Startsev propose regarding agenda management?,"[""discuss how to handle agenda items ahead of time recognizing a meeting is too full rather than extending the time""]",True,"Yulia Startsev proposed that because a few items were added close to the deadline resulting in insufficient review, they should hold back on consensus for some items and discuss in the future how to manage agendas better, such as recognizing when a meeting is too full rather than extending the time.",True,value_mismatch,https://github.com/tc39/notes/blob/e8015bc18c938be9ceaea5c49618a9f21158df48/meetings/2024-10/october-08.md,"[{""start"": 2195, ""end"": 2383, ""quote"": ""I would like to highlight this: so that maybe we can discuss how to do this in the future in terms of ahead of time, recognizing that a meeting is too full, rather than extending the time.""}]",model_drafted_unreviewed,,
test,parsed,evolved,test-01,test-01-q05,What is the purpose of the TC56 proposal mentioned?,"[""standardization of a high-level shading language (HLSL)""]",True,"The TC56 proposal is to create a technical committee to standardize a high-level shading language (HLSL) using the royalty free patent policy developed by ECMA, publish both the standard and a standard library for HLSL, and liaise with other bodies to ensure adoption, distribution, and use.",True,value_mismatch,https://github.com/tc39/notes/blob/e8015bc18c938be9ceaea5c49618a9f21158df48/meetings/2024-10/october-08.md,"[{""start"": 4029, ""end"": 4058, ""quote"": ""AKI: We have a TC56 proposal.""}]",model_drafted_unreviewed,,
test,parsed,evolved,test-01,test-01-q06,When is the upcoming ECMA ExeCom meeting scheduled?,"[""22-23 October 2024""]",True,22 and 23 October,True,value_mismatch,https://github.com/tc39/notes/blob/e8015bc18c938be9ceaea5c49618a9f21158df48/meetings/2024-10/october-08.md,"[{""start"": 5203, ""end"": 5271, ""quote"": ""I strongly encourage everyone to throw their name in for the ExeCom.""}]",model_drafted_unreviewed,,
test,parsed,evolved,test-01,test-01-q09,Is there any mention of changing the invited experts policy to disallow invited experts?,"[""no""]",True,"No, there is no mention of changing the invited experts policy to disallow invited experts. The policy will continue with an annual review to confirm engagement and membership interest, but no change to disallow invited experts is indicated.",True,value_mismatch,https://github.com/tc39/notes/blob/e8015bc18c938be9ceaea5c49618a9f21158df48/meetings/2024-10/october-08.md,"[{""start"": 8262, ""end"": 8367, ""quote"": ""So there’s no reason to think that we are actually going to change allowing invited experts in any sense.""}]",model_drafted_unreviewed,,
test,parsed,evolved,test-01,test-01-q10,Is there any mention of a decision to extend the meeting time permanently?,"[""not found""]",False,No,True,unsupported_answer,https://github.com/tc39/notes/blob/e8015bc18c938be9ceaea5c49618a9f21158df48/meetings/2024-10/october-08.md,"[{""start"": 2195, ""end"": 2383, ""quote"": ""I would like to highlight this: so that maybe we can discuss how to do this in the future in terms of ahead of time, recognizing that a meeting is too full, rather than extending the time.""}]",model_drafted_unreviewed,,
test,parsed,evolved,test-02,test-02-q03,What was the decision about the previous minutes?,"[""They are approved"", ""previous minutes are approved""]",True,The previous minutes were approved with no objections.,True,value_mismatch,https://github.com/tc39/notes/blob/e8015bc18c938be9ceaea5c49618a9f21158df48/meetings/2024-12/december-02.md,"[{""start"": 7462, ""end"": 7480, ""quote"": ""They are approved.""}]",model_drafted_unreviewed,,
test,parsed,evolved,test-02,test-02-q09,Is there a proposal to discuss HLSL in the current meeting?,"[""not found""]",False,No,True,unsupported_answer,https://github.com/tc39/notes/blob/e8015bc18c938be9ceaea5c49618a9f21158df48/meetings/2024-12/december-02.md,"[{""start"": 10807, ""end"": 10881, ""quote"": ""SHN: I have also mentioned this particular—I don’t have a TC number to it.""}]",model_drafted_unreviewed,,
test,parsed,evolved,test-02,test-02-q10,Did Samina Husain present slides during the Secretary’s Report?,"[""not found""]",False,no,True,unsupported_answer,https://github.com/tc39/notes/blob/e8015bc18c938be9ceaea5c49618a9f21158df48/meetings/2024-12/december-02.md,"[{""start"": 7733, ""end"": 7770, ""quote"": ""- (no proposal) - (no link to slides)""}]",model_drafted_unreviewed,,
test,parsed,evolved,test-03,test-03-q01,Who is the new President of Ecma?,"[""DE""]",True,Daniel Ehrenberg,True,value_mismatch,https://github.com/tc39/notes/blob/e8015bc18c938be9ceaea5c49618a9f21158df48/meetings/2025-02/february-18.md,"[{""start"": 4444, ""end"": 4517, ""quote"": ""So DE who is sitting right here in the room is our new President of Ecma.""}]",model_drafted_unreviewed,,
test,parsed,evolved,test-03,test-03-q07,Has the transition from Winter CG to WinterTC been completed?,"[""yes""]",True,"Yes, the transition from Winter CG to WinterTC has been completed.",True,value_mismatch,https://github.com/tc39/notes/blob/e8015bc18c938be9ceaea5c49618a9f21158df48/meetings/2025-02/february-18.md,"[{""start"": 8421, ""end"": 8548, ""quote"": ""SHN: With W3C we have done the transition of Winter CG to the generally used term WinterTC and new TC55 that is formed at Ecma.""}]",model_drafted_unreviewed,,
test,parsed,evolved,test-03,test-03-q08,Is there a plan to approach invited experts to consider joining as members?,"[""yes""]",True,"Yes, Samina Husain mentioned that she will be approaching organizations and members that are related to the invited experts to inquire if they would like to join as members.",True,value_mismatch,https://github.com/tc39/notes/blob/e8015bc18c938be9ceaea5c49618a9f21158df48/meetings/2025-02/february-18.md,"[{""start"": 7905, ""end"": 8080, ""quote"": ""Sometime in the next little while I will be approaching organizations and members that are related to the organization that are invited experts if they are considered to join.""}]",model_drafted_unreviewed,,
test,parsed,evolved,test-03,test-03-q09,Is there any mention of a deadline for the invited experts review?,"[""not found""]",False,"The invited experts review is planned to be conducted at the end of the year, as mentioned by Samina Husain.",True,unsupported_answer,https://github.com/tc39/notes/blob/e8015bc18c938be9ceaea5c49618a9f21158df48/meetings/2025-02/february-18.md,"[{""start"": 7669, ""end"": 7904, ""quote"": ""So the invited experts that typically would have ended their term at the end of 2024, I have not stopped and they will continue on and because we appreciate everybody’s contribution and would like to review them at the end of the year.""}]",model_drafted_unreviewed,,
test,parsed,evolved,test-03,test-03-q10,Is there a disagreement about the timing of the Executive Committee meeting?,"[""not found""]",False,no,True,unsupported_answer,https://github.com/tc39/notes/blob/e8015bc18c938be9ceaea5c49618a9f21158df48/meetings/2025-02/february-18.md,"[{""start"": 5635, ""end"": 5753, ""quote"": ""SHN: Just a few general items and the important one, this year ExeCom is earlier usually it is middle or end of April.""}]",model_drafted_unreviewed,,
test,parsed,evolved,test-04,test-04-q01,Who volunteered to help out with the notes?,"[""Jesse alma""]",True,Jesse Alama and Ashley Claymore,True,value_mismatch,https://github.com/tc39/notes/blob/e8015bc18c938be9ceaea5c49618a9f21158df48/meetings/2025-04/april-14.md,"[{""start"": 7855, ""end"": 7875, ""quote"": ""JMN: I can help out.""}]",model_drafted_unreviewed,,
test,parsed,evolved,test-04,test-04-q05,When is the next meeting scheduled?,"[""28 to 30 May 2025""]",True,28th to 30th of May,True,value_mismatch,https://github.com/tc39/notes/blob/e8015bc18c938be9ceaea5c49618a9f21158df48/meetings/2025-04/april-14.md,"[{""start"": 7582, ""end"": 7713, ""quote"": ""The next meeting, the 108th meeting is from the 28th to 30 of May in A Coruña, hosted by Igalia and in central European summertime.""}]",model_drafted_unreviewed,,
test,parsed,evolved,test-04,test-04-q08,What is the deadline to merge the previous minutes PR?,"[""soon""]",True,not found,False,wrong_abstention,https://github.com/tc39/notes/blob/e8015bc18c938be9ceaea5c49618a9f21158df48/meetings/2025-04/april-14.md,"[{""start"": 9340, ""end"": 9383, ""quote"": ""Let’s make sure that we merge them in soon.""}]",model_drafted_unreviewed,,
test,parsed,evolved,test-04,test-04-q09,Is there any mention of a decision to change the meeting schedule?,"[""not found""]",False,no,True,unsupported_answer,https://github.com/tc39/notes/blob/e8015bc18c938be9ceaea5c49618a9f21158df48/meetings/2025-04/april-14.md,"[{""start"": 3066, ""end"": 3273, ""quote"": ""We start now, which in this case is 10, in New York time, and we finish in go hours, and we have a two-hour session until the break, and then an hour break and another two hours until three in New York time.""}]",model_drafted_unreviewed,,
test,parsed,evolved,test-05,test-05-q01,Who is the presenter of the opening and welcome?,"[""Ujjwal Sharma (USA)""]",True,Ujjwal Sharma,True,value_mismatch,https://github.com/tc39/notes/blob/e8015bc18c938be9ceaea5c49618a9f21158df48/meetings/2025-05/may-28.md,"[{""start"": 1463, ""end"": 1493, ""quote"": ""Presenter: Ujjwal Sharma (USA)""}]",model_drafted_unreviewed,,
test,parsed,evolved,test-05,test-05-q06,Who proposed continuing the COVID measures from the previous meeting?,"[""USA""]",True,Ujjwal Sharma,True,value_mismatch,https://github.com/tc39/notes/blob/e8015bc18c938be9ceaea5c49618a9f21158df48/meetings/2025-05/may-28.md,"[{""start"": 3133, ""end"": 3307, ""quote"": ""We continue with the COVID measures as expected from the previous meeting, we will follow them if you have any concerns regarding them, contact us we would like to do better.""}]",model_drafted_unreviewed,,
test,parsed,evolved,test-05,test-05-q08,Are attendees required to join the TC39 matrix chat?,"[""not found""]",False,"No, attendees are not required to join the TC39 matrix chat, but it is encouraged to join as it is useful for discussions during the meeting.",True,unsupported_answer,https://github.com/tc39/notes/blob/e8015bc18c938be9ceaea5c49618a9f21158df48/meetings/2025-05/may-28.md,"[{""start"": 7250, ""end"": 7281, ""quote"": ""You are not on matrix, join us.""}]",model_drafted_unreviewed,,
test,parsed,evolved,test-05,test-05-q09,Is there a disagreement about the mask policy in the excerpt?,"[""not found""]",False,no,True,unsupported_answer,https://github.com/tc39/notes/blob/e8015bc18c938be9ceaea5c49618a9f21158df48/meetings/2025-05/may-28.md,"[{""start"": 3308, ""end"": 3413, ""quote"": ""Regarding the mask policy specifically, this is the first meeting where we move to not mandatory masking.""}]",model_drafted_unreviewed,,
test,parsed,evolved,test-05,test-05-q10,Who is responsible for organizing the TG5 workshop?,"[""not found""]",False,not found,True,unsupported_answer,https://github.com/tc39/notes/blob/e8015bc18c938be9ceaea5c49618a9f21158df48/meetings/2025-05/may-28.md,"[{""start"": 4693, ""end"": 4801, ""quote"": ""So on Tuesday, yesterday morning, at 10, we had the TG5 workshop, which was well, thank you, for organizing.""}]",model_drafted_unreviewed,,
test,parsed,evolved,test-06,test-06-q03,Is signing the royalty-free form mandatory for all participants?,"[""yes""]",True,"Yes, everyone should be signing the royalty-free form. If you have not signed any of this, then you are considered an observer and are welcome to observe in a read-only way but please do not speak.",True,value_mismatch,https://github.com/tc39/notes/blob/e8015bc18c938be9ceaea5c49618a9f21158df48/meetings/2025-07/july-28.md,"[{""start"": 5013, ""end"": 5062, ""quote"": ""Everyone should be signing the royalty-free form.""}]",model_drafted_unreviewed,,
test,parsed,evolved,test-06,test-06-q10,Is there any disagreement recorded about the agenda approval?,"[""not found""]",False,no,True,unsupported_answer,https://github.com/tc39/notes/blob/e8015bc18c938be9ceaea5c49618a9f21158df48/meetings/2025-07/july-28.md,"[{""start"": 6629, ""end"": 6684, ""quote"": ""Are there any objections to that? Nothing on the queue.""}]",model_drafted_unreviewed,,
test,parsed,evolved,test-07,test-07-q02,Did Jesse Alama agree to help with note-taking?,"[""yes""]",True,Jesse Alama,True,value_mismatch,https://github.com/tc39/notes/blob/e8015bc18c938be9ceaea5c49618a9f21158df48/meetings/2025-09/september-22.md,"[{""start"": 5929, ""end"": 6019, ""quote"": ""JMN: I can help with the first block, but not for the final presentation about the amount.""}]",model_drafted_unreviewed,,
test,parsed,evolved,test-07,test-07-q04,Who volunteered to be the liaison between TC39 and IETF?,"[""RGN""]",True,Richard Gibson,True,value_mismatch,https://github.com/tc39/notes/blob/e8015bc18c938be9ceaea5c49618a9f21158df48/meetings/2025-09/september-22.md,"[{""start"": 9930, ""end"": 10069, ""quote"": ""There had been somebody in the who no longer is active, and it was left on the back burner, thank you very much RGN volunteered to do this.""}]",model_drafted_unreviewed,,
test,parsed,evolved,test-07,test-07-q07,Did Samina Husain specify a deadline for organizations to show interest in the new TC?,"[""not found""]",False,no,True,unsupported_answer,https://github.com/tc39/notes/blob/e8015bc18c938be9ceaea5c49618a9f21158df48/meetings/2025-09/september-22.md,"[{""start"": 8155, ""end"": 8307, ""quote"": ""Also to bring to your attention, if you or your organization want to participate, please reach out to me, to show interest to participate in the new TC.""}]",model_drafted_unreviewed,,
test,parsed,evolved,test-07,test-07-q08,Is there a disagreement mentioned about the JSON Schema work moving to ECMA?,"[""not found""]",False,no,True,unsupported_answer,https://github.com/tc39/notes/blob/e8015bc18c938be9ceaea5c49618a9f21158df48/meetings/2025-09/september-22.md,"[{""start"": 8538, ""end"": 8795, ""quote"": ""There’s a lot of work in conversation with the committee to discuss their interest to come to ECMA There has been an outreach to all contributors, 60 + have been involved in the JSON Schema to agree on ECMA IPRs that is a requirement for us to move forward.""}]",model_drafted_unreviewed,,
test,parsed,evolved,test-07,test-07-q09,Who is responsible for approving the minutes from the previous meeting?,"[""Chris de Almeida""]",True,"The approval of the minutes from the previous meeting is presided over by Chris de Almeida (CDA) as chair, with the process involving the attendees for any objections and adoption by presumption if no opposition is voiced.",True,value_mismatch,https://github.com/tc39/notes/blob/e8015bc18c938be9ceaea5c49618a9f21158df48/meetings/2025-09/september-22.md,"[{""start"": 5096, ""end"": 5162, ""quote"": ""Presuming, we are approving the minutes from the previous meeting.""}]",model_drafted_unreviewed,,
test,parsed,evolved,test-08,test-08-q01,Who consists of the chair group?,"[""myself, I’m Rob. We have Chris here, and remotely we have Ujjwal""]",True,"Rob Palmer, Chris, and Ujjwal Sharma",True,value_mismatch,https://github.com/tc39/notes/blob/e8015bc18c938be9ceaea5c49618a9f21158df48/meetings/2025-11/november-18.md,"[{""start"": 3107, ""end"": 3210, ""quote"": ""All right, so to help run these meetings, we have the chair group, so that consists of myself, I’m Rob.""}]",model_drafted_unreviewed,,
test,parsed,evolved,test-08,test-08-q02,Who assists the chair group?,"[""Justin, Daniel here, Dan Minor, and Daniel remotely""]",True,"Justin Ridgewell, Daniel Minor, and Daniel (remotely)",True,value_mismatch,https://github.com/tc39/notes/blob/e8015bc18c938be9ceaea5c49618a9f21158df48/meetings/2025-11/november-18.md,"[{""start"": 3260, ""end"": 3347, ""quote"": ""We’re assisted by our facilitators Justin, Daniel here, Dan Minor, and Daniel remotely.""}]",model_drafted_unreviewed,,
test,parsed,evolved,test-08,test-08-q04,Where can the code of conduct be found?,"[""links from the TC39.es repo""]",True,The code of conduct can be found via links from the TC39.es repo.,True,value_mismatch,https://github.com/tc39/notes/blob/e8015bc18c938be9ceaea5c49618a9f21158df48/meetings/2025-11/november-18.md,"[{""start"": 4191, ""end"": 4265, ""quote"": ""We have a code of conduct, which you can find links from the TC39.es repo.""}]",model_drafted_unreviewed,,
test,parsed,evolved,test-08,test-08-q06,What is the daily schedule for the meeting?,"[""meeting begins at 10, now, and will end at 5 p.m. each day, apart from Thursday, when we will end a little bit earlier at 4 p.m.""]",True,"The meeting begins at 10 a.m. and ends at 5 p.m. each day, except Thursday when it ends earlier at 4 p.m.",True,value_mismatch,https://github.com/tc39/notes/blob/e8015bc18c938be9ceaea5c49618a9f21158df48/meetings/2025-11/november-18.md,"[{""start"": 4520, ""end"": 4603, ""quote"": ""Our daily schedule means that the meeting begins at 10, now, and will end at 5 p.m.""}]",model_drafted_unreviewed,,
test,parsed,evolved,test-08,test-08-q07,Is there a button in TCQ to indicate 'I’m done speaking'?,"[""no""]",True,"Yes, there is a button in TCQ to indicate 'I’m done speaking'.",True,value_mismatch,https://github.com/tc39/notes/blob/e8015bc18c938be9ceaea5c49618a9f21158df48/meetings/2025-11/november-18.md,"[{""start"": 7047, ""end"": 7136, ""quote"": ""Well, there is—TCQ has been updated to remove the button, so temptation has been removed.""}]",model_drafted_unreviewed,,
test,parsed,evolved,test-08,test-08-q09,Is there a social dinner planned during the meeting week?,"[""not found""]",False,yes,True,unsupported_answer,https://github.com/tc39/notes/blob/e8015bc18c938be9ceaea5c49618a9f21158df48/meetings/2025-11/november-18.md,"[{""start"": 5793, ""end"": 5854, ""quote"": ""For the coming week, on Wednesday, we have our social dinner.""}]",model_drafted_unreviewed,,
test,parsed,evolved,test-08,test-08-q10,Is there a mention of a transcriptionist being present?,"[""Yes, I’m here.""]",True,yes,True,value_mismatch,https://github.com/tc39/notes/blob/e8015bc18c938be9ceaea5c49618a9f21158df48/meetings/2025-11/november-18.md,"[{""start"": 8800, ""end"": 8817, ""quote"": "">> Yes, I’m here.""}]",model_drafted_unreviewed,,
test,parsed,evolved,test-09,test-09-q02,Did Shane F Carr agree to help with the notes?,"[""Yes""]",True,Shane F Carr,True,value_mismatch,https://github.com/tc39/notes/blob/e8015bc18c938be9ceaea5c49618a9f21158df48/meetings/2026-01/january-20.md,"[{""start"": 7155, ""end"": 7190, ""quote"": ""SFC: I can help for the first hour.""}]",model_drafted_unreviewed,,
test,parsed,evolved,test-09,test-09-q03,Is the TG5 workshop date finalized?,"[""not found""]",False,No,True,unsupported_answer,https://github.com/tc39/notes/blob/e8015bc18c938be9ceaea5c49618a9f21158df48/meetings/2026-01/january-20.md,"[{""start"": 7564, ""end"": 7596, ""quote"": ""That has not been specified yet.""}]",model_drafted_unreviewed,,
test,parsed,evolved,test-09,test-09-q08,Are the meeting notes going to be made public?,"[""Yes""]",True,"Yes, the meeting notes will be made public as detailed transcripts of the meeting are being prepared and eventually posted on GitHub.",True,value_mismatch,https://github.com/tc39/notes/blob/e8015bc18c938be9ceaea5c49618a9f21158df48/meetings/2026-01/january-20.md,"[{""start"": 5845, ""end"": 5975, ""quote"": ""I shall read out the disclaim that are a detailed transcript of this meeting is being prepared and eventually be posted on GitHub.""}]",model_drafted_unreviewed,,
test,parsed,evolved,test-10,test-10-q01,Who requested volunteers for note-taking?,"[""Rob Palmer (RPR)""]",True,Rob Palmer,True,value_mismatch,https://github.com/tc39/notes/blob/e8015bc18c938be9ceaea5c49618a9f21158df48/meetings/2026-03/march-10.md,"[{""start"": 8409, ""end"": 8438, ""quote"": ""We always ask for volunteers.""}]",model_drafted_unreviewed,,
test,parsed,evolved,test-10,test-10-q03,"Who will handle the elections for the chair group, editors, and conveners?","[""Samina Husain (SHN)""]",True,Samina Husain,True,value_mismatch,https://github.com/tc39/notes/blob/e8015bc18c938be9ceaea5c49618a9f21158df48/meetings/2026-03/march-10.md,"[{""start"": 2954, ""end"": 3058, ""quote"": ""We have elections coming up for the chair group, the editors, and the conveners that Samina will handle.""}]",model_drafted_unreviewed,,
test,parsed,evolved,test-10,test-10-q07,Is Justin Ridgewell (JRL) present in the room?,"[""not found""]",False,yes,True,unsupported_answer,https://github.com/tc39/notes/blob/e8015bc18c938be9ceaea5c49618a9f21158df48/meetings/2026-03/march-10.md,"[{""start"": 2455, ""end"": 2548, ""quote"": ""Do we have our host, Justin, in the room? I guess he's probably downstairs helping people in.""}]",model_drafted_unreviewed,,
test,parsed,evolved,test-10,test-10-q08,Is there a disagreement about the microphone functionality?,"[""not found""]",False,no,True,unsupported_answer,https://github.com/tc39/notes/blob/e8015bc18c938be9ceaea5c49618a9f21158df48/meetings/2026-03/march-10.md,"[{""start"": 2127, ""end"": 2189, ""quote"": ""However, the regular microphones we've not yet confirmed work.""}]",model_drafted_unreviewed,,
test,parsed,evolved,test-10,test-10-q09,Who is responsible for turning on the Google Meet transcription?,"[""not found""]",False,the hosts,True,unsupported_answer,https://github.com/tc39/notes/blob/e8015bc18c938be9ceaea5c49618a9f21158df48/meetings/2026-03/march-10.md,"[{""start"": 7425, ""end"": 7575, ""quote"": ""We will be asking our hosts who are also the authors of Google Meet or the company that has created it to turn on the transcription there as a backup.""}]",model_drafted_unreviewed,,
test,parsed,evolved,test-11,test-11-q03,Did the meeting decide on note takers?,"[""yes""]",True,"Yes, the meeting decided on note takers. OMT and ZTZ volunteered to help with the notes.",True,value_mismatch,https://github.com/tc39/notes/blob/e8015bc18c938be9ceaea5c49618a9f21158df48/meetings/2026-05/may-19.md,"[{""start"": 7248, ""end"": 7266, ""quote"": ""Thank you, Justin.""}]",model_drafted_unreviewed,,
test,parsed,evolved,test-11,test-11-q04,Who are the two note takers?,"[""Justin"", ""Zbyszek Tenerowicz""]",True,Oliver Medhurst and Zbyszek Tenerowicz,True,value_mismatch,https://github.com/tc39/notes/blob/e8015bc18c938be9ceaea5c49618a9f21158df48/meetings/2026-05/may-19.md,"[{""start"": 7248, ""end"": 7266, ""quote"": ""Thank you, Justin.""}]",model_drafted_unreviewed,,
test,parsed,evolved,test-11,test-11-q07,Did Michael Ficarra present about the new TCQ tool?,"[""yes""]",True,Michael Ficarra presented about the new TCQ tool.,True,value_mismatch,https://github.com/tc39/notes/blob/e8015bc18c938be9ceaea5c49618a9f21158df48/meetings/2026-05/may-19.md,"[{""start"": 8488, ""end"": 8519, ""quote"": ""Presenter: Michael Ficarra (MF)""}]",model_drafted_unreviewed,,
test,parsed,evolved,test-11,test-11-q08,Is there a human transcriptionist for notes?,"[""no""]",True,"No, there is no human transcriptionist for notes anymore. Instead, a bot transcribes the notes.",True,value_mismatch,https://github.com/tc39/notes/blob/e8015bc18c938be9ceaea5c49618a9f21158df48/meetings/2026-05/may-19.md,"[{""start"": 5451, ""end"": 5516, ""quote"": ""Regarding notes, we do not have a human transcriptionist anymore.""}]",model_drafted_unreviewed,,
test,parsed,evolved,test-11,test-11-q09,Was the exact date of the next in-person meeting given?,"[""not found""]",False,"Thursday, 21st October",True,unsupported_answer,https://github.com/tc39/notes/blob/e8015bc18c938be9ceaea5c49618a9f21158df48/meetings/2026-05/may-19.md,"[{""start"": 6282, ""end"": 6387, ""quote"": ""Next up, though, the meeting after the next one, the next in-person meeting is the 100 the 116th meeting.""}]",model_drafted_unreviewed,,
test,parsed,evolved,test-11,test-11-q10,Did the excerpt mention any disagreement about the agenda?,"[""not found""]",False,no,True,unsupported_answer,https://github.com/tc39/notes/blob/e8015bc18c938be9ceaea5c49618a9f21158df48/meetings/2026-05/may-19.md,"[{""start"": 7609, ""end"": 7776, ""quote"": ""Do we have confirmation of those previous minutes? And what about the current agenda? Do we have agreement on adopting the current agenda? I don't hear any opposition.""}]",model_drafted_unreviewed,,
test,parsed,evolved,test-12,test-12-q03,What communication tool is proposed for use during the meeting?,"[""TCQ""]",True,The communication tool proposed for use during the meeting is TCQ for participant interaction and Matrix for chat.,True,value_mismatch,https://github.com/tc39/notes/blob/e8015bc18c938be9ceaea5c49618a9f21158df48/meetings/2026-07/july-20.md,"[{""start"": 2423, ""end"": 2613, ""quote"": ""Communication tools: hopefully folks are familiar already with TCQ, and we have got the screenshots updated to reflect the new, fancy TCQ, courtesy of Michael Ficarra and other contributors.""}]",model_drafted_unreviewed,,
test,parsed,evolved,test-12,test-12-q04,Who is responsible for assisting with making corrections and attributions in the transcript?,"[""Note helpers""]",True,Ashley Claymore and Nicolò Ribaudo,True,value_mismatch,https://github.com/tc39/notes/blob/e8015bc18c938be9ceaea5c49618a9f21158df48/meetings/2026-07/july-20.md,"[{""start"": 4058, ""end"": 4138, ""quote"": ""We always ask for note helpers to assist in making corrections and attributions.""}]",model_drafted_unreviewed,,
test,parsed,evolved,test-12,test-12-q05,Is there a deadline for editing the transcript after the meeting?,"[""2 weeks after meeting""]",True,The transcript can be edited at any time during the meeting and for the first 2 weeks after the meeting.,True,value_mismatch,https://github.com/tc39/notes/blob/e8015bc18c938be9ceaea5c49618a9f21158df48/meetings/2026-07/july-20.md,"[{""start"": 4344, ""end"": 4442, ""quote"": ""And just a reminder that the transcript that's being prepared will eventually be posted on GitHub.""}]",model_drafted_unreviewed,,
test,parsed,evolved,test-12,test-12-q06,Did Ashley Claymore volunteer to help with notes?,"[""yes""]",True,Ashley Claymore,True,value_mismatch,https://github.com/tc39/notes/blob/e8015bc18c938be9ceaea5c49618a9f21158df48/meetings/2026-07/july-20.md,"[{""start"": 6685, ""end"": 6708, ""quote"": ""ACE: I'll help you out.""}]",model_drafted_unreviewed,,
test,parsed,evolved,test-12,test-12-q09,Is there any mention of a decision about the next meeting location?,"[""not found""]",False,"The next meeting will be an in-person/hybrid meeting in Tokyo, at the Sony Interactive Entertainment office in Shinagawa, in late September to early October.",True,unsupported_answer,https://github.com/tc39/notes/blob/e8015bc18c938be9ceaea5c49618a9f21158df48/meetings/2026-07/july-20.md,"[{""start"": 5705, ""end"": 5779, ""quote"": ""Our next meeting will be an in-person/hybrid meeting, once again in Tokyo.""}]",model_drafted_unreviewed,,
test,parsed,evolved,test-12,test-12-q10,Was there any disagreement about the agenda?,"[""not found""]",False,no,True,unsupported_answer,https://github.com/tc39/notes/blob/e8015bc18c938be9ceaea5c49618a9f21158df48/meetings/2026-07/july-20.md,"[{""start"": 7733, ""end"": 7789, ""quote"": ""Is there any objection to the agenda as it stands? Okay.""}]",model_drafted_unreviewed,,
test,parsed,prose,test-01,test-01-q04,What did Yulia Startsev propose regarding agenda management?,"[""discuss how to handle agenda items ahead of time recognizing a meeting is too full rather than extending the time""]",True,"Yulia Startsev proposed that because a few items were added close to the deadline resulting in insufficient review, they should hold back on consensus for some items and discuss in the future how to manage agendas better, such as recognizing when a meeting is too full rather than extending the time.",True,value_mismatch,https://github.com/tc39/notes/blob/e8015bc18c938be9ceaea5c49618a9f21158df48/meetings/2024-10/october-08.md,"[{""start"": 2195, ""end"": 2383, ""quote"": ""I would like to highlight this: so that maybe we can discuss how to do this in the future in terms of ahead of time, recognizing that a meeting is too full, rather than extending the time.""}]",model_drafted_unreviewed,,
test,parsed,prose,test-01,test-01-q05,What is the purpose of the TC56 proposal mentioned?,"[""standardization of a high-level shading language (HLSL)""]",True,"The TC56 proposal is to create a technical committee to standardize a high-level shading language (HLSL) using the royalty free patent policy developed by ECMA, publish both the standard and a standard library for HLSL, and liaise with other bodies to ensure adoption, distribution, and use.",True,value_mismatch,https://github.com/tc39/notes/blob/e8015bc18c938be9ceaea5c49618a9f21158df48/meetings/2024-10/october-08.md,"[{""start"": 4029, ""end"": 4058, ""quote"": ""AKI: We have a TC56 proposal.""}]",model_drafted_unreviewed,,
test,parsed,prose,test-01,test-01-q06,When is the upcoming ECMA ExeCom meeting scheduled?,"[""22-23 October 2024""]",True,22 and 23 October,True,value_mismatch,https://github.com/tc39/notes/blob/e8015bc18c938be9ceaea5c49618a9f21158df48/meetings/2024-10/october-08.md,"[{""start"": 5203, ""end"": 5271, ""quote"": ""I strongly encourage everyone to throw their name in for the ExeCom.""}]",model_drafted_unreviewed,,
test,parsed,prose,test-01,test-01-q09,Is there any mention of changing the invited experts policy to disallow invited experts?,"[""no""]",True,"No, there is no mention of changing the invited experts policy to disallow invited experts. The policy will continue with an annual review to confirm engagement and membership interest, but no change to disallow invited experts is indicated.",True,value_mismatch,https://github.com/tc39/notes/blob/e8015bc18c938be9ceaea5c49618a9f21158df48/meetings/2024-10/october-08.md,"[{""start"": 8262, ""end"": 8367, ""quote"": ""So there’s no reason to think that we are actually going to change allowing invited experts in any sense.""}]",model_drafted_unreviewed,,
test,parsed,prose,test-01,test-01-q10,Is there any mention of a decision to extend the meeting time permanently?,"[""not found""]",False,No,True,unsupported_answer,https://github.com/tc39/notes/blob/e8015bc18c938be9ceaea5c49618a9f21158df48/meetings/2024-10/october-08.md,"[{""start"": 2195, ""end"": 2383, ""quote"": ""I would like to highlight this: so that maybe we can discuss how to do this in the future in terms of ahead of time, recognizing that a meeting is too full, rather than extending the time.""}]",model_drafted_unreviewed,,
test,parsed,prose,test-02,test-02-q01,Who requested volunteers to assist with note taking?,"[""Rob Palmer""]",True,not found,False,wrong_abstention,https://github.com/tc39/notes/blob/e8015bc18c938be9ceaea5c49618a9f21158df48/meetings/2024-12/december-02.md,"[{""start"": 1476, ""end"": 1591, ""quote"": ""Before we start, could I get a couple of volunteers to assist with the note taking to polish up the notes as we go.""}]",model_drafted_unreviewed,,
test,parsed,prose,test-02,test-02-q03,What was the decision about the previous minutes?,"[""They are approved"", ""previous minutes are approved""]",True,The previous minutes were approved.,True,value_mismatch,https://github.com/tc39/notes/blob/e8015bc18c938be9ceaea5c49618a9f21158df48/meetings/2024-12/december-02.md,"[{""start"": 7462, ""end"": 7480, ""quote"": ""They are approved.""}]",model_drafted_unreviewed,,
test,parsed,prose,test-02,test-02-q05,Who was recognized as a pathfinder for security?,"[""CDA"", ""Chris de Almeida""]",True,not found,False,wrong_abstention,https://github.com/tc39/notes/blob/e8015bc18c938be9ceaea5c49618a9f21158df48/meetings/2024-12/december-02.md,"[{""start"": 8756, ""end"": 8812, ""quote"": ""So CDA has been recognized as a pathfinder for security.""}]",model_drafted_unreviewed,,
test,parsed,prose,test-02,test-02-q06,When will TC55 be proposed and discussed?,"[""in ten days""]",True,not found,False,wrong_abstention,https://github.com/tc39/notes/blob/e8015bc18c938be9ceaea5c49618a9f21158df48/meetings/2024-12/december-02.md,"[{""start"": 10223, ""end"": 10289, ""quote"": ""It will be proposed and discussed at the GA coming up in ten days.""}]",model_drafted_unreviewed,,
test,parsed,prose,test-02,test-02-q07,Is TC56 a proposal related to artificial intelligence?,"[""yes"", ""Yes""]",True,not found,False,wrong_abstention,https://github.com/tc39/notes/blob/e8015bc18c938be9ceaea5c49618a9f21158df48/meetings/2024-12/december-02.md,"[{""start"": 10326, ""end"": 10379, ""quote"": ""It is the first one covering artificial intelligence.""}]",model_drafted_unreviewed,,
test,parsed,prose,test-02,test-02-q08,Has the high-level shading language HLSL been officially formalized as a TC number?,"[""no"", ""No""]",True,not found,False,wrong_abstention,https://github.com/tc39/notes/blob/e8015bc18c938be9ceaea5c49618a9f21158df48/meetings/2024-12/december-02.md,"[{""start"": 10807, ""end"": 10881, ""quote"": ""SHN: I have also mentioned this particular—I don’t have a TC number to it.""}]",model_drafted_unreviewed,,
test,parsed,prose,test-03,test-03-q01,Who is the new President of Ecma?,"[""DE""]",True,Daniel Ehrenberg,True,value_mismatch,https://github.com/tc39/notes/blob/e8015bc18c938be9ceaea5c49618a9f21158df48/meetings/2025-02/february-18.md,"[{""start"": 4444, ""end"": 4517, ""quote"": ""So DE who is sitting right here in the room is our new President of Ecma.""}]",model_drafted_unreviewed,,
test,parsed,prose,test-03,test-03-q07,Has the transition from Winter CG to WinterTC been completed?,"[""yes""]",True,"Yes, the transition from Winter CG to WinterTC has been completed.",True,value_mismatch,https://github.com/tc39/notes/blob/e8015bc18c938be9ceaea5c49618a9f21158df48/meetings/2025-02/february-18.md,"[{""start"": 8421, ""end"": 8548, ""quote"": ""SHN: With W3C we have done the transition of Winter CG to the generally used term WinterTC and new TC55 that is formed at Ecma.""}]",model_drafted_unreviewed,,
test,parsed,prose,test-03,test-03-q08,Is there a plan to approach invited experts to consider joining as members?,"[""yes""]",True,"Yes, Samina Husain mentioned that she will be approaching organizations and members that are related to the invited experts to inquire if they would like to join as members.",True,value_mismatch,https://github.com/tc39/notes/blob/e8015bc18c938be9ceaea5c49618a9f21158df48/meetings/2025-02/february-18.md,"[{""start"": 7905, ""end"": 8080, ""quote"": ""Sometime in the next little while I will be approaching organizations and members that are related to the organization that are invited experts if they are considered to join.""}]",model_drafted_unreviewed,,
test,parsed,prose,test-03,test-03-q09,Is there any mention of a deadline for the invited experts review?,"[""not found""]",False,"The invited experts review is planned to be conducted at the end of the year, as mentioned by Samina Husain.",True,unsupported_answer,https://github.com/tc39/notes/blob/e8015bc18c938be9ceaea5c49618a9f21158df48/meetings/2025-02/february-18.md,"[{""start"": 7669, ""end"": 7904, ""quote"": ""So the invited experts that typically would have ended their term at the end of 2024, I have not stopped and they will continue on and because we appreciate everybody’s contribution and would like to review them at the end of the year.""}]",model_drafted_unreviewed,,
test,parsed,prose,test-03,test-03-q10,Is there a disagreement about the timing of the Executive Committee meeting?,"[""not found""]",False,no,True,unsupported_answer,https://github.com/tc39/notes/blob/e8015bc18c938be9ceaea5c49618a9f21158df48/meetings/2025-02/february-18.md,"[{""start"": 5635, ""end"": 5753, ""quote"": ""SHN: Just a few general items and the important one, this year ExeCom is earlier usually it is middle or end of April.""}]",model_drafted_unreviewed,,
test,parsed,prose,test-04,test-04-q01,Who volunteered to help out with the notes?,"[""Jesse alma""]",True,Jesse Alama and Ashley Claymore,True,value_mismatch,https://github.com/tc39/notes/blob/e8015bc18c938be9ceaea5c49618a9f21158df48/meetings/2025-04/april-14.md,"[{""start"": 7855, ""end"": 7875, ""quote"": ""JMN: I can help out.""}]",model_drafted_unreviewed,,
test,parsed,prose,test-04,test-04-q05,When is the next meeting scheduled?,"[""28 to 30 May 2025""]",True,28th to 30th of May,True,value_mismatch,https://github.com/tc39/notes/blob/e8015bc18c938be9ceaea5c49618a9f21158df48/meetings/2025-04/april-14.md,"[{""start"": 7582, ""end"": 7713, ""quote"": ""The next meeting, the 108th meeting is from the 28th to 30 of May in A Coruña, hosted by Igalia and in central European summertime.""}]",model_drafted_unreviewed,,
test,parsed,prose,test-04,test-04-q08,What is the deadline to merge the previous minutes PR?,"[""soon""]",True,not found,False,wrong_abstention,https://github.com/tc39/notes/blob/e8015bc18c938be9ceaea5c49618a9f21158df48/meetings/2025-04/april-14.md,"[{""start"": 9340, ""end"": 9383, ""quote"": ""Let’s make sure that we merge them in soon.""}]",model_drafted_unreviewed,,
test,parsed,prose,test-04,test-04-q09,Is there any mention of a decision to change the meeting schedule?,"[""not found""]",False,no,True,unsupported_answer,https://github.com/tc39/notes/blob/e8015bc18c938be9ceaea5c49618a9f21158df48/meetings/2025-04/april-14.md,"[{""start"": 3066, ""end"": 3273, ""quote"": ""We start now, which in this case is 10, in New York time, and we finish in go hours, and we have a two-hour session until the break, and then an hour break and another two hours until three in New York time.""}]",model_drafted_unreviewed,,
test,parsed,prose,test-05,test-05-q01,Who is the presenter of the opening and welcome?,"[""Ujjwal Sharma (USA)""]",True,not found,False,wrong_abstention,https://github.com/tc39/notes/blob/e8015bc18c938be9ceaea5c49618a9f21158df48/meetings/2025-05/may-28.md,"[{""start"": 1463, ""end"": 1493, ""quote"": ""Presenter: Ujjwal Sharma (USA)""}]",model_drafted_unreviewed,,
test,parsed,prose,test-05,test-05-q02,Is masking mandatory at this meeting?,"[""no"", ""No"", ""not mandatory""]",True,not found,False,wrong_abstention,https://github.com/tc39/notes/blob/e8015bc18c938be9ceaea5c49618a9f21158df48/meetings/2025-05/may-28.md,"[{""start"": 3308, ""end"": 3413, ""quote"": ""Regarding the mask policy specifically, this is the first meeting where we move to not mandatory masking.""}]",model_drafted_unreviewed,,
test,parsed,prose,test-05,test-05-q04,When is the next TC39 meeting scheduled?,"[""28 to 31 July"", ""28 to 31 July 2025""]",True,not found,False,wrong_abstention,https://github.com/tc39/notes/blob/e8015bc18c938be9ceaea5c49618a9f21158df48/meetings/2025-05/may-28.md,"[{""start"": 9240, ""end"": 9254, ""quote"": ""28 to 31 July.""}]",model_drafted_unreviewed,,
test,parsed,prose,test-05,test-05-q05,Did the committee approve the previous minutes?,"[""yes"", ""Yes""]",True,not found,False,wrong_abstention,https://github.com/tc39/notes/blob/e8015bc18c938be9ceaea5c49618a9f21158df48/meetings/2025-05/may-28.md,"[{""start"": 9661, ""end"": 9702, ""quote"": ""I assume we approve the previous minutes.""}]",model_drafted_unreviewed,,
test,parsed,prose,test-05,test-05-q06,Who proposed continuing the COVID measures from the previous meeting?,"[""USA""]",True,not found,False,wrong_abstention,https://github.com/tc39/notes/blob/e8015bc18c938be9ceaea5c49618a9f21158df48/meetings/2025-05/may-28.md,"[{""start"": 3133, ""end"": 3307, ""quote"": ""We continue with the COVID measures as expected from the previous meeting, we will follow them if you have any concerns regarding them, contact us we would like to do better.""}]",model_drafted_unreviewed,,
test,parsed,prose,test-05,test-05-q07,Is there a social dinner planned during this meeting?,"[""yes"", ""Yes""]",True,no,True,value_mismatch,https://github.com/tc39/notes/blob/e8015bc18c938be9ceaea5c49618a9f21158df48/meetings/2025-05/may-28.md,"[{""start"": 4995, ""end"": 5044, ""quote"": ""And later, at 9, we start with the social dinner.""}]",model_drafted_unreviewed,,
test,parsed,prose,test-05,test-05-q09,Is there a disagreement about the mask policy in the excerpt?,"[""not found""]",False,no,True,unsupported_answer,https://github.com/tc39/notes/blob/e8015bc18c938be9ceaea5c49618a9f21158df48/meetings/2025-05/may-28.md,"[{""start"": 3308, ""end"": 3413, ""quote"": ""Regarding the mask policy specifically, this is the first meeting where we move to not mandatory masking.""}]",model_drafted_unreviewed,,
test,parsed,prose,test-06,test-06-q01,Who asked for volunteers to help with editing the notes?,"[""Rob Palmer""]",True,not found,False,wrong_abstention,https://github.com/tc39/notes/blob/e8015bc18c938be9ceaea5c49618a9f21158df48/meetings/2025-07/july-28.md,"[{""start"": 2163, ""end"": 2242, ""quote"": ""Please could we have a couple of volunteers to help out with editing the notes?""}]",model_drafted_unreviewed,,
test,parsed,prose,test-06,test-06-q03,Is signing the royalty-free form mandatory for all participants?,"[""yes""]",True,not found,False,wrong_abstention,https://github.com/tc39/notes/blob/e8015bc18c938be9ceaea5c49618a9f21158df48/meetings/2025-07/july-28.md,"[{""start"": 5013, ""end"": 5062, ""quote"": ""Everyone should be signing the royalty-free form.""}]",model_drafted_unreviewed,,
test,parsed,prose,test-06,test-06-q04,Who is responsible for reminding participants to sign in using the regular meeting entry form?,"[""Rob Palmer""]",True,not found,False,wrong_abstention,https://github.com/tc39/notes/blob/e8015bc18c938be9ceaea5c49618a9f21158df48/meetings/2025-07/july-28.md,"[{""start"": 2270, ""end"": 2350, ""quote"": ""So please can everyone remember to sign-in using the regular meeting entry form.""}]",model_drafted_unreviewed,,
test,parsed,prose,test-06,test-06-q06,Are observers allowed to speak during the meeting?,"[""no""]",True,not found,False,wrong_abstention,https://github.com/tc39/notes/blob/e8015bc18c938be9ceaea5c49618a9f21158df48/meetings/2025-07/july-28.md,"[{""start"": 5192, ""end"": 5216, ""quote"": ""But please do not speak.""}]",model_drafted_unreviewed,,
test,parsed,prose,test-06,test-06-q07,Who congratulated Rob Palmer for receiving an award?,"[""Samina Husain""]",True,not found,False,wrong_abstention,https://github.com/tc39/notes/blob/e8015bc18c938be9ceaea5c49618a9f21158df48/meetings/2025-07/july-28.md,"[{""start"": 9390, ""end"": 9516, ""quote"": ""SHN: And last, but not least, Rob, congratulations, RPR, you have been nominated by your committee and members for this award.""}]",model_drafted_unreviewed,,
test,parsed,prose,test-06,test-06-q09,Did CHU attend the meeting?,"[""no""]",True,not found,False,wrong_abstention,https://github.com/tc39/notes/blob/e8015bc18c938be9ceaea5c49618a9f21158df48/meetings/2025-07/july-28.md,"[{""start"": 3285, ""end"": 3325, ""quote"": ""Is CHU with us today? I do not think so.""}]",model_drafted_unreviewed,,
test,parsed,prose,test-06,test-06-q10,Is there any disagreement recorded about the agenda approval?,"[""not found""]",False,no,True,unsupported_answer,https://github.com/tc39/notes/blob/e8015bc18c938be9ceaea5c49618a9f21158df48/meetings/2025-07/july-28.md,"[{""start"": 6629, ""end"": 6684, ""quote"": ""Are there any objections to that? Nothing on the queue.""}]",model_drafted_unreviewed,,
test,parsed,prose,test-07,test-07-q02,Did Jesse Alama agree to help with note-taking?,"[""yes""]",True,Jesse Alama,True,value_mismatch,https://github.com/tc39/notes/blob/e8015bc18c938be9ceaea5c49618a9f21158df48/meetings/2025-09/september-22.md,"[{""start"": 5929, ""end"": 6019, ""quote"": ""JMN: I can help with the first block, but not for the final presentation about the amount.""}]",model_drafted_unreviewed,,
test,parsed,prose,test-07,test-07-q04,Who volunteered to be the liaison between TC39 and IETF?,"[""RGN""]",True,Richard Gibson,True,value_mismatch,https://github.com/tc39/notes/blob/e8015bc18c938be9ceaea5c49618a9f21158df48/meetings/2025-09/september-22.md,"[{""start"": 9930, ""end"": 10069, ""quote"": ""There had been somebody in the who no longer is active, and it was left on the back burner, thank you very much RGN volunteered to do this.""}]",model_drafted_unreviewed,,
test,parsed,prose,test-07,test-07-q07,Did Samina Husain specify a deadline for organizations to show interest in the new TC?,"[""not found""]",False,no,True,unsupported_answer,https://github.com/tc39/notes/blob/e8015bc18c938be9ceaea5c49618a9f21158df48/meetings/2025-09/september-22.md,"[{""start"": 8155, ""end"": 8307, ""quote"": ""Also to bring to your attention, if you or your organization want to participate, please reach out to me, to show interest to participate in the new TC.""}]",model_drafted_unreviewed,,
test,parsed,prose,test-07,test-07-q08,Is there a disagreement mentioned about the JSON Schema work moving to ECMA?,"[""not found""]",False,no,True,unsupported_answer,https://github.com/tc39/notes/blob/e8015bc18c938be9ceaea5c49618a9f21158df48/meetings/2025-09/september-22.md,"[{""start"": 8538, ""end"": 8795, ""quote"": ""There’s a lot of work in conversation with the committee to discuss their interest to come to ECMA There has been an outreach to all contributors, 60 + have been involved in the JSON Schema to agree on ECMA IPRs that is a requirement for us to move forward.""}]",model_drafted_unreviewed,,
test,parsed,prose,test-07,test-07-q09,Who is responsible for approving the minutes from the previous meeting?,"[""Chris de Almeida""]",True,"The approval of the minutes from the previous meeting is presided over by Chris de Almeida (CDA) as chair, with the process involving the attendees for any objections and adoption by presumption if no opposition is voiced.",True,value_mismatch,https://github.com/tc39/notes/blob/e8015bc18c938be9ceaea5c49618a9f21158df48/meetings/2025-09/september-22.md,"[{""start"": 5096, ""end"": 5162, ""quote"": ""Presuming, we are approving the minutes from the previous meeting.""}]",model_drafted_unreviewed,,
test,parsed,prose,test-08,test-08-q01,Who consists of the chair group?,"[""myself, I’m Rob. We have Chris here, and remotely we have Ujjwal""]",True,"Rob Palmer, Chris, and Ujjwal Sharma",True,value_mismatch,https://github.com/tc39/notes/blob/e8015bc18c938be9ceaea5c49618a9f21158df48/meetings/2025-11/november-18.md,"[{""start"": 3107, ""end"": 3210, ""quote"": ""All right, so to help run these meetings, we have the chair group, so that consists of myself, I’m Rob.""}]",model_drafted_unreviewed,,
test,parsed,prose,test-08,test-08-q02,Who assists the chair group?,"[""Justin, Daniel here, Dan Minor, and Daniel remotely""]",True,"Justin Ridgewell, Daniel Minor, and Daniel (remotely)",True,value_mismatch,https://github.com/tc39/notes/blob/e8015bc18c938be9ceaea5c49618a9f21158df48/meetings/2025-11/november-18.md,"[{""start"": 3260, ""end"": 3347, ""quote"": ""We’re assisted by our facilitators Justin, Daniel here, Dan Minor, and Daniel remotely.""}]",model_drafted_unreviewed,,
test,parsed,prose,test-08,test-08-q04,Where can the code of conduct be found?,"[""links from the TC39.es repo""]",True,The code of conduct can be found via links from the TC39.es repo.,True,value_mismatch,https://github.com/tc39/notes/blob/e8015bc18c938be9ceaea5c49618a9f21158df48/meetings/2025-11/november-18.md,"[{""start"": 4191, ""end"": 4265, ""quote"": ""We have a code of conduct, which you can find links from the TC39.es repo.""}]",model_drafted_unreviewed,,
test,parsed,prose,test-08,test-08-q06,What is the daily schedule for the meeting?,"[""meeting begins at 10, now, and will end at 5 p.m. each day, apart from Thursday, when we will end a little bit earlier at 4 p.m.""]",True,"The meeting begins at 10 a.m. and ends at 5 p.m. each day, except Thursday when it ends earlier at 4 p.m.",True,value_mismatch,https://github.com/tc39/notes/blob/e8015bc18c938be9ceaea5c49618a9f21158df48/meetings/2025-11/november-18.md,"[{""start"": 4520, ""end"": 4603, ""quote"": ""Our daily schedule means that the meeting begins at 10, now, and will end at 5 p.m.""}]",model_drafted_unreviewed,,
test,parsed,prose,test-08,test-08-q07,Is there a button in TCQ to indicate 'I’m done speaking'?,"[""no""]",True,"Yes, there is a button in TCQ to indicate 'I’m done speaking'.",True,value_mismatch,https://github.com/tc39/notes/blob/e8015bc18c938be9ceaea5c49618a9f21158df48/meetings/2025-11/november-18.md,"[{""start"": 7047, ""end"": 7136, ""quote"": ""Well, there is—TCQ has been updated to remove the button, so temptation has been removed.""}]",model_drafted_unreviewed,,
test,parsed,prose,test-08,test-08-q09,Is there a social dinner planned during the meeting week?,"[""not found""]",False,yes,True,unsupported_answer,https://github.com/tc39/notes/blob/e8015bc18c938be9ceaea5c49618a9f21158df48/meetings/2025-11/november-18.md,"[{""start"": 5793, ""end"": 5854, ""quote"": ""For the coming week, on Wednesday, we have our social dinner.""}]",model_drafted_unreviewed,,
test,parsed,prose,test-08,test-08-q10,Is there a mention of a transcriptionist being present?,"[""Yes, I’m here.""]",True,yes,True,value_mismatch,https://github.com/tc39/notes/blob/e8015bc18c938be9ceaea5c49618a9f21158df48/meetings/2025-11/november-18.md,"[{""start"": 8800, ""end"": 8817, ""quote"": "">> Yes, I’m here.""}]",model_drafted_unreviewed,,
test,parsed,prose,test-09,test-09-q02,Did Shane F Carr agree to help with the notes?,"[""Yes""]",True,Shane F Carr,True,value_mismatch,https://github.com/tc39/notes/blob/e8015bc18c938be9ceaea5c49618a9f21158df48/meetings/2026-01/january-20.md,"[{""start"": 7155, ""end"": 7190, ""quote"": ""SFC: I can help for the first hour.""}]",model_drafted_unreviewed,,
test,parsed,prose,test-09,test-09-q03,Is the TG5 workshop date finalized?,"[""not found""]",False,No,True,unsupported_answer,https://github.com/tc39/notes/blob/e8015bc18c938be9ceaea5c49618a9f21158df48/meetings/2026-01/january-20.md,"[{""start"": 7564, ""end"": 7596, ""quote"": ""That has not been specified yet.""}]",model_drafted_unreviewed,,
test,parsed,prose,test-09,test-09-q08,Are the meeting notes going to be made public?,"[""Yes""]",True,"Yes, the meeting notes will be made public as detailed transcripts of the meeting are being prepared and eventually posted on GitHub.",True,value_mismatch,https://github.com/tc39/notes/blob/e8015bc18c938be9ceaea5c49618a9f21158df48/meetings/2026-01/january-20.md,"[{""start"": 5845, ""end"": 5975, ""quote"": ""I shall read out the disclaim that are a detailed transcript of this meeting is being prepared and eventually be posted on GitHub.""}]",model_drafted_unreviewed,,
test,parsed,prose,test-10,test-10-q01,Who requested volunteers for note-taking?,"[""Rob Palmer (RPR)""]",True,not found,False,wrong_abstention,https://github.com/tc39/notes/blob/e8015bc18c938be9ceaea5c49618a9f21158df48/meetings/2026-03/march-10.md,"[{""start"": 8409, ""end"": 8438, ""quote"": ""We always ask for volunteers.""}]",model_drafted_unreviewed,,
test,parsed,prose,test-10,test-10-q02,Are the previous meeting notes from January approved?,"[""yes""]",True,not found,False,wrong_abstention,https://github.com/tc39/notes/blob/e8015bc18c938be9ceaea5c49618a9f21158df48/meetings/2026-03/march-10.md,"[{""start"": 9658, ""end"": 9717, ""quote"": ""So we can say that the previous meeting notes are approved.""}]",model_drafted_unreviewed,,
test,parsed,prose,test-10,test-10-q03,"Who will handle the elections for the chair group, editors, and conveners?","[""Samina Husain (SHN)""]",True,not found,False,wrong_abstention,https://github.com/tc39/notes/blob/e8015bc18c938be9ceaea5c49618a9f21158df48/meetings/2026-03/march-10.md,"[{""start"": 2954, ""end"": 3058, ""quote"": ""We have elections coming up for the chair group, the editors, and the conveners that Samina will handle.""}]",model_drafted_unreviewed,,
test,parsed,prose,test-10,test-10-q04,Is there a code of conduct for the meeting?,"[""yes""]",True,not found,False,wrong_abstention,https://github.com/tc39/notes/blob/e8015bc18c938be9ceaea5c49618a9f21158df48/meetings/2026-03/march-10.md,"[{""start"": 4069, ""end"": 4124, ""quote"": ""We also have a code of conduct on our website, TC39.es.""}]",model_drafted_unreviewed,,
test,parsed,prose,test-10,test-10-q05,When will lunch be held during this meeting?,"[""Between 1:00 and 2:00 PM""]",True,not found,False,wrong_abstention,https://github.com/tc39/notes/blob/e8015bc18c938be9ceaea5c49618a9f21158df48/meetings/2026-03/march-10.md,"[{""start"": 4581, ""end"": 4623, ""quote"": ""So lunch will be between 1:00 and 2:00 PM.""}]",model_drafted_unreviewed,,
test,parsed,prose,test-10,test-10-q06,Is the transcriptionist service provided by a third-party company available for this meeting?,"[""No""]",True,not found,False,wrong_abstention,https://github.com/tc39/notes/blob/e8015bc18c938be9ceaea5c49618a9f21158df48/meetings/2026-03/march-10.md,"[{""start"": 7148, ""end"": 7270, ""quote"": ""The twist with today's meeting is that we do not have our normal transcriptionist, as provided by the third-party company.""}]",model_drafted_unreviewed,,
test,parsed,prose,test-11,test-11-q01,Who asked attendees to fill the form?,"[""Ujjwal Sharma""]",True,not found,False,wrong_abstention,https://github.com/tc39/notes/blob/e8015bc18c938be9ceaea5c49618a9f21158df48/meetings/2026-05/may-19.md,"[{""start"": 2439, ""end"": 2456, ""quote"": ""Please fill that.""}]",model_drafted_unreviewed,,
test,parsed,prose,test-11,test-11-q02,What mode did Ujjwal Sharma propose for in-person Google Meet users?,"[""companion mode""]",True,not found,False,wrong_abstention,https://github.com/tc39/notes/blob/e8015bc18c938be9ceaea5c49618a9f21158df48/meetings/2026-05/may-19.md,"[{""start"": 3320, ""end"": 3404, ""quote"": ""Since we're using Google Meet, if you're there in person, please use companion mode.""}]",model_drafted_unreviewed,,
test,parsed,prose,test-11,test-11-q04,Who are the two note takers?,"[""Justin"", ""Zbyszek Tenerowicz""]",True,OMT and ZTZ,True,value_mismatch,https://github.com/tc39/notes/blob/e8015bc18c938be9ceaea5c49618a9f21158df48/meetings/2026-05/may-19.md,"[{""start"": 7248, ""end"": 7266, ""quote"": ""Thank you, Justin.""}]",model_drafted_unreviewed,,
test,parsed,prose,test-11,test-11-q06,Who requested volunteers to help with notes?,"[""Ujjwal Sharma""]",True,not found,False,wrong_abstention,https://github.com/tc39/notes/blob/e8015bc18c938be9ceaea5c49618a9f21158df48/meetings/2026-05/may-19.md,"[{""start"": 6006, ""end"": 6281, ""quote"": ""So as I mentioned, you might be curious about helping out with the notes if this is one of your first meetings, then I would highly request you to consider joining us volunteer this is something that helps the committee run smoothly and I think we'll come to that real quick.""}]",model_drafted_unreviewed,,
test,parsed,prose,test-11,test-11-q07,Did Michael Ficarra present about the new TCQ tool?,"[""yes""]",True,not found,False,wrong_abstention,https://github.com/tc39/notes/blob/e8015bc18c938be9ceaea5c49618a9f21158df48/meetings/2026-05/may-19.md,"[{""start"": 8488, ""end"": 8519, ""quote"": ""Presenter: Michael Ficarra (MF)""}]",model_drafted_unreviewed,,
test,parsed,prose,test-11,test-11-q08,Is there a human transcriptionist for notes?,"[""no""]",True,yes,True,value_mismatch,https://github.com/tc39/notes/blob/e8015bc18c938be9ceaea5c49618a9f21158df48/meetings/2026-05/may-19.md,"[{""start"": 5451, ""end"": 5516, ""quote"": ""Regarding notes, we do not have a human transcriptionist anymore.""}]",model_drafted_unreviewed,,
test,parsed,prose,test-11,test-11-q10,Did the excerpt mention any disagreement about the agenda?,"[""not found""]",False,no,True,unsupported_answer,https://github.com/tc39/notes/blob/e8015bc18c938be9ceaea5c49618a9f21158df48/meetings/2026-05/may-19.md,"[{""start"": 7609, ""end"": 7776, ""quote"": ""Do we have confirmation of those previous minutes? And what about the current agenda? Do we have agreement on adopting the current agenda? I don't hear any opposition.""}]",model_drafted_unreviewed,,
test,parsed,prose,test-12,test-12-q01,Who volunteered to help with notes for the first hour?,"[""Nicolò Ribaudo""]",True,not found,False,wrong_abstention,https://github.com/tc39/notes/blob/e8015bc18c938be9ceaea5c49618a9f21158df48/meetings/2026-07/july-20.md,"[{""start"": 7250, ""end"": 7271, ""quote"": ""NRO: I can volunteer.""}]",model_drafted_unreviewed,,
test,parsed,prose,test-12,test-12-q03,What communication tool is proposed for use during the meeting?,"[""TCQ""]",True,not found,False,wrong_abstention,https://github.com/tc39/notes/blob/e8015bc18c938be9ceaea5c49618a9f21158df48/meetings/2026-07/july-20.md,"[{""start"": 2423, ""end"": 2613, ""quote"": ""Communication tools: hopefully folks are familiar already with TCQ, and we have got the screenshots updated to reflect the new, fancy TCQ, courtesy of Michael Ficarra and other contributors.""}]",model_drafted_unreviewed,,
test,parsed,prose,test-12,test-12-q04,Who is responsible for assisting with making corrections and attributions in the transcript?,"[""Note helpers""]",True,not found,False,wrong_abstention,https://github.com/tc39/notes/blob/e8015bc18c938be9ceaea5c49618a9f21158df48/meetings/2026-07/july-20.md,"[{""start"": 4058, ""end"": 4138, ""quote"": ""We always ask for note helpers to assist in making corrections and attributions.""}]",model_drafted_unreviewed,,
test,parsed,prose,test-12,test-12-q05,Is there a deadline for editing the transcript after the meeting?,"[""2 weeks after meeting""]",True,not found,False,wrong_abstention,https://github.com/tc39/notes/blob/e8015bc18c938be9ceaea5c49618a9f21158df48/meetings/2026-07/july-20.md,"[{""start"": 4344, ""end"": 4442, ""quote"": ""And just a reminder that the transcript that's being prepared will eventually be posted on GitHub.""}]",model_drafted_unreviewed,,
test,parsed,prose,test-12,test-12-q06,Did Ashley Claymore volunteer to help with notes?,"[""yes""]",True,not found,False,wrong_abstention,https://github.com/tc39/notes/blob/e8015bc18c938be9ceaea5c49618a9f21158df48/meetings/2026-07/july-20.md,"[{""start"": 6685, ""end"": 6708, ""quote"": ""ACE: I'll help you out.""}]",model_drafted_unreviewed,,
test,parsed,prose,test-12,test-12-q07,Are invited experts required to sign the RFTG form?,"[""yes""]",True,not found,False,wrong_abstention,https://github.com/tc39/notes/blob/e8015bc18c938be9ceaea5c49618a9f21158df48/meetings/2026-07/july-20.md,"[{""start"": 3649, ""end"": 3796, ""quote"": ""Invited experts, any invited experts that, I believe everybody's got, signed the RFTG form as that's now a condition of becoming an invited expert.""}]",model_drafted_unreviewed,,
test,parsed,prose,test-12,test-12-q08,Is there a mention of a new transcription model being used?,"[""yes""]",True,not found,False,wrong_abstention,https://github.com/tc39/notes/blob/e8015bc18c938be9ceaea5c49618a9f21158df48/meetings/2026-07/july-20.md,"[{""start"": 5076, ""end"": 5201, ""quote"": ""KG: Before we move on, one note there is that we are using a even newer transcription model than we were at the last meeting.""}]",model_drafted_unreviewed,,
test,parsed,prose,test-12,test-12-q10,Was there any disagreement about the agenda?,"[""not found""]",False,no,True,unsupported_answer,https://github.com/tc39/notes/blob/e8015bc18c938be9ceaea5c49618a9f21158df48/meetings/2026-07/july-20.md,"[{""start"": 7733, ""end"": 7789, ""quote"": ""Is there any objection to the agenda as it stands? Okay.""}]",model_drafted_unreviewed,,
test,parsed,english,test-01,test-01-q04,What did Yulia Startsev propose regarding agenda management?,"[""discuss how to handle agenda items ahead of time recognizing a meeting is too full rather than extending the time""]",True,"Yulia Startsev proposed that because a few items were added close to the deadline resulting in insufficient review, they should hold back on consensus for some items and discuss in the future how to manage agendas better, such as recognizing when a meeting is too full rather than extending the time.",True,value_mismatch,https://github.com/tc39/notes/blob/e8015bc18c938be9ceaea5c49618a9f21158df48/meetings/2024-10/october-08.md,"[{""start"": 2195, ""end"": 2383, ""quote"": ""I would like to highlight this: so that maybe we can discuss how to do this in the future in terms of ahead of time, recognizing that a meeting is too full, rather than extending the time.""}]",model_drafted_unreviewed,,
test,parsed,english,test-01,test-01-q05,What is the purpose of the TC56 proposal mentioned?,"[""standardization of a high-level shading language (HLSL)""]",True,"The TC56 proposal is to create a technical committee to standardize a high-level shading language (HLSL) using the royalty free patent policy developed by ECMA, publish both the standard and a standard library for HLSL, and liaise with other bodies to ensure adoption, distribution, and use.",True,value_mismatch,https://github.com/tc39/notes/blob/e8015bc18c938be9ceaea5c49618a9f21158df48/meetings/2024-10/october-08.md,"[{""start"": 4029, ""end"": 4058, ""quote"": ""AKI: We have a TC56 proposal.""}]",model_drafted_unreviewed,,
test,parsed,english,test-01,test-01-q06,When is the upcoming ECMA ExeCom meeting scheduled?,"[""22-23 October 2024""]",True,22 and 23 October,True,value_mismatch,https://github.com/tc39/notes/blob/e8015bc18c938be9ceaea5c49618a9f21158df48/meetings/2024-10/october-08.md,"[{""start"": 5203, ""end"": 5271, ""quote"": ""I strongly encourage everyone to throw their name in for the ExeCom.""}]",model_drafted_unreviewed,,
test,parsed,english,test-01,test-01-q09,Is there any mention of changing the invited experts policy to disallow invited experts?,"[""no""]",True,"No, there is no mention of changing the invited experts policy to disallow invited experts. The policy will continue with an annual review to confirm engagement and membership interest, but no change to disallow invited experts is indicated.",True,value_mismatch,https://github.com/tc39/notes/blob/e8015bc18c938be9ceaea5c49618a9f21158df48/meetings/2024-10/october-08.md,"[{""start"": 8262, ""end"": 8367, ""quote"": ""So there’s no reason to think that we are actually going to change allowing invited experts in any sense.""}]",model_drafted_unreviewed,,
test,parsed,english,test-01,test-01-q10,Is there any mention of a decision to extend the meeting time permanently?,"[""not found""]",False,No,True,unsupported_answer,https://github.com/tc39/notes/blob/e8015bc18c938be9ceaea5c49618a9f21158df48/meetings/2024-10/october-08.md,"[{""start"": 2195, ""end"": 2383, ""quote"": ""I would like to highlight this: so that maybe we can discuss how to do this in the future in terms of ahead of time, recognizing that a meeting is too full, rather than extending the time.""}]",model_drafted_unreviewed,,
test,parsed,english,test-02,test-02-q01,Who requested volunteers to assist with note taking?,"[""Rob Palmer""]",True,not found,False,wrong_abstention,https://github.com/tc39/notes/blob/e8015bc18c938be9ceaea5c49618a9f21158df48/meetings/2024-12/december-02.md,"[{""start"": 1476, ""end"": 1591, ""quote"": ""Before we start, could I get a couple of volunteers to assist with the note taking to polish up the notes as we go.""}]",model_drafted_unreviewed,,
test,parsed,english,test-02,test-02-q03,What was the decision about the previous minutes?,"[""They are approved"", ""previous minutes are approved""]",True,The previous minutes were approved.,True,value_mismatch,https://github.com/tc39/notes/blob/e8015bc18c938be9ceaea5c49618a9f21158df48/meetings/2024-12/december-02.md,"[{""start"": 7462, ""end"": 7480, ""quote"": ""They are approved.""}]",model_drafted_unreviewed,,
test,parsed,english,test-02,test-02-q05,Who was recognized as a pathfinder for security?,"[""CDA"", ""Chris de Almeida""]",True,not found,False,wrong_abstention,https://github.com/tc39/notes/blob/e8015bc18c938be9ceaea5c49618a9f21158df48/meetings/2024-12/december-02.md,"[{""start"": 8756, ""end"": 8812, ""quote"": ""So CDA has been recognized as a pathfinder for security.""}]",model_drafted_unreviewed,,
test,parsed,english,test-02,test-02-q06,When will TC55 be proposed and discussed?,"[""in ten days""]",True,not found,False,wrong_abstention,https://github.com/tc39/notes/blob/e8015bc18c938be9ceaea5c49618a9f21158df48/meetings/2024-12/december-02.md,"[{""start"": 10223, ""end"": 10289, ""quote"": ""It will be proposed and discussed at the GA coming up in ten days.""}]",model_drafted_unreviewed,,
test,parsed,english,test-02,test-02-q07,Is TC56 a proposal related to artificial intelligence?,"[""yes"", ""Yes""]",True,not found,False,wrong_abstention,https://github.com/tc39/notes/blob/e8015bc18c938be9ceaea5c49618a9f21158df48/meetings/2024-12/december-02.md,"[{""start"": 10326, ""end"": 10379, ""quote"": ""It is the first one covering artificial intelligence.""}]",model_drafted_unreviewed,,
test,parsed,english,test-02,test-02-q08,Has the high-level shading language HLSL been officially formalized as a TC number?,"[""no"", ""No""]",True,not found,False,wrong_abstention,https://github.com/tc39/notes/blob/e8015bc18c938be9ceaea5c49618a9f21158df48/meetings/2024-12/december-02.md,"[{""start"": 10807, ""end"": 10881, ""quote"": ""SHN: I have also mentioned this particular—I don’t have a TC number to it.""}]",model_drafted_unreviewed,,
test,parsed,english,test-03,test-03-q01,Who is the new President of Ecma?,"[""DE""]",True,Daniel Ehrenberg,True,value_mismatch,https://github.com/tc39/notes/blob/e8015bc18c938be9ceaea5c49618a9f21158df48/meetings/2025-02/february-18.md,"[{""start"": 4444, ""end"": 4517, ""quote"": ""So DE who is sitting right here in the room is our new President of Ecma.""}]",model_drafted_unreviewed,,
test,parsed,english,test-03,test-03-q07,Has the transition from Winter CG to WinterTC been completed?,"[""yes""]",True,"Yes, the transition from Winter CG to WinterTC has been completed.",True,value_mismatch,https://github.com/tc39/notes/blob/e8015bc18c938be9ceaea5c49618a9f21158df48/meetings/2025-02/february-18.md,"[{""start"": 8421, ""end"": 8548, ""quote"": ""SHN: With W3C we have done the transition of Winter CG to the generally used term WinterTC and new TC55 that is formed at Ecma.""}]",model_drafted_unreviewed,,
test,parsed,english,test-03,test-03-q08,Is there a plan to approach invited experts to consider joining as members?,"[""yes""]",True,"Yes, Samina Husain mentioned that she will be approaching organizations and members that are related to the invited experts to inquire if they would like to join as members.",True,value_mismatch,https://github.com/tc39/notes/blob/e8015bc18c938be9ceaea5c49618a9f21158df48/meetings/2025-02/february-18.md,"[{""start"": 7905, ""end"": 8080, ""quote"": ""Sometime in the next little while I will be approaching organizations and members that are related to the organization that are invited experts if they are considered to join.""}]",model_drafted_unreviewed,,
test,parsed,english,test-03,test-03-q09,Is there any mention of a deadline for the invited experts review?,"[""not found""]",False,"The invited experts review is planned to be conducted at the end of the year, as mentioned by Samina Husain.",True,unsupported_answer,https://github.com/tc39/notes/blob/e8015bc18c938be9ceaea5c49618a9f21158df48/meetings/2025-02/february-18.md,"[{""start"": 7669, ""end"": 7904, ""quote"": ""So the invited experts that typically would have ended their term at the end of 2024, I have not stopped and they will continue on and because we appreciate everybody’s contribution and would like to review them at the end of the year.""}]",model_drafted_unreviewed,,
test,parsed,english,test-03,test-03-q10,Is there a disagreement about the timing of the Executive Committee meeting?,"[""not found""]",False,no,True,unsupported_answer,https://github.com/tc39/notes/blob/e8015bc18c938be9ceaea5c49618a9f21158df48/meetings/2025-02/february-18.md,"[{""start"": 5635, ""end"": 5753, ""quote"": ""SHN: Just a few general items and the important one, this year ExeCom is earlier usually it is middle or end of April.""}]",model_drafted_unreviewed,,
test,parsed,english,test-04,test-04-q01,Who volunteered to help out with the notes?,"[""Jesse alma""]",True,Jesse Alama and Ashley Claymore,True,value_mismatch,https://github.com/tc39/notes/blob/e8015bc18c938be9ceaea5c49618a9f21158df48/meetings/2025-04/april-14.md,"[{""start"": 7855, ""end"": 7875, ""quote"": ""JMN: I can help out.""}]",model_drafted_unreviewed,,
test,parsed,english,test-04,test-04-q05,When is the next meeting scheduled?,"[""28 to 30 May 2025""]",True,28th to 30th of May,True,value_mismatch,https://github.com/tc39/notes/blob/e8015bc18c938be9ceaea5c49618a9f21158df48/meetings/2025-04/april-14.md,"[{""start"": 7582, ""end"": 7713, ""quote"": ""The next meeting, the 108th meeting is from the 28th to 30 of May in A Coruña, hosted by Igalia and in central European summertime.""}]",model_drafted_unreviewed,,
test,parsed,english,test-04,test-04-q08,What is the deadline to merge the previous minutes PR?,"[""soon""]",True,not found,False,wrong_abstention,https://github.com/tc39/notes/blob/e8015bc18c938be9ceaea5c49618a9f21158df48/meetings/2025-04/april-14.md,"[{""start"": 9340, ""end"": 9383, ""quote"": ""Let’s make sure that we merge them in soon.""}]",model_drafted_unreviewed,,
test,parsed,english,test-04,test-04-q09,Is there any mention of a decision to change the meeting schedule?,"[""not found""]",False,no,True,unsupported_answer,https://github.com/tc39/notes/blob/e8015bc18c938be9ceaea5c49618a9f21158df48/meetings/2025-04/april-14.md,"[{""start"": 3066, ""end"": 3273, ""quote"": ""We start now, which in this case is 10, in New York time, and we finish in go hours, and we have a two-hour session until the break, and then an hour break and another two hours until three in New York time.""}]",model_drafted_unreviewed,,
test,parsed,english,test-05,test-05-q01,Who is the presenter of the opening and welcome?,"[""Ujjwal Sharma (USA)""]",True,not found,False,wrong_abstention,https://github.com/tc39/notes/blob/e8015bc18c938be9ceaea5c49618a9f21158df48/meetings/2025-05/may-28.md,"[{""start"": 1463, ""end"": 1493, ""quote"": ""Presenter: Ujjwal Sharma (USA)""}]",model_drafted_unreviewed,,
test,parsed,english,test-05,test-05-q02,Is masking mandatory at this meeting?,"[""no"", ""No"", ""not mandatory""]",True,not found,False,wrong_abstention,https://github.com/tc39/notes/blob/e8015bc18c938be9ceaea5c49618a9f21158df48/meetings/2025-05/may-28.md,"[{""start"": 3308, ""end"": 3413, ""quote"": ""Regarding the mask policy specifically, this is the first meeting where we move to not mandatory masking.""}]",model_drafted_unreviewed,,
test,parsed,english,test-05,test-05-q04,When is the next TC39 meeting scheduled?,"[""28 to 31 July"", ""28 to 31 July 2025""]",True,not found,False,wrong_abstention,https://github.com/tc39/notes/blob/e8015bc18c938be9ceaea5c49618a9f21158df48/meetings/2025-05/may-28.md,"[{""start"": 9240, ""end"": 9254, ""quote"": ""28 to 31 July.""}]",model_drafted_unreviewed,,
test,parsed,english,test-05,test-05-q05,Did the committee approve the previous minutes?,"[""yes"", ""Yes""]",True,not found,False,wrong_abstention,https://github.com/tc39/notes/blob/e8015bc18c938be9ceaea5c49618a9f21158df48/meetings/2025-05/may-28.md,"[{""start"": 9661, ""end"": 9702, ""quote"": ""I assume we approve the previous minutes.""}]",model_drafted_unreviewed,,
test,parsed,english,test-05,test-05-q06,Who proposed continuing the COVID measures from the previous meeting?,"[""USA""]",True,not found,False,wrong_abstention,https://github.com/tc39/notes/blob/e8015bc18c938be9ceaea5c49618a9f21158df48/meetings/2025-05/may-28.md,"[{""start"": 3133, ""end"": 3307, ""quote"": ""We continue with the COVID measures as expected from the previous meeting, we will follow them if you have any concerns regarding them, contact us we would like to do better.""}]",model_drafted_unreviewed,,
test,parsed,english,test-05,test-05-q07,Is there a social dinner planned during this meeting?,"[""yes"", ""Yes""]",True,not found,False,wrong_abstention,https://github.com/tc39/notes/blob/e8015bc18c938be9ceaea5c49618a9f21158df48/meetings/2025-05/may-28.md,"[{""start"": 4995, ""end"": 5044, ""quote"": ""And later, at 9, we start with the social dinner.""}]",model_drafted_unreviewed,,
test,parsed,english,test-05,test-05-q09,Is there a disagreement about the mask policy in the excerpt?,"[""not found""]",False,no,True,unsupported_answer,https://github.com/tc39/notes/blob/e8015bc18c938be9ceaea5c49618a9f21158df48/meetings/2025-05/may-28.md,"[{""start"": 3308, ""end"": 3413, ""quote"": ""Regarding the mask policy specifically, this is the first meeting where we move to not mandatory masking.""}]",model_drafted_unreviewed,,
test,parsed,english,test-06,test-06-q01,Who asked for volunteers to help with editing the notes?,"[""Rob Palmer""]",True,not found,False,wrong_abstention,https://github.com/tc39/notes/blob/e8015bc18c938be9ceaea5c49618a9f21158df48/meetings/2025-07/july-28.md,"[{""start"": 2163, ""end"": 2242, ""quote"": ""Please could we have a couple of volunteers to help out with editing the notes?""}]",model_drafted_unreviewed,,
test,parsed,english,test-06,test-06-q03,Is signing the royalty-free form mandatory for all participants?,"[""yes""]",True,not found,False,wrong_abstention,https://github.com/tc39/notes/blob/e8015bc18c938be9ceaea5c49618a9f21158df48/meetings/2025-07/july-28.md,"[{""start"": 5013, ""end"": 5062, ""quote"": ""Everyone should be signing the royalty-free form.""}]",model_drafted_unreviewed,,
test,parsed,english,test-06,test-06-q04,Who is responsible for reminding participants to sign in using the regular meeting entry form?,"[""Rob Palmer""]",True,not found,False,wrong_abstention,https://github.com/tc39/notes/blob/e8015bc18c938be9ceaea5c49618a9f21158df48/meetings/2025-07/july-28.md,"[{""start"": 2270, ""end"": 2350, ""quote"": ""So please can everyone remember to sign-in using the regular meeting entry form.""}]",model_drafted_unreviewed,,
test,parsed,english,test-06,test-06-q06,Are observers allowed to speak during the meeting?,"[""no""]",True,not found,False,wrong_abstention,https://github.com/tc39/notes/blob/e8015bc18c938be9ceaea5c49618a9f21158df48/meetings/2025-07/july-28.md,"[{""start"": 5192, ""end"": 5216, ""quote"": ""But please do not speak.""}]",model_drafted_unreviewed,,
test,parsed,english,test-06,test-06-q07,Who congratulated Rob Palmer for receiving an award?,"[""Samina Husain""]",True,not found,False,wrong_abstention,https://github.com/tc39/notes/blob/e8015bc18c938be9ceaea5c49618a9f21158df48/meetings/2025-07/july-28.md,"[{""start"": 9390, ""end"": 9516, ""quote"": ""SHN: And last, but not least, Rob, congratulations, RPR, you have been nominated by your committee and members for this award.""}]",model_drafted_unreviewed,,
test,parsed,english,test-06,test-06-q09,Did CHU attend the meeting?,"[""no""]",True,not found,False,wrong_abstention,https://github.com/tc39/notes/blob/e8015bc18c938be9ceaea5c49618a9f21158df48/meetings/2025-07/july-28.md,"[{""start"": 3285, ""end"": 3325, ""quote"": ""Is CHU with us today? I do not think so.""}]",model_drafted_unreviewed,,
test,parsed,english,test-06,test-06-q10,Is there any disagreement recorded about the agenda approval?,"[""not found""]",False,no,True,unsupported_answer,https://github.com/tc39/notes/blob/e8015bc18c938be9ceaea5c49618a9f21158df48/meetings/2025-07/july-28.md,"[{""start"": 6629, ""end"": 6684, ""quote"": ""Are there any objections to that? Nothing on the queue.""}]",model_drafted_unreviewed,,
test,parsed,english,test-07,test-07-q02,Did Jesse Alama agree to help with note-taking?,"[""yes""]",True,Jesse Alama,True,value_mismatch,https://github.com/tc39/notes/blob/e8015bc18c938be9ceaea5c49618a9f21158df48/meetings/2025-09/september-22.md,"[{""start"": 5929, ""end"": 6019, ""quote"": ""JMN: I can help with the first block, but not for the final presentation about the amount.""}]",model_drafted_unreviewed,,
test,parsed,english,test-07,test-07-q04,Who volunteered to be the liaison between TC39 and IETF?,"[""RGN""]",True,Richard Gibson,True,value_mismatch,https://github.com/tc39/notes/blob/e8015bc18c938be9ceaea5c49618a9f21158df48/meetings/2025-09/september-22.md,"[{""start"": 9930, ""end"": 10069, ""quote"": ""There had been somebody in the who no longer is active, and it was left on the back burner, thank you very much RGN volunteered to do this.""}]",model_drafted_unreviewed,,
test,parsed,english,test-07,test-07-q07,Did Samina Husain specify a deadline for organizations to show interest in the new TC?,"[""not found""]",False,no,True,unsupported_answer,https://github.com/tc39/notes/blob/e8015bc18c938be9ceaea5c49618a9f21158df48/meetings/2025-09/september-22.md,"[{""start"": 8155, ""end"": 8307, ""quote"": ""Also to bring to your attention, if you or your organization want to participate, please reach out to me, to show interest to participate in the new TC.""}]",model_drafted_unreviewed,,
test,parsed,english,test-07,test-07-q08,Is there a disagreement mentioned about the JSON Schema work moving to ECMA?,"[""not found""]",False,no,True,unsupported_answer,https://github.com/tc39/notes/blob/e8015bc18c938be9ceaea5c49618a9f21158df48/meetings/2025-09/september-22.md,"[{""start"": 8538, ""end"": 8795, ""quote"": ""There’s a lot of work in conversation with the committee to discuss their interest to come to ECMA There has been an outreach to all contributors, 60 + have been involved in the JSON Schema to agree on ECMA IPRs that is a requirement for us to move forward.""}]",model_drafted_unreviewed,,
test,parsed,english,test-07,test-07-q09,Who is responsible for approving the minutes from the previous meeting?,"[""Chris de Almeida""]",True,"The approval of the minutes from the previous meeting is presided over by Chris de Almeida (CDA) as chair, with the process involving the attendees for any objections and adoption by presumption if no opposition is voiced.",True,value_mismatch,https://github.com/tc39/notes/blob/e8015bc18c938be9ceaea5c49618a9f21158df48/meetings/2025-09/september-22.md,"[{""start"": 5096, ""end"": 5162, ""quote"": ""Presuming, we are approving the minutes from the previous meeting.""}]",model_drafted_unreviewed,,
test,parsed,english,test-08,test-08-q01,Who consists of the chair group?,"[""myself, I’m Rob. We have Chris here, and remotely we have Ujjwal""]",True,"Rob Palmer, Chris, and Ujjwal Sharma",True,value_mismatch,https://github.com/tc39/notes/blob/e8015bc18c938be9ceaea5c49618a9f21158df48/meetings/2025-11/november-18.md,"[{""start"": 3107, ""end"": 3210, ""quote"": ""All right, so to help run these meetings, we have the chair group, so that consists of myself, I’m Rob.""}]",model_drafted_unreviewed,,
test,parsed,english,test-08,test-08-q02,Who assists the chair group?,"[""Justin, Daniel here, Dan Minor, and Daniel remotely""]",True,"Justin Ridgewell, Daniel Minor, and Daniel (remotely)",True,value_mismatch,https://github.com/tc39/notes/blob/e8015bc18c938be9ceaea5c49618a9f21158df48/meetings/2025-11/november-18.md,"[{""start"": 3260, ""end"": 3347, ""quote"": ""We’re assisted by our facilitators Justin, Daniel here, Dan Minor, and Daniel remotely.""}]",model_drafted_unreviewed,,
test,parsed,english,test-08,test-08-q04,Where can the code of conduct be found?,"[""links from the TC39.es repo""]",True,The code of conduct can be found via links from the TC39.es repo.,True,value_mismatch,https://github.com/tc39/notes/blob/e8015bc18c938be9ceaea5c49618a9f21158df48/meetings/2025-11/november-18.md,"[{""start"": 4191, ""end"": 4265, ""quote"": ""We have a code of conduct, which you can find links from the TC39.es repo.""}]",model_drafted_unreviewed,,
test,parsed,english,test-08,test-08-q06,What is the daily schedule for the meeting?,"[""meeting begins at 10, now, and will end at 5 p.m. each day, apart from Thursday, when we will end a little bit earlier at 4 p.m.""]",True,"The meeting begins at 10 a.m. and ends at 5 p.m. each day, except Thursday when it ends earlier at 4 p.m.",True,value_mismatch,https://github.com/tc39/notes/blob/e8015bc18c938be9ceaea5c49618a9f21158df48/meetings/2025-11/november-18.md,"[{""start"": 4520, ""end"": 4603, ""quote"": ""Our daily schedule means that the meeting begins at 10, now, and will end at 5 p.m.""}]",model_drafted_unreviewed,,
test,parsed,english,test-08,test-08-q07,Is there a button in TCQ to indicate 'I’m done speaking'?,"[""no""]",True,"Yes, there is a button in TCQ to indicate 'I’m done speaking'.",True,value_mismatch,https://github.com/tc39/notes/blob/e8015bc18c938be9ceaea5c49618a9f21158df48/meetings/2025-11/november-18.md,"[{""start"": 7047, ""end"": 7136, ""quote"": ""Well, there is—TCQ has been updated to remove the button, so temptation has been removed.""}]",model_drafted_unreviewed,,
test,parsed,english,test-08,test-08-q09,Is there a social dinner planned during the meeting week?,"[""not found""]",False,yes,True,unsupported_answer,https://github.com/tc39/notes/blob/e8015bc18c938be9ceaea5c49618a9f21158df48/meetings/2025-11/november-18.md,"[{""start"": 5793, ""end"": 5854, ""quote"": ""For the coming week, on Wednesday, we have our social dinner.""}]",model_drafted_unreviewed,,
test,parsed,english,test-08,test-08-q10,Is there a mention of a transcriptionist being present?,"[""Yes, I’m here.""]",True,yes,True,value_mismatch,https://github.com/tc39/notes/blob/e8015bc18c938be9ceaea5c49618a9f21158df48/meetings/2025-11/november-18.md,"[{""start"": 8800, ""end"": 8817, ""quote"": "">> Yes, I’m here.""}]",model_drafted_unreviewed,,
test,parsed,english,test-09,test-09-q02,Did Shane F Carr agree to help with the notes?,"[""Yes""]",True,Shane F Carr,True,value_mismatch,https://github.com/tc39/notes/blob/e8015bc18c938be9ceaea5c49618a9f21158df48/meetings/2026-01/january-20.md,"[{""start"": 7155, ""end"": 7190, ""quote"": ""SFC: I can help for the first hour.""}]",model_drafted_unreviewed,,
test,parsed,english,test-09,test-09-q03,Is the TG5 workshop date finalized?,"[""not found""]",False,No,True,unsupported_answer,https://github.com/tc39/notes/blob/e8015bc18c938be9ceaea5c49618a9f21158df48/meetings/2026-01/january-20.md,"[{""start"": 7564, ""end"": 7596, ""quote"": ""That has not been specified yet.""}]",model_drafted_unreviewed,,
test,parsed,english,test-09,test-09-q08,Are the meeting notes going to be made public?,"[""Yes""]",True,"Yes, the meeting notes will be made public as detailed transcripts of the meeting are being prepared and eventually posted on GitHub.",True,value_mismatch,https://github.com/tc39/notes/blob/e8015bc18c938be9ceaea5c49618a9f21158df48/meetings/2026-01/january-20.md,"[{""start"": 5845, ""end"": 5975, ""quote"": ""I shall read out the disclaim that are a detailed transcript of this meeting is being prepared and eventually be posted on GitHub.""}]",model_drafted_unreviewed,,
test,parsed,english,test-10,test-10-q01,Who requested volunteers for note-taking?,"[""Rob Palmer (RPR)""]",True,not found,False,wrong_abstention,https://github.com/tc39/notes/blob/e8015bc18c938be9ceaea5c49618a9f21158df48/meetings/2026-03/march-10.md,"[{""start"": 8409, ""end"": 8438, ""quote"": ""We always ask for volunteers.""}]",model_drafted_unreviewed,,
test,parsed,english,test-10,test-10-q03,"Who will handle the elections for the chair group, editors, and conveners?","[""Samina Husain (SHN)""]",True,not found,False,wrong_abstention,https://github.com/tc39/notes/blob/e8015bc18c938be9ceaea5c49618a9f21158df48/meetings/2026-03/march-10.md,"[{""start"": 2954, ""end"": 3058, ""quote"": ""We have elections coming up for the chair group, the editors, and the conveners that Samina will handle.""}]",model_drafted_unreviewed,,
test,parsed,english,test-10,test-10-q04,Is there a code of conduct for the meeting?,"[""yes""]",True,not found,False,wrong_abstention,https://github.com/tc39/notes/blob/e8015bc18c938be9ceaea5c49618a9f21158df48/meetings/2026-03/march-10.md,"[{""start"": 4069, ""end"": 4124, ""quote"": ""We also have a code of conduct on our website, TC39.es.""}]",model_drafted_unreviewed,,
test,parsed,english,test-10,test-10-q05,When will lunch be held during this meeting?,"[""Between 1:00 and 2:00 PM""]",True,not found,False,wrong_abstention,https://github.com/tc39/notes/blob/e8015bc18c938be9ceaea5c49618a9f21158df48/meetings/2026-03/march-10.md,"[{""start"": 4581, ""end"": 4623, ""quote"": ""So lunch will be between 1:00 and 2:00 PM.""}]",model_drafted_unreviewed,,
test,parsed,english,test-10,test-10-q06,Is the transcriptionist service provided by a third-party company available for this meeting?,"[""No""]",True,not found,False,wrong_abstention,https://github.com/tc39/notes/blob/e8015bc18c938be9ceaea5c49618a9f21158df48/meetings/2026-03/march-10.md,"[{""start"": 7148, ""end"": 7270, ""quote"": ""The twist with today's meeting is that we do not have our normal transcriptionist, as provided by the third-party company.""}]",model_drafted_unreviewed,,
test,parsed,english,test-10,test-10-q08,Is there a disagreement about the microphone functionality?,"[""not found""]",False,no,True,unsupported_answer,https://github.com/tc39/notes/blob/e8015bc18c938be9ceaea5c49618a9f21158df48/meetings/2026-03/march-10.md,"[{""start"": 2127, ""end"": 2189, ""quote"": ""However, the regular microphones we've not yet confirmed work.""}]",model_drafted_unreviewed,,
test,parsed,english,test-11,test-11-q01,Who asked attendees to fill the form?,"[""Ujjwal Sharma""]",True,not found,False,wrong_abstention,https://github.com/tc39/notes/blob/e8015bc18c938be9ceaea5c49618a9f21158df48/meetings/2026-05/may-19.md,"[{""start"": 2439, ""end"": 2456, ""quote"": ""Please fill that.""}]",model_drafted_unreviewed,,
test,parsed,english,test-11,test-11-q02,What mode did Ujjwal Sharma propose for in-person Google Meet users?,"[""companion mode""]",True,not found,False,wrong_abstention,https://github.com/tc39/notes/blob/e8015bc18c938be9ceaea5c49618a9f21158df48/meetings/2026-05/may-19.md,"[{""start"": 3320, ""end"": 3404, ""quote"": ""Since we're using Google Meet, if you're there in person, please use companion mode.""}]",model_drafted_unreviewed,,
test,parsed,english,test-11,test-11-q04,Who are the two note takers?,"[""Justin"", ""Zbyszek Tenerowicz""]",True,OMT and ZTZ,True,value_mismatch,https://github.com/tc39/notes/blob/e8015bc18c938be9ceaea5c49618a9f21158df48/meetings/2026-05/may-19.md,"[{""start"": 7248, ""end"": 7266, ""quote"": ""Thank you, Justin.""}]",model_drafted_unreviewed,,
test,parsed,english,test-11,test-11-q06,Who requested volunteers to help with notes?,"[""Ujjwal Sharma""]",True,not found,False,wrong_abstention,https://github.com/tc39/notes/blob/e8015bc18c938be9ceaea5c49618a9f21158df48/meetings/2026-05/may-19.md,"[{""start"": 6006, ""end"": 6281, ""quote"": ""So as I mentioned, you might be curious about helping out with the notes if this is one of your first meetings, then I would highly request you to consider joining us volunteer this is something that helps the committee run smoothly and I think we'll come to that real quick.""}]",model_drafted_unreviewed,,
test,parsed,english,test-11,test-11-q07,Did Michael Ficarra present about the new TCQ tool?,"[""yes""]",True,not found,False,wrong_abstention,https://github.com/tc39/notes/blob/e8015bc18c938be9ceaea5c49618a9f21158df48/meetings/2026-05/may-19.md,"[{""start"": 8488, ""end"": 8519, ""quote"": ""Presenter: Michael Ficarra (MF)""}]",model_drafted_unreviewed,,
test,parsed,english,test-11,test-11-q08,Is there a human transcriptionist for notes?,"[""no""]",True,yes,True,value_mismatch,https://github.com/tc39/notes/blob/e8015bc18c938be9ceaea5c49618a9f21158df48/meetings/2026-05/may-19.md,"[{""start"": 5451, ""end"": 5516, ""quote"": ""Regarding notes, we do not have a human transcriptionist anymore.""}]",model_drafted_unreviewed,,
test,parsed,english,test-11,test-11-q10,Did the excerpt mention any disagreement about the agenda?,"[""not found""]",False,no,True,unsupported_answer,https://github.com/tc39/notes/blob/e8015bc18c938be9ceaea5c49618a9f21158df48/meetings/2026-05/may-19.md,"[{""start"": 7609, ""end"": 7776, ""quote"": ""Do we have confirmation of those previous minutes? And what about the current agenda? Do we have agreement on adopting the current agenda? I don't hear any opposition.""}]",model_drafted_unreviewed,,
test,parsed,english,test-12,test-12-q01,Who volunteered to help with notes for the first hour?,"[""Nicolò Ribaudo""]",True,not found,False,wrong_abstention,https://github.com/tc39/notes/blob/e8015bc18c938be9ceaea5c49618a9f21158df48/meetings/2026-07/july-20.md,"[{""start"": 7250, ""end"": 7271, ""quote"": ""NRO: I can volunteer.""}]",model_drafted_unreviewed,,
test,parsed,english,test-12,test-12-q03,What communication tool is proposed for use during the meeting?,"[""TCQ""]",True,not found,False,wrong_abstention,https://github.com/tc39/notes/blob/e8015bc18c938be9ceaea5c49618a9f21158df48/meetings/2026-07/july-20.md,"[{""start"": 2423, ""end"": 2613, ""quote"": ""Communication tools: hopefully folks are familiar already with TCQ, and we have got the screenshots updated to reflect the new, fancy TCQ, courtesy of Michael Ficarra and other contributors.""}]",model_drafted_unreviewed,,
test,parsed,english,test-12,test-12-q04,Who is responsible for assisting with making corrections and attributions in the transcript?,"[""Note helpers""]",True,not found,False,wrong_abstention,https://github.com/tc39/notes/blob/e8015bc18c938be9ceaea5c49618a9f21158df48/meetings/2026-07/july-20.md,"[{""start"": 4058, ""end"": 4138, ""quote"": ""We always ask for note helpers to assist in making corrections and attributions.""}]",model_drafted_unreviewed,,
test,parsed,english,test-12,test-12-q05,Is there a deadline for editing the transcript after the meeting?,"[""2 weeks after meeting""]",True,not found,False,wrong_abstention,https://github.com/tc39/notes/blob/e8015bc18c938be9ceaea5c49618a9f21158df48/meetings/2026-07/july-20.md,"[{""start"": 4344, ""end"": 4442, ""quote"": ""And just a reminder that the transcript that's being prepared will eventually be posted on GitHub.""}]",model_drafted_unreviewed,,
test,parsed,english,test-12,test-12-q06,Did Ashley Claymore volunteer to help with notes?,"[""yes""]",True,not found,False,wrong_abstention,https://github.com/tc39/notes/blob/e8015bc18c938be9ceaea5c49618a9f21158df48/meetings/2026-07/july-20.md,"[{""start"": 6685, ""end"": 6708, ""quote"": ""ACE: I'll help you out.""}]",model_drafted_unreviewed,,
test,parsed,english,test-12,test-12-q07,Are invited experts required to sign the RFTG form?,"[""yes""]",True,not found,False,wrong_abstention,https://github.com/tc39/notes/blob/e8015bc18c938be9ceaea5c49618a9f21158df48/meetings/2026-07/july-20.md,"[{""start"": 3649, ""end"": 3796, ""quote"": ""Invited experts, any invited experts that, I believe everybody's got, signed the RFTG form as that's now a condition of becoming an invited expert.""}]",model_drafted_unreviewed,,
test,parsed,english,test-12,test-12-q08,Is there a mention of a new transcription model being used?,"[""yes""]",True,not found,False,wrong_abstention,https://github.com/tc39/notes/blob/e8015bc18c938be9ceaea5c49618a9f21158df48/meetings/2026-07/july-20.md,"[{""start"": 5076, ""end"": 5201, ""quote"": ""KG: Before we move on, one note there is that we are using a even newer transcription model than we were at the last meeting.""}]",model_drafted_unreviewed,,
test,parsed,english,test-12,test-12-q09,Is there any mention of a decision about the next meeting location?,"[""not found""]",False,no,True,unsupported_answer,https://github.com/tc39/notes/blob/e8015bc18c938be9ceaea5c49618a9f21158df48/meetings/2026-07/july-20.md,"[{""start"": 5705, ""end"": 5779, ""quote"": ""Our next meeting will be an in-person/hybrid meeting, once again in Tokyo.""}]",model_drafted_unreviewed,,
test,parsed,raw,test-01,test-01-q04,What did Yulia Startsev propose regarding agenda management?,"[""discuss how to handle agenda items ahead of time recognizing a meeting is too full rather than extending the time""]",True,"Yulia Startsev proposed that because a few items were added close to the deadline resulting in insufficient review, they should hold back on consensus for some items and discuss in the future how to manage agendas better, such as recognizing when a meeting is too full rather than extending the time.",True,value_mismatch,https://github.com/tc39/notes/blob/e8015bc18c938be9ceaea5c49618a9f21158df48/meetings/2024-10/october-08.md,"[{""start"": 2195, ""end"": 2383, ""quote"": ""I would like to highlight this: so that maybe we can discuss how to do this in the future in terms of ahead of time, recognizing that a meeting is too full, rather than extending the time.""}]",model_drafted_unreviewed,,
test,parsed,raw,test-01,test-01-q05,What is the purpose of the TC56 proposal mentioned?,"[""standardization of a high-level shading language (HLSL)""]",True,"The TC56 proposal is to create a technical committee to standardize a high-level shading language (HLSL) using the royalty free patent policy developed by ECMA, publish both the standard and a standard library for HLSL, and liaise with other bodies to ensure adoption, distribution, and use.",True,value_mismatch,https://github.com/tc39/notes/blob/e8015bc18c938be9ceaea5c49618a9f21158df48/meetings/2024-10/october-08.md,"[{""start"": 4029, ""end"": 4058, ""quote"": ""AKI: We have a TC56 proposal.""}]",model_drafted_unreviewed,,
test,parsed,raw,test-01,test-01-q06,When is the upcoming ECMA ExeCom meeting scheduled?,"[""22-23 October 2024""]",True,22 and 23 October,True,value_mismatch,https://github.com/tc39/notes/blob/e8015bc18c938be9ceaea5c49618a9f21158df48/meetings/2024-10/october-08.md,"[{""start"": 5203, ""end"": 5271, ""quote"": ""I strongly encourage everyone to throw their name in for the ExeCom.""}]",model_drafted_unreviewed,,
test,parsed,raw,test-01,test-01-q09,Is there any mention of changing the invited experts policy to disallow invited experts?,"[""no""]",True,"No, there is no mention of changing the invited experts policy to disallow invited experts. The policy will continue with an annual review to confirm engagement and membership interest, but no change to disallow invited experts is indicated.",True,value_mismatch,https://github.com/tc39/notes/blob/e8015bc18c938be9ceaea5c49618a9f21158df48/meetings/2024-10/october-08.md,"[{""start"": 8262, ""end"": 8367, ""quote"": ""So there’s no reason to think that we are actually going to change allowing invited experts in any sense.""}]",model_drafted_unreviewed,,
test,parsed,raw,test-01,test-01-q10,Is there any mention of a decision to extend the meeting time permanently?,"[""not found""]",False,No,True,unsupported_answer,https://github.com/tc39/notes/blob/e8015bc18c938be9ceaea5c49618a9f21158df48/meetings/2024-10/october-08.md,"[{""start"": 2195, ""end"": 2383, ""quote"": ""I would like to highlight this: so that maybe we can discuss how to do this in the future in terms of ahead of time, recognizing that a meeting is too full, rather than extending the time.""}]",model_drafted_unreviewed,,
test,parsed,raw,test-02,test-02-q03,What was the decision about the previous minutes?,"[""They are approved"", ""previous minutes are approved""]",True,The previous minutes were approved with no objections.,True,value_mismatch,https://github.com/tc39/notes/blob/e8015bc18c938be9ceaea5c49618a9f21158df48/meetings/2024-12/december-02.md,"[{""start"": 7462, ""end"": 7480, ""quote"": ""They are approved.""}]",model_drafted_unreviewed,,
test,parsed,raw,test-02,test-02-q09,Is there a proposal to discuss HLSL in the current meeting?,"[""not found""]",False,No,True,unsupported_answer,https://github.com/tc39/notes/blob/e8015bc18c938be9ceaea5c49618a9f21158df48/meetings/2024-12/december-02.md,"[{""start"": 10807, ""end"": 10881, ""quote"": ""SHN: I have also mentioned this particular—I don’t have a TC number to it.""}]",model_drafted_unreviewed,,
test,parsed,raw,test-02,test-02-q10,Did Samina Husain present slides during the Secretary’s Report?,"[""not found""]",False,no,True,unsupported_answer,https://github.com/tc39/notes/blob/e8015bc18c938be9ceaea5c49618a9f21158df48/meetings/2024-12/december-02.md,"[{""start"": 7733, ""end"": 7770, ""quote"": ""- (no proposal) - (no link to slides)""}]",model_drafted_unreviewed,,
test,parsed,raw,test-03,test-03-q01,Who is the new President of Ecma?,"[""DE""]",True,Daniel Ehrenberg,True,value_mismatch,https://github.com/tc39/notes/blob/e8015bc18c938be9ceaea5c49618a9f21158df48/meetings/2025-02/february-18.md,"[{""start"": 4444, ""end"": 4517, ""quote"": ""So DE who is sitting right here in the room is our new President of Ecma.""}]",model_drafted_unreviewed,,
test,parsed,raw,test-03,test-03-q07,Has the transition from Winter CG to WinterTC been completed?,"[""yes""]",True,"Yes, the transition from Winter CG to WinterTC has been completed.",True,value_mismatch,https://github.com/tc39/notes/blob/e8015bc18c938be9ceaea5c49618a9f21158df48/meetings/2025-02/february-18.md,"[{""start"": 8421, ""end"": 8548, ""quote"": ""SHN: With W3C we have done the transition of Winter CG to the generally used term WinterTC and new TC55 that is formed at Ecma.""}]",model_drafted_unreviewed,,
test,parsed,raw,test-03,test-03-q08,Is there a plan to approach invited experts to consider joining as members?,"[""yes""]",True,"Yes, Samina Husain mentioned that she will be approaching organizations and members that are related to the invited experts to inquire if they would like to join as members.",True,value_mismatch,https://github.com/tc39/notes/blob/e8015bc18c938be9ceaea5c49618a9f21158df48/meetings/2025-02/february-18.md,"[{""start"": 7905, ""end"": 8080, ""quote"": ""Sometime in the next little while I will be approaching organizations and members that are related to the organization that are invited experts if they are considered to join.""}]",model_drafted_unreviewed,,
test,parsed,raw,test-03,test-03-q09,Is there any mention of a deadline for the invited experts review?,"[""not found""]",False,"The invited experts review is planned to be conducted at the end of the year, as mentioned by Samina Husain.",True,unsupported_answer,https://github.com/tc39/notes/blob/e8015bc18c938be9ceaea5c49618a9f21158df48/meetings/2025-02/february-18.md,"[{""start"": 7669, ""end"": 7904, ""quote"": ""So the invited experts that typically would have ended their term at the end of 2024, I have not stopped and they will continue on and because we appreciate everybody’s contribution and would like to review them at the end of the year.""}]",model_drafted_unreviewed,,
test,parsed,raw,test-03,test-03-q10,Is there a disagreement about the timing of the Executive Committee meeting?,"[""not found""]",False,no,True,unsupported_answer,https://github.com/tc39/notes/blob/e8015bc18c938be9ceaea5c49618a9f21158df48/meetings/2025-02/february-18.md,"[{""start"": 5635, ""end"": 5753, ""quote"": ""SHN: Just a few general items and the important one, this year ExeCom is earlier usually it is middle or end of April.""}]",model_drafted_unreviewed,,
test,parsed,raw,test-04,test-04-q01,Who volunteered to help out with the notes?,"[""Jesse alma""]",True,Jesse Alama and Ashley Claymore,True,value_mismatch,https://github.com/tc39/notes/blob/e8015bc18c938be9ceaea5c49618a9f21158df48/meetings/2025-04/april-14.md,"[{""start"": 7855, ""end"": 7875, ""quote"": ""JMN: I can help out.""}]",model_drafted_unreviewed,,
test,parsed,raw,test-04,test-04-q05,When is the next meeting scheduled?,"[""28 to 30 May 2025""]",True,28th to 30th of May,True,value_mismatch,https://github.com/tc39/notes/blob/e8015bc18c938be9ceaea5c49618a9f21158df48/meetings/2025-04/april-14.md,"[{""start"": 7582, ""end"": 7713, ""quote"": ""The next meeting, the 108th meeting is from the 28th to 30 of May in A Coruña, hosted by Igalia and in central European summertime.""}]",model_drafted_unreviewed,,
test,parsed,raw,test-04,test-04-q08,What is the deadline to merge the previous minutes PR?,"[""soon""]",True,not found,False,wrong_abstention,https://github.com/tc39/notes/blob/e8015bc18c938be9ceaea5c49618a9f21158df48/meetings/2025-04/april-14.md,"[{""start"": 9340, ""end"": 9383, ""quote"": ""Let’s make sure that we merge them in soon.""}]",model_drafted_unreviewed,,
test,parsed,raw,test-04,test-04-q09,Is there any mention of a decision to change the meeting schedule?,"[""not found""]",False,no,True,unsupported_answer,https://github.com/tc39/notes/blob/e8015bc18c938be9ceaea5c49618a9f21158df48/meetings/2025-04/april-14.md,"[{""start"": 3066, ""end"": 3273, ""quote"": ""We start now, which in this case is 10, in New York time, and we finish in go hours, and we have a two-hour session until the break, and then an hour break and another two hours until three in New York time.""}]",model_drafted_unreviewed,,
test,parsed,raw,test-05,test-05-q01,Who is the presenter of the opening and welcome?,"[""Ujjwal Sharma (USA)""]",True,Ujjwal Sharma,True,value_mismatch,https://github.com/tc39/notes/blob/e8015bc18c938be9ceaea5c49618a9f21158df48/meetings/2025-05/may-28.md,"[{""start"": 1463, ""end"": 1493, ""quote"": ""Presenter: Ujjwal Sharma (USA)""}]",model_drafted_unreviewed,,
test,parsed,raw,test-05,test-05-q06,Who proposed continuing the COVID measures from the previous meeting?,"[""USA""]",True,Ujjwal Sharma,True,value_mismatch,https://github.com/tc39/notes/blob/e8015bc18c938be9ceaea5c49618a9f21158df48/meetings/2025-05/may-28.md,"[{""start"": 3133, ""end"": 3307, ""quote"": ""We continue with the COVID measures as expected from the previous meeting, we will follow them if you have any concerns regarding them, contact us we would like to do better.""}]",model_drafted_unreviewed,,
test,parsed,raw,test-05,test-05-q08,Are attendees required to join the TC39 matrix chat?,"[""not found""]",False,"No, attendees are not required to join the TC39 matrix chat, but it is encouraged to join as it is useful for discussions during the meeting.",True,unsupported_answer,https://github.com/tc39/notes/blob/e8015bc18c938be9ceaea5c49618a9f21158df48/meetings/2025-05/may-28.md,"[{""start"": 7250, ""end"": 7281, ""quote"": ""You are not on matrix, join us.""}]",model_drafted_unreviewed,,
test,parsed,raw,test-05,test-05-q09,Is there a disagreement about the mask policy in the excerpt?,"[""not found""]",False,no,True,unsupported_answer,https://github.com/tc39/notes/blob/e8015bc18c938be9ceaea5c49618a9f21158df48/meetings/2025-05/may-28.md,"[{""start"": 3308, ""end"": 3413, ""quote"": ""Regarding the mask policy specifically, this is the first meeting where we move to not mandatory masking.""}]",model_drafted_unreviewed,,
test,parsed,raw,test-05,test-05-q10,Who is responsible for organizing the TG5 workshop?,"[""not found""]",False,not found,True,unsupported_answer,https://github.com/tc39/notes/blob/e8015bc18c938be9ceaea5c49618a9f21158df48/meetings/2025-05/may-28.md,"[{""start"": 4693, ""end"": 4801, ""quote"": ""So on Tuesday, yesterday morning, at 10, we had the TG5 workshop, which was well, thank you, for organizing.""}]",model_drafted_unreviewed,,
test,parsed,raw,test-06,test-06-q03,Is signing the royalty-free form mandatory for all participants?,"[""yes""]",True,"Yes, everyone should be signing the royalty-free form. If you have not signed any of this, then you are considered an observer and are welcome to observe in a read-only way but please do not speak.",True,value_mismatch,https://github.com/tc39/notes/blob/e8015bc18c938be9ceaea5c49618a9f21158df48/meetings/2025-07/july-28.md,"[{""start"": 5013, ""end"": 5062, ""quote"": ""Everyone should be signing the royalty-free form.""}]",model_drafted_unreviewed,,
test,parsed,raw,test-06,test-06-q10,Is there any disagreement recorded about the agenda approval?,"[""not found""]",False,no,True,unsupported_answer,https://github.com/tc39/notes/blob/e8015bc18c938be9ceaea5c49618a9f21158df48/meetings/2025-07/july-28.md,"[{""start"": 6629, ""end"": 6684, ""quote"": ""Are there any objections to that? Nothing on the queue.""}]",model_drafted_unreviewed,,
test,parsed,raw,test-07,test-07-q02,Did Jesse Alama agree to help with note-taking?,"[""yes""]",True,Jesse Alama,True,value_mismatch,https://github.com/tc39/notes/blob/e8015bc18c938be9ceaea5c49618a9f21158df48/meetings/2025-09/september-22.md,"[{""start"": 5929, ""end"": 6019, ""quote"": ""JMN: I can help with the first block, but not for the final presentation about the amount.""}]",model_drafted_unreviewed,,
test,parsed,raw,test-07,test-07-q04,Who volunteered to be the liaison between TC39 and IETF?,"[""RGN""]",True,Richard Gibson,True,value_mismatch,https://github.com/tc39/notes/blob/e8015bc18c938be9ceaea5c49618a9f21158df48/meetings/2025-09/september-22.md,"[{""start"": 9930, ""end"": 10069, ""quote"": ""There had been somebody in the who no longer is active, and it was left on the back burner, thank you very much RGN volunteered to do this.""}]",model_drafted_unreviewed,,
test,parsed,raw,test-07,test-07-q07,Did Samina Husain specify a deadline for organizations to show interest in the new TC?,"[""not found""]",False,no,True,unsupported_answer,https://github.com/tc39/notes/blob/e8015bc18c938be9ceaea5c49618a9f21158df48/meetings/2025-09/september-22.md,"[{""start"": 8155, ""end"": 8307, ""quote"": ""Also to bring to your attention, if you or your organization want to participate, please reach out to me, to show interest to participate in the new TC.""}]",model_drafted_unreviewed,,
test,parsed,raw,test-07,test-07-q08,Is there a disagreement mentioned about the JSON Schema work moving to ECMA?,"[""not found""]",False,no,True,unsupported_answer,https://github.com/tc39/notes/blob/e8015bc18c938be9ceaea5c49618a9f21158df48/meetings/2025-09/september-22.md,"[{""start"": 8538, ""end"": 8795, ""quote"": ""There’s a lot of work in conversation with the committee to discuss their interest to come to ECMA There has been an outreach to all contributors, 60 + have been involved in the JSON Schema to agree on ECMA IPRs that is a requirement for us to move forward.""}]",model_drafted_unreviewed,,
test,parsed,raw,test-07,test-07-q09,Who is responsible for approving the minutes from the previous meeting?,"[""Chris de Almeida""]",True,"The approval of the minutes from the previous meeting is presided over by Chris de Almeida (CDA) as chair, with the process involving the attendees for any objections and adoption by presumption if no opposition is voiced.",True,value_mismatch,https://github.com/tc39/notes/blob/e8015bc18c938be9ceaea5c49618a9f21158df48/meetings/2025-09/september-22.md,"[{""start"": 5096, ""end"": 5162, ""quote"": ""Presuming, we are approving the minutes from the previous meeting.""}]",model_drafted_unreviewed,,
test,parsed,raw,test-08,test-08-q01,Who consists of the chair group?,"[""myself, I’m Rob. We have Chris here, and remotely we have Ujjwal""]",True,"Rob Palmer, Chris, and Ujjwal Sharma",True,value_mismatch,https://github.com/tc39/notes/blob/e8015bc18c938be9ceaea5c49618a9f21158df48/meetings/2025-11/november-18.md,"[{""start"": 3107, ""end"": 3210, ""quote"": ""All right, so to help run these meetings, we have the chair group, so that consists of myself, I’m Rob.""}]",model_drafted_unreviewed,,
test,parsed,raw,test-08,test-08-q02,Who assists the chair group?,"[""Justin, Daniel here, Dan Minor, and Daniel remotely""]",True,"Justin Ridgewell, Daniel Minor, and Daniel (remotely)",True,value_mismatch,https://github.com/tc39/notes/blob/e8015bc18c938be9ceaea5c49618a9f21158df48/meetings/2025-11/november-18.md,"[{""start"": 3260, ""end"": 3347, ""quote"": ""We’re assisted by our facilitators Justin, Daniel here, Dan Minor, and Daniel remotely.""}]",model_drafted_unreviewed,,
test,parsed,raw,test-08,test-08-q04,Where can the code of conduct be found?,"[""links from the TC39.es repo""]",True,The code of conduct can be found via links from the TC39.es repo.,True,value_mismatch,https://github.com/tc39/notes/blob/e8015bc18c938be9ceaea5c49618a9f21158df48/meetings/2025-11/november-18.md,"[{""start"": 4191, ""end"": 4265, ""quote"": ""We have a code of conduct, which you can find links from the TC39.es repo.""}]",model_drafted_unreviewed,,
test,parsed,raw,test-08,test-08-q06,What is the daily schedule for the meeting?,"[""meeting begins at 10, now, and will end at 5 p.m. each day, apart from Thursday, when we will end a little bit earlier at 4 p.m.""]",True,"The meeting begins at 10 a.m. and ends at 5 p.m. each day, except Thursday when it ends earlier at 4 p.m.",True,value_mismatch,https://github.com/tc39/notes/blob/e8015bc18c938be9ceaea5c49618a9f21158df48/meetings/2025-11/november-18.md,"[{""start"": 4520, ""end"": 4603, ""quote"": ""Our daily schedule means that the meeting begins at 10, now, and will end at 5 p.m.""}]",model_drafted_unreviewed,,
test,parsed,raw,test-08,test-08-q07,Is there a button in TCQ to indicate 'I’m done speaking'?,"[""no""]",True,"Yes, there is a button in TCQ to indicate 'I’m done speaking'.",True,value_mismatch,https://github.com/tc39/notes/blob/e8015bc18c938be9ceaea5c49618a9f21158df48/meetings/2025-11/november-18.md,"[{""start"": 7047, ""end"": 7136, ""quote"": ""Well, there is—TCQ has been updated to remove the button, so temptation has been removed.""}]",model_drafted_unreviewed,,
test,parsed,raw,test-08,test-08-q09,Is there a social dinner planned during the meeting week?,"[""not found""]",False,yes,True,unsupported_answer,https://github.com/tc39/notes/blob/e8015bc18c938be9ceaea5c49618a9f21158df48/meetings/2025-11/november-18.md,"[{""start"": 5793, ""end"": 5854, ""quote"": ""For the coming week, on Wednesday, we have our social dinner.""}]",model_drafted_unreviewed,,
test,parsed,raw,test-08,test-08-q10,Is there a mention of a transcriptionist being present?,"[""Yes, I’m here.""]",True,yes,True,value_mismatch,https://github.com/tc39/notes/blob/e8015bc18c938be9ceaea5c49618a9f21158df48/meetings/2025-11/november-18.md,"[{""start"": 8800, ""end"": 8817, ""quote"": "">> Yes, I’m here.""}]",model_drafted_unreviewed,,
test,parsed,raw,test-09,test-09-q02,Did Shane F Carr agree to help with the notes?,"[""Yes""]",True,Shane F Carr,True,value_mismatch,https://github.com/tc39/notes/blob/e8015bc18c938be9ceaea5c49618a9f21158df48/meetings/2026-01/january-20.md,"[{""start"": 7155, ""end"": 7190, ""quote"": ""SFC: I can help for the first hour.""}]",model_drafted_unreviewed,,
test,parsed,raw,test-09,test-09-q03,Is the TG5 workshop date finalized?,"[""not found""]",False,No,True,unsupported_answer,https://github.com/tc39/notes/blob/e8015bc18c938be9ceaea5c49618a9f21158df48/meetings/2026-01/january-20.md,"[{""start"": 7564, ""end"": 7596, ""quote"": ""That has not been specified yet.""}]",model_drafted_unreviewed,,
test,parsed,raw,test-09,test-09-q08,Are the meeting notes going to be made public?,"[""Yes""]",True,"Yes, the meeting notes will be made public as detailed transcripts of the meeting are being prepared and eventually posted on GitHub.",True,value_mismatch,https://github.com/tc39/notes/blob/e8015bc18c938be9ceaea5c49618a9f21158df48/meetings/2026-01/january-20.md,"[{""start"": 5845, ""end"": 5975, ""quote"": ""I shall read out the disclaim that are a detailed transcript of this meeting is being prepared and eventually be posted on GitHub.""}]",model_drafted_unreviewed,,
test,parsed,raw,test-10,test-10-q01,Who requested volunteers for note-taking?,"[""Rob Palmer (RPR)""]",True,Rob Palmer,True,value_mismatch,https://github.com/tc39/notes/blob/e8015bc18c938be9ceaea5c49618a9f21158df48/meetings/2026-03/march-10.md,"[{""start"": 8409, ""end"": 8438, ""quote"": ""We always ask for volunteers.""}]",model_drafted_unreviewed,,
test,parsed,raw,test-10,test-10-q03,"Who will handle the elections for the chair group, editors, and conveners?","[""Samina Husain (SHN)""]",True,Samina Husain,True,value_mismatch,https://github.com/tc39/notes/blob/e8015bc18c938be9ceaea5c49618a9f21158df48/meetings/2026-03/march-10.md,"[{""start"": 2954, ""end"": 3058, ""quote"": ""We have elections coming up for the chair group, the editors, and the conveners that Samina will handle.""}]",model_drafted_unreviewed,,
test,parsed,raw,test-10,test-10-q07,Is Justin Ridgewell (JRL) present in the room?,"[""not found""]",False,yes,True,unsupported_answer,https://github.com/tc39/notes/blob/e8015bc18c938be9ceaea5c49618a9f21158df48/meetings/2026-03/march-10.md,"[{""start"": 2455, ""end"": 2548, ""quote"": ""Do we have our host, Justin, in the room? I guess he's probably downstairs helping people in.""}]",model_drafted_unreviewed,,
test,parsed,raw,test-10,test-10-q08,Is there a disagreement about the microphone functionality?,"[""not found""]",False,no,True,unsupported_answer,https://github.com/tc39/notes/blob/e8015bc18c938be9ceaea5c49618a9f21158df48/meetings/2026-03/march-10.md,"[{""start"": 2127, ""end"": 2189, ""quote"": ""However, the regular microphones we've not yet confirmed work.""}]",model_drafted_unreviewed,,
test,parsed,raw,test-10,test-10-q09,Who is responsible for turning on the Google Meet transcription?,"[""not found""]",False,the hosts,True,unsupported_answer,https://github.com/tc39/notes/blob/e8015bc18c938be9ceaea5c49618a9f21158df48/meetings/2026-03/march-10.md,"[{""start"": 7425, ""end"": 7575, ""quote"": ""We will be asking our hosts who are also the authors of Google Meet or the company that has created it to turn on the transcription there as a backup.""}]",model_drafted_unreviewed,,
test,parsed,raw,test-11,test-11-q03,Did the meeting decide on note takers?,"[""yes""]",True,"Yes, the meeting decided on note takers. OMT and ZTZ volunteered to help with the notes.",True,value_mismatch,https://github.com/tc39/notes/blob/e8015bc18c938be9ceaea5c49618a9f21158df48/meetings/2026-05/may-19.md,"[{""start"": 7248, ""end"": 7266, ""quote"": ""Thank you, Justin.""}]",model_drafted_unreviewed,,
test,parsed,raw,test-11,test-11-q04,Who are the two note takers?,"[""Justin"", ""Zbyszek Tenerowicz""]",True,Oliver Medhurst and Zbyszek Tenerowicz,True,value_mismatch,https://github.com/tc39/notes/blob/e8015bc18c938be9ceaea5c49618a9f21158df48/meetings/2026-05/may-19.md,"[{""start"": 7248, ""end"": 7266, ""quote"": ""Thank you, Justin.""}]",model_drafted_unreviewed,,
test,parsed,raw,test-11,test-11-q07,Did Michael Ficarra present about the new TCQ tool?,"[""yes""]",True,Michael Ficarra presented about the new TCQ tool.,True,value_mismatch,https://github.com/tc39/notes/blob/e8015bc18c938be9ceaea5c49618a9f21158df48/meetings/2026-05/may-19.md,"[{""start"": 8488, ""end"": 8519, ""quote"": ""Presenter: Michael Ficarra (MF)""}]",model_drafted_unreviewed,,
test,parsed,raw,test-11,test-11-q08,Is there a human transcriptionist for notes?,"[""no""]",True,"No, there is no human transcriptionist for notes anymore. Instead, a bot transcribes the notes.",True,value_mismatch,https://github.com/tc39/notes/blob/e8015bc18c938be9ceaea5c49618a9f21158df48/meetings/2026-05/may-19.md,"[{""start"": 5451, ""end"": 5516, ""quote"": ""Regarding notes, we do not have a human transcriptionist anymore.""}]",model_drafted_unreviewed,,
test,parsed,raw,test-11,test-11-q09,Was the exact date of the next in-person meeting given?,"[""not found""]",False,"Thursday, 21st October",True,unsupported_answer,https://github.com/tc39/notes/blob/e8015bc18c938be9ceaea5c49618a9f21158df48/meetings/2026-05/may-19.md,"[{""start"": 6282, ""end"": 6387, ""quote"": ""Next up, though, the meeting after the next one, the next in-person meeting is the 100 the 116th meeting.""}]",model_drafted_unreviewed,,
test,parsed,raw,test-11,test-11-q10,Did the excerpt mention any disagreement about the agenda?,"[""not found""]",False,no,True,unsupported_answer,https://github.com/tc39/notes/blob/e8015bc18c938be9ceaea5c49618a9f21158df48/meetings/2026-05/may-19.md,"[{""start"": 7609, ""end"": 7776, ""quote"": ""Do we have confirmation of those previous minutes? And what about the current agenda? Do we have agreement on adopting the current agenda? I don't hear any opposition.""}]",model_drafted_unreviewed,,
test,parsed,raw,test-12,test-12-q03,What communication tool is proposed for use during the meeting?,"[""TCQ""]",True,The communication tool proposed for use during the meeting is TCQ for participant interaction and Matrix for chat.,True,value_mismatch,https://github.com/tc39/notes/blob/e8015bc18c938be9ceaea5c49618a9f21158df48/meetings/2026-07/july-20.md,"[{""start"": 2423, ""end"": 2613, ""quote"": ""Communication tools: hopefully folks are familiar already with TCQ, and we have got the screenshots updated to reflect the new, fancy TCQ, courtesy of Michael Ficarra and other contributors.""}]",model_drafted_unreviewed,,
test,parsed,raw,test-12,test-12-q04,Who is responsible for assisting with making corrections and attributions in the transcript?,"[""Note helpers""]",True,Ashley Claymore and Nicolò Ribaudo,True,value_mismatch,https://github.com/tc39/notes/blob/e8015bc18c938be9ceaea5c49618a9f21158df48/meetings/2026-07/july-20.md,"[{""start"": 4058, ""end"": 4138, ""quote"": ""We always ask for note helpers to assist in making corrections and attributions.""}]",model_drafted_unreviewed,,
test,parsed,raw,test-12,test-12-q05,Is there a deadline for editing the transcript after the meeting?,"[""2 weeks after meeting""]",True,The transcript can be edited at any time during the meeting and for the first 2 weeks after the meeting.,True,value_mismatch,https://github.com/tc39/notes/blob/e8015bc18c938be9ceaea5c49618a9f21158df48/meetings/2026-07/july-20.md,"[{""start"": 4344, ""end"": 4442, ""quote"": ""And just a reminder that the transcript that's being prepared will eventually be posted on GitHub.""}]",model_drafted_unreviewed,,
test,parsed,raw,test-12,test-12-q06,Did Ashley Claymore volunteer to help with notes?,"[""yes""]",True,Ashley Claymore,True,value_mismatch,https://github.com/tc39/notes/blob/e8015bc18c938be9ceaea5c49618a9f21158df48/meetings/2026-07/july-20.md,"[{""start"": 6685, ""end"": 6708, ""quote"": ""ACE: I'll help you out.""}]",model_drafted_unreviewed,,
test,parsed,raw,test-12,test-12-q09,Is there any mention of a decision about the next meeting location?,"[""not found""]",False,"The next meeting will be an in-person/hybrid meeting in Tokyo, at the Sony Interactive Entertainment office in Shinagawa, in late September to early October.",True,unsupported_answer,https://github.com/tc39/notes/blob/e8015bc18c938be9ceaea5c49618a9f21158df48/meetings/2026-07/july-20.md,"[{""start"": 5705, ""end"": 5779, ""quote"": ""Our next meeting will be an in-person/hybrid meeting, once again in Tokyo.""}]",model_drafted_unreviewed,,
test,parsed,raw,test-12,test-12-q10,Was there any disagreement about the agenda?,"[""not found""]",False,no,True,unsupported_answer,https://github.com/tc39/notes/blob/e8015bc18c938be9ceaea5c49618a9f21158df48/meetings/2026-07/july-20.md,"[{""start"": 7733, ""end"": 7789, ""quote"": ""Is there any objection to the agenda as it stands? Okay.""}]",model_drafted_unreviewed,,
