context_id,category,strategy,question_index,question,expected_answer,model_answer,deterministic_correct,deterministic_method,judge_correct,judge_reason
lecture_academic_notes-01,lecture_academic_notes,ORIGINAL,1,What was the lecture's main proposition?,thermohaline circulation is driven by density differences caused by temperature and salinity,Thermohaline circulation is driven by density differences caused by temperature and salinity.,True,normalized_exact,True,The model answer accurately restates the expected answer with equivalent wording and includes the main proposition of the lecture.
lecture_academic_notes-01,lecture_academic_notes,ORIGINAL,2,What related distinction was emphasized?,surface currents are mainly driven by wind,Surface currents are mainly driven by wind.,True,normalized_exact,True,"The model answer correctly states the key distinction that surface currents are mainly driven by wind, matching the expected answer exactly."
lecture_academic_notes-01,lecture_academic_notes,ORIGINAL,3,Which person was associated with the foundational contribution?,Fridtjof Nansen,Fridtjof Nansen,True,normalized_exact,True,"The model answer matches the expected answer exactly, correctly identifying Fridtjof Nansen as the person associated with the foundational contribution."
lecture_academic_notes-01,lecture_academic_notes,ORIGINAL,4,When are the rescheduled office hours?,Thursday at 15:00,Thursday at 15:00,True,normalized_exact,True,The model answer matches the expected answer exactly.
lecture_academic_notes-01,lecture_academic_notes,ORIGINAL,5,What methodological caution limited the example?,the Coriolis effect changes direction but does not initiate the flow,The methodological caution was that the Coriolis effect changes direction but does not initiate the flow.,True,normalized_containment,True,The model answer accurately restates the expected answer with equivalent wording and includes the required methodological caution without any contradictions or omissions.
lecture_academic_notes-01,lecture_academic_notes,COMPACT_ENGLISH,1,What was the lecture's main proposition?,thermohaline circulation is driven by density differences caused by temperature and salinity,"Thermohaline circulation is driven by density differences from temperature and salinity, while surface currents are mainly wind-driven.",False,fuzzy_0.738,True,"The model answer correctly states that thermohaline circulation is driven by density differences caused by temperature and salinity, matching the expected answer. The additional detail about surface currents being wind-driven is harmless extra information."
lecture_academic_notes-01,lecture_academic_notes,COMPACT_ENGLISH,2,What related distinction was emphasized?,surface currents are mainly driven by wind,The distinction between thermohaline circulation driven by density differences and surface currents mainly driven by wind.,False,fuzzy_0.478,True,"The model answer correctly identifies the distinction between surface currents driven by wind and thermohaline circulation driven by density differences, which aligns with the expected answer emphasizing that surface currents are mainly driven by wind."
lecture_academic_notes-01,lecture_academic_notes,COMPACT_ENGLISH,3,Which person was associated with the foundational contribution?,Fridtjof Nansen,Nansen,True,normalized_containment,True,"The model answer 'Nansen' correctly identifies the person associated with the foundational contribution, matching the expected answer 'Fridtjof Nansen' with an acceptable shortened form."
lecture_academic_notes-01,lecture_academic_notes,COMPACT_ENGLISH,4,When are the rescheduled office hours?,Thursday at 15:00,Thursday 15:00,True,fuzzy_0.903,True,"The model answer correctly states the rescheduled office hours as Thursday at 15:00, matching the expected answer with equivalent wording."
lecture_academic_notes-01,lecture_academic_notes,COMPACT_ENGLISH,5,What methodological caution limited the example?,the Coriolis effect changes direction but does not initiate the flow,"The Coriolis effect alters flow direction but does not start flow, which limited the conclusions drawn from the example.",False,fuzzy_0.614,True,"The model answer correctly states that the Coriolis effect changes flow direction but does not initiate flow, matching the expected answer's key point, with acceptable additional detail."
lecture_academic_notes-01,lecture_academic_notes,TOKEN_OPTIMIZED,1,What was the lecture's main proposition?,thermohaline circulation is driven by density differences caused by temperature and salinity,"Thermohaline circulation is driven by density differences from temperature and salinity, while surface currents are driven mainly by wind.",False,fuzzy_0.728,True,"The model answer correctly states that thermohaline circulation is driven by density differences caused by temperature and salinity, matching the expected answer. The additional detail about surface currents does not contradict the main proposition."
lecture_academic_notes-01,lecture_academic_notes,TOKEN_OPTIMIZED,2,What related distinction was emphasized?,surface currents are mainly driven by wind,The distinction between thermohaline circulation driven by density differences (temperature and salinity) and surface currents driven mainly by wind.,False,fuzzy_0.370,True,"The model answer correctly emphasizes the distinction between surface currents driven mainly by wind and thermohaline circulation driven by density differences, which aligns with the expected answer's focus on surface currents being wind-driven."
lecture_academic_notes-01,lecture_academic_notes,TOKEN_OPTIMIZED,3,Which person was associated with the foundational contribution?,Fridtjof Nansen,Nansen,True,normalized_containment,True,"The model answer 'Nansen' correctly identifies the person associated with the foundational contribution, matching the expected answer 'Fridtjof Nansen' with an acceptable shortened form."
lecture_academic_notes-01,lecture_academic_notes,TOKEN_OPTIMIZED,4,When are the rescheduled office hours?,Thursday at 15:00,Thursday at 15:00,True,normalized_exact,True,The model answer matches the expected answer exactly.
lecture_academic_notes-01,lecture_academic_notes,TOKEN_OPTIMIZED,5,What methodological caution limited the example?,the Coriolis effect changes direction but does not initiate the flow,"The methodological caution was that the Coriolis effect alters flow direction but does not initiate flow, which limits the conclusions drawn from the example.",False,fuzzy_0.560,True,"The model answer correctly states that the Coriolis effect changes flow direction but does not initiate flow, matching the expected answer's key point, with acceptable additional explanation."
lecture_academic_notes-02,lecture_academic_notes,ORIGINAL,1,What was the lecture's main proposition?,loss aversion means losses often feel more significant than equal-sized gains,Loss aversion means losses often feel more significant than equal-sized gains.,True,normalized_exact,True,"The model answer accurately captures the main proposition of the lecture by stating that losses often feel more significant than equal-sized gains, which matches the expected answer."
lecture_academic_notes-02,lecture_academic_notes,ORIGINAL,2,What related distinction was emphasized?,a sunk cost should not affect a forward-looking decision,A sunk cost should not affect a forward-looking decision.,True,normalized_exact,True,"The model answer matches the expected answer exactly in meaning and wording, correctly emphasizing the distinction that sunk costs should not influence forward-looking decisions."
lecture_academic_notes-02,lecture_academic_notes,ORIGINAL,3,Which person was associated with the foundational contribution?,Daniel Kahneman and Amos Tversky,Daniel Kahneman and Amos Tversky,True,normalized_exact,True,"The model answer exactly matches the expected answer, correctly identifying both individuals associated with the foundational contribution."
lecture_academic_notes-02,lecture_academic_notes,ORIGINAL,4,When are the rescheduled office hours?,Friday at 10:30,Friday at 10:30,True,normalized_exact,True,The model answer matches the expected answer exactly.
lecture_academic_notes-02,lecture_academic_notes,ORIGINAL,5,What methodological caution limited the example?,the classroom example assumed participants understood the probabilities,The methodological caution was that the classroom example assumed participants understood the probabilities.,True,normalized_containment,True,"The model answer correctly identifies the methodological caution as the assumption that participants understood the probabilities, matching the expected answer in meaning."
lecture_academic_notes-02,lecture_academic_notes,COMPACT_ENGLISH,1,What was the lecture's main proposition?,loss aversion means losses often feel more significant than equal-sized gains,Loss aversion means losses feel bigger than equal gains.,False,fuzzy_0.773,True,"The model answer correctly captures the main proposition that losses feel more significant than equal-sized gains, using equivalent wording."
lecture_academic_notes-02,lecture_academic_notes,COMPACT_ENGLISH,2,What related distinction was emphasized?,a sunk cost should not affect a forward-looking decision,Sunk costs shouldn't affect future decisions.,False,fuzzy_0.771,True,"The model answer correctly conveys the key idea that sunk costs should not influence future or forward-looking decisions, which matches the expected answer's meaning."
lecture_academic_notes-02,lecture_academic_notes,COMPACT_ENGLISH,3,Which person was associated with the foundational contribution?,Daniel Kahneman and Amos Tversky,Kahneman & Tversky,False,fuzzy_0.667,True,"The model answer correctly identifies the two people associated with the foundational contribution, using a shortened form of their names that is semantically equivalent to the expected answer."
lecture_academic_notes-02,lecture_academic_notes,COMPACT_ENGLISH,4,When are the rescheduled office hours?,Friday at 10:30,Friday at 10:30,True,normalized_exact,True,The model answer matches the expected answer exactly.
lecture_academic_notes-02,lecture_academic_notes,COMPACT_ENGLISH,5,What methodological caution limited the example?,the classroom example assumed participants understood the probabilities,"The classroom example assumes participants understand probabilities, which limits the conclusion.",False,fuzzy_0.800,True,"The model answer correctly identifies that the classroom example assumes participants understand probabilities, which is the methodological caution limiting the example, matching the expected answer's meaning."
lecture_academic_notes-02,lecture_academic_notes,TOKEN_OPTIMIZED,1,What was the lecture's main proposition?,loss aversion means losses often feel more significant than equal-sized gains,Loss aversion means losses are felt more strongly than equal gains.,False,fuzzy_0.797,True,"The model answer accurately captures the main proposition that losses are felt more strongly than equal-sized gains, which aligns with the expected answer's meaning."
lecture_academic_notes-02,lecture_academic_notes,TOKEN_OPTIMIZED,2,What related distinction was emphasized?,a sunk cost should not affect a forward-looking decision,Sunk costs do not influence future decisions.,False,fuzzy_0.646,True,"The model answer correctly conveys that sunk costs should not affect future or forward-looking decisions, which matches the expected answer's emphasis on the distinction."
lecture_academic_notes-02,lecture_academic_notes,TOKEN_OPTIMIZED,3,Which person was associated with the foundational contribution?,Daniel Kahneman and Amos Tversky,Kahneman & Tversky,False,fuzzy_0.667,True,"The model answer correctly identifies the two people associated with the foundational contribution, using a shortened form of their names that is semantically equivalent to the expected answer."
lecture_academic_notes-02,lecture_academic_notes,TOKEN_OPTIMIZED,4,When are the rescheduled office hours?,Friday at 10:30,Friday at 10:30,True,normalized_exact,True,The model answer matches the expected answer exactly.
lecture_academic_notes-02,lecture_academic_notes,TOKEN_OPTIMIZED,5,What methodological caution limited the example?,the classroom example assumed participants understood the probabilities,"The example assumed participant understanding of probabilities, which limited the conclusions that could be drawn.",False,fuzzy_0.599,True,"The model answer correctly identifies that the example assumed participants understood probabilities, which is the methodological caution limiting the example, matching the expected answer's meaning."
lecture_academic_notes-03,lecture_academic_notes,ORIGINAL,1,What was the lecture's main proposition?,"a transaction should satisfy atomicity, consistency, isolation, and durability","A transaction should satisfy atomicity, consistency, isolation, and durability.",True,normalized_exact,True,"The model answer correctly states the main proposition of the lecture, matching the expected answer exactly in meaning and content."
lecture_academic_notes-03,lecture_academic_notes,ORIGINAL,2,What related distinction was emphasized?,an index speeds reads but can add write overhead,An index speeds reads but can add write overhead.,True,normalized_exact,True,"The model answer correctly captures the key distinction that an index speeds up reads but can add write overhead, matching the expected answer semantically."
lecture_academic_notes-03,lecture_academic_notes,ORIGINAL,3,Which person was associated with the foundational contribution?,Edgar F. Codd,Edgar F. Codd,True,normalized_exact,True,"The model answer correctly identifies Edgar F. Codd as the person associated with the foundational contribution, matching the expected answer exactly."
lecture_academic_notes-03,lecture_academic_notes,ORIGINAL,4,When are the rescheduled office hours?,Monday at 14:00,Monday at 14:00,True,normalized_exact,True,The model answer matches the expected answer exactly.
lecture_academic_notes-03,lecture_academic_notes,ORIGINAL,5,What methodological caution limited the example?,serializable isolation was discussed as the strongest standard level,The methodological caution was that serializable isolation was discussed as the strongest standard level.,True,normalized_containment,True,The model answer restates the expected answer with equivalent meaning and includes the required methodological caution about serializable isolation being the strongest standard level.
lecture_academic_notes-03,lecture_academic_notes,COMPACT_ENGLISH,1,What was the lecture's main proposition?,"a transaction should satisfy atomicity, consistency, isolation, and durability","Transactions must meet ACID properties (atomicity, consistency, isolation, durability).",False,fuzzy_0.787,True,"The model answer correctly states that transactions must satisfy the ACID properties, which correspond to atomicity, consistency, isolation, and durability, matching the expected answer's main proposition."
lecture_academic_notes-03,lecture_academic_notes,COMPACT_ENGLISH,2,What related distinction was emphasized?,an index speeds reads but can add write overhead,The distinction between the speed of reads with indexes and the added write overhead they cause.,False,fuzzy_0.609,True,"The model answer correctly captures the distinction that indexes speed up reads but add write overhead, matching the expected answer's meaning."
lecture_academic_notes-03,lecture_academic_notes,COMPACT_ENGLISH,3,Which person was associated with the foundational contribution?,Edgar F. Codd,Edgar F. Codd,True,normalized_exact,True,"The model answer correctly identifies Edgar F. Codd as the person associated with the foundational contribution, matching the expected answer exactly."
lecture_academic_notes-03,lecture_academic_notes,COMPACT_ENGLISH,4,When are the rescheduled office hours?,Monday at 14:00,Monday 14:00,True,fuzzy_0.889,True,"The model answer provides the same information as the expected answer, with only minor formatting differences that do not affect the meaning."
lecture_academic_notes-03,lecture_academic_notes,COMPACT_ENGLISH,5,What methodological caution limited the example?,serializable isolation was discussed as the strongest standard level,"The methodological caution was that serializable isolation is the strongest standard, which limits conclusions but doesn't invalidate the main example.",False,fuzzy_0.468,True,"The model answer correctly identifies that serializable isolation as the strongest standard level was the methodological caution, and it adds that this limits conclusions without invalidating the example, which is acceptable extra detail."
lecture_academic_notes-03,lecture_academic_notes,TOKEN_OPTIMIZED,1,What was the lecture's main proposition?,"a transaction should satisfy atomicity, consistency, isolation, and durability","A transaction satisfies ACID={Atomicity, Consistency, Isolation, Durability}.",False,fuzzy_0.853,True,"The model answer correctly states that a transaction satisfies the ACID properties, which correspond to atomicity, consistency, isolation, and durability, matching the expected answer's main proposition."
lecture_academic_notes-03,lecture_academic_notes,TOKEN_OPTIMIZED,2,What related distinction was emphasized?,an index speeds reads but can add write overhead,The distinction between the impact of indexes speeding reads versus adding write overhead was emphasized.,False,fuzzy_0.539,True,"The model answer correctly captures the distinction that indexes speed up reads but add write overhead, matching the expected answer's meaning."
lecture_academic_notes-03,lecture_academic_notes,TOKEN_OPTIMIZED,3,Which person was associated with the foundational contribution?,Edgar F. Codd,Edgar F. Codd,True,normalized_exact,True,"The model answer correctly identifies Edgar F. Codd as the person associated with the foundational contribution, matching the expected answer exactly."
lecture_academic_notes-03,lecture_academic_notes,TOKEN_OPTIMIZED,4,When are the rescheduled office hours?,Monday at 14:00,Monday 14:00,True,fuzzy_0.889,True,"The model answer provides the same information as the expected answer, with only minor formatting differences that do not affect the meaning."
lecture_academic_notes-03,lecture_academic_notes,TOKEN_OPTIMIZED,5,What methodological caution limited the example?,serializable isolation was discussed as the strongest standard level,Serializable isolation being the strongest standard level limited the example.,False,fuzzy_0.737,True,"The model answer correctly identifies 'serializable isolation as the strongest standard level' as the methodological caution that limited the example, matching the expected answer's meaning with equivalent wording."
lecture_academic_notes-04,lecture_academic_notes,ORIGINAL,1,What was the lecture's main proposition?,keystone species have effects disproportionately large relative to their abundance,Keystone species have effects disproportionately large relative to their abundance.,True,normalized_exact,True,The model answer accurately restates the expected answer with equivalent wording and no contradictions or omissions.
lecture_academic_notes-04,lecture_academic_notes,ORIGINAL,2,What related distinction was emphasized?,primary succession begins without established soil while secondary succession does not,The related distinction emphasized was that primary succession begins without established soil while secondary succession does not.,True,normalized_containment,True,"The model answer correctly states the distinction between primary and secondary succession as described in the expected answer, with equivalent wording and no contradictions."
lecture_academic_notes-04,lecture_academic_notes,ORIGINAL,3,Which person was associated with the foundational contribution?,Robert Paine,Robert Paine,True,normalized_exact,True,The model answer matches the expected answer exactly.
lecture_academic_notes-04,lecture_academic_notes,ORIGINAL,4,When are the rescheduled office hours?,Tuesday at 16:15,Tuesday at 16:15,True,normalized_exact,True,The model answer matches the expected answer exactly.
lecture_academic_notes-04,lecture_academic_notes,ORIGINAL,5,What methodological caution limited the example?,the island example excluded newly introduced invasive species,The methodological caution was that the island example excluded newly introduced invasive species.,True,normalized_containment,True,"The model answer correctly identifies the methodological caution as the exclusion of newly introduced invasive species in the island example, matching the expected answer in meaning."
lecture_academic_notes-04,lecture_academic_notes,COMPACT_ENGLISH,1,What was the lecture's main proposition?,keystone species have effects disproportionately large relative to their abundance,Keystone species impact is greater than their abundance.,False,fuzzy_0.657,True,"The model answer correctly conveys that keystone species have an impact disproportionately large relative to their abundance, matching the expected answer's main proposition."
lecture_academic_notes-04,lecture_academic_notes,COMPACT_ENGLISH,2,What related distinction was emphasized?,primary succession begins without established soil while secondary succession does not,The distinction between primary succession (starts without soil) and secondary succession (starts with soil).,False,fuzzy_0.631,True,"The model answer correctly captures the key distinction that primary succession begins without established soil, while secondary succession starts with soil, matching the expected answer's meaning."
lecture_academic_notes-04,lecture_academic_notes,COMPACT_ENGLISH,3,Which person was associated with the foundational contribution?,Robert Paine,Robert Paine,True,normalized_exact,True,The model answer matches the expected answer exactly.
lecture_academic_notes-04,lecture_academic_notes,COMPACT_ENGLISH,4,When are the rescheduled office hours?,Tuesday at 16:15,Tuesday at 16:15,True,normalized_exact,True,The model answer matches the expected answer exactly.
lecture_academic_notes-04,lecture_academic_notes,COMPACT_ENGLISH,5,What methodological caution limited the example?,the island example excluded newly introduced invasive species,The island example excludes new invasive species.,False,fuzzy_0.851,True,"The model answer correctly captures the key methodological caution that the island example excluded newly introduced invasive species, using equivalent wording."
lecture_academic_notes-04,lecture_academic_notes,TOKEN_OPTIMIZED,1,What was the lecture's main proposition?,keystone species have effects disproportionately large relative to their abundance,Keystone species have an effect disproportional to their abundance.,True,fuzzy_0.869,True,"The model answer correctly captures the main proposition that keystone species have effects disproportionately large relative to their abundance, using equivalent wording."
lecture_academic_notes-04,lecture_academic_notes,TOKEN_OPTIMIZED,2,What related distinction was emphasized?,primary succession begins without established soil while secondary succession does not,Similar appearance does not equal the same process.,False,fuzzy_0.242,False,"The model answer does not address the specific distinction between primary and secondary succession related to soil presence, which is the key point in the expected answer."
lecture_academic_notes-04,lecture_academic_notes,TOKEN_OPTIMIZED,3,Which person was associated with the foundational contribution?,Robert Paine,Robert Paine,True,normalized_exact,True,The model answer matches the expected answer exactly.
lecture_academic_notes-04,lecture_academic_notes,TOKEN_OPTIMIZED,4,When are the rescheduled office hours?,Tuesday at 16:15,Tuesday 16:15,True,fuzzy_0.897,True,"The model answer provides the same information as the expected answer, with only minor formatting differences that do not affect the meaning."
lecture_academic_notes-04,lecture_academic_notes,TOKEN_OPTIMIZED,5,What methodological caution limited the example?,the island example excluded newly introduced invasive species,The island excludes invasive species newly introduced.,False,fuzzy_0.585,True,"The model answer correctly conveys that the island example excluded newly introduced invasive species, matching the expected answer's meaning despite slight rephrasing."
lecture_academic_notes-05,lecture_academic_notes,ORIGINAL,1,What was the lecture's main proposition?,judicial review allows courts to assess whether laws conflict with a constitution,Judicial review allows courts to assess whether laws conflict with a constitution.,True,normalized_exact,True,The model answer matches the expected answer exactly in meaning and wording.
lecture_academic_notes-05,lecture_academic_notes,ORIGINAL,2,What related distinction was emphasized?,binding precedent differs from persuasive authority,The distinction between binding precedent and persuasive authority.,False,fuzzy_0.708,True,"The model answer correctly identifies the distinction between binding precedent and persuasive authority, matching the expected answer's meaning despite different wording."
lecture_academic_notes-05,lecture_academic_notes,ORIGINAL,3,Which person was associated with the foundational contribution?,John Marshall,John Marshall,True,normalized_exact,True,The model answer matches the expected answer exactly.
lecture_academic_notes-05,lecture_academic_notes,ORIGINAL,4,When are the rescheduled office hours?,Wednesday at 13:30,Wednesday at 13:30,True,normalized_exact,True,The model answer matches the expected answer exactly.
lecture_academic_notes-05,lecture_academic_notes,ORIGINAL,5,What methodological caution limited the example?,the hypothetical assumed federal rather than state jurisdiction,The methodological caution was that the hypothetical assumed federal rather than state jurisdiction.,True,normalized_containment,True,"The model answer correctly identifies the methodological caution as the hypothetical assuming federal rather than state jurisdiction, matching the expected answer in meaning and detail."
lecture_academic_notes-05,lecture_academic_notes,COMPACT_ENGLISH,1,What was the lecture's main proposition?,judicial review allows courts to assess whether laws conflict with a constitution,Judicial review lets courts check laws against the constitution.,False,fuzzy_0.710,True,"The model answer accurately captures the main proposition of the lecture by stating that judicial review allows courts to check laws against the constitution, which is equivalent to assessing whether laws conflict with a constitution."
lecture_academic_notes-05,lecture_academic_notes,COMPACT_ENGLISH,2,What related distinction was emphasized?,binding precedent differs from persuasive authority,The distinction between binding precedent and persuasive authority was emphasized.,False,fuzzy_0.625,True,"The model answer correctly identifies the emphasized distinction as between binding precedent and persuasive authority, matching the expected answer in meaning and content."
lecture_academic_notes-05,lecture_academic_notes,COMPACT_ENGLISH,3,Which person was associated with the foundational contribution?,John Marshall,John Marshall,True,normalized_exact,True,The model answer matches the expected answer exactly.
lecture_academic_notes-05,lecture_academic_notes,COMPACT_ENGLISH,4,When are the rescheduled office hours?,Wednesday at 13:30,Wednesday at 13:30,True,normalized_exact,True,The model answer matches the expected answer exactly.
lecture_academic_notes-05,lecture_academic_notes,COMPACT_ENGLISH,5,What methodological caution limited the example?,the hypothetical assumed federal rather than state jurisdiction,"The hypothetical assumed federal, not state jurisdiction, limiting but not invalidating the example.",False,fuzzy_0.662,True,"The model answer correctly identifies that the hypothetical assumed federal rather than state jurisdiction, which matches the expected answer, and the additional detail does not contradict the expected answer."
lecture_academic_notes-05,lecture_academic_notes,TOKEN_OPTIMIZED,1,What was the lecture's main proposition?,judicial review allows courts to assess whether laws conflict with a constitution,Judicial review enables courts to assess laws versus the constitution.,False,fuzzy_0.764,True,"The model answer accurately captures the main proposition of the lecture by stating that judicial review allows courts to assess laws in relation to the constitution, which is equivalent to the expected answer."
lecture_academic_notes-05,lecture_academic_notes,TOKEN_OPTIMIZED,2,What related distinction was emphasized?,binding precedent differs from persuasive authority,The distinction between binding precedent and persuasive authority was emphasized.,False,fuzzy_0.625,True,"The model answer correctly identifies the emphasized distinction as between binding precedent and persuasive authority, matching the expected answer in meaning and content."
lecture_academic_notes-05,lecture_academic_notes,TOKEN_OPTIMIZED,3,Which person was associated with the foundational contribution?,John Marshall,John Marshall,True,normalized_exact,True,The model answer matches the expected answer exactly.
lecture_academic_notes-05,lecture_academic_notes,TOKEN_OPTIMIZED,4,When are the rescheduled office hours?,Wednesday at 13:30,Wednesday at 13:30,True,normalized_exact,True,The model answer matches the expected answer exactly.
lecture_academic_notes-05,lecture_academic_notes,TOKEN_OPTIMIZED,5,What methodological caution limited the example?,the hypothetical assumed federal rather than state jurisdiction,"The methodological caution was that the hypothetical example assumed federal jurisdiction rather than state jurisdiction, which limited but did not invalidate the main example.",False,fuzzy_0.534,True,"The model answer correctly identifies the methodological caution as the assumption of federal rather than state jurisdiction, matching the expected answer, and adds a harmless clarification that it limited but did not invalidate the example."
meeting_notes-01,meeting_notes,ORIGINAL,1,Who facilitated the meeting?,Mira,Mira,True,normalized_exact,True,"The model answer correctly identifies 'Mira' as the facilitator of the meeting, matching the expected answer exactly."
meeting_notes-01,meeting_notes,ORIGINAL,2,When is the next formal review?,April 18,April 18,True,normalized_exact,True,The model answer matches the expected answer exactly.
meeting_notes-01,meeting_notes,ORIGINAL,3,Who owns the highest-priority deliverable?,Noah,Noah,True,normalized_exact,True,The model answer matches the expected answer exactly.
meeting_notes-01,meeting_notes,ORIGINAL,4,What is the remaining discretionary budget?,"$8,000","$8,000",True,normalized_exact,True,"The model answer matches the expected answer exactly, providing the correct remaining discretionary budget amount."
meeting_notes-01,meeting_notes,ORIGINAL,5,What dependency could change the schedule?,vendor photography requires legal approval,Vendor photography requires legal approval.,True,normalized_exact,True,"The model answer matches the expected answer exactly in meaning and wording, correctly identifying the dependency that could change the schedule."
meeting_notes-01,meeting_notes,COMPACT_ENGLISH,1,Who facilitated the meeting?,Mira,Mira,True,normalized_exact,True,"The model answer correctly identifies 'Mira' as the facilitator of the meeting, matching the expected answer exactly."
meeting_notes-01,meeting_notes,COMPACT_ENGLISH,2,When is the next formal review?,April 18,April 18,True,normalized_exact,True,The model answer matches the expected answer exactly.
meeting_notes-01,meeting_notes,COMPACT_ENGLISH,3,Who owns the highest-priority deliverable?,Noah,Noah,True,normalized_exact,True,The model answer matches the expected answer exactly.
meeting_notes-01,meeting_notes,COMPACT_ENGLISH,4,What is the remaining discretionary budget?,"$8,000","$8,000",True,normalized_exact,True,"The model answer matches the expected answer exactly, providing the correct remaining discretionary budget amount."
meeting_notes-01,meeting_notes,COMPACT_ENGLISH,5,What dependency could change the schedule?,vendor photography requires legal approval,Vendor photography legal approval delay.,False,fuzzy_0.815,False,"The model answer is incomplete and lacks clarity; it does not explicitly state that vendor photography requires legal approval, which is the dependency that could change the schedule."
meeting_notes-01,meeting_notes,TOKEN_OPTIMIZED,1,Who facilitated the meeting?,Mira,Mira facilitated the meeting.,True,normalized_containment,True,"The model answer correctly identifies Mira as the facilitator of the meeting and adds a harmless detail by including the verb 'facilitated,' which does not change the meaning."
meeting_notes-01,meeting_notes,TOKEN_OPTIMIZED,2,When is the next formal review?,April 18,April 18,True,normalized_exact,True,The model answer matches the expected answer exactly.
meeting_notes-01,meeting_notes,TOKEN_OPTIMIZED,3,Who owns the highest-priority deliverable?,Noah,Noah,True,normalized_exact,True,The model answer matches the expected answer exactly.
meeting_notes-01,meeting_notes,TOKEN_OPTIMIZED,4,What is the remaining discretionary budget?,"$8,000","$8,000",True,normalized_exact,True,"The model answer matches the expected answer exactly, providing the correct remaining discretionary budget amount."
meeting_notes-01,meeting_notes,TOKEN_OPTIMIZED,5,What dependency could change the schedule?,vendor photography requires legal approval,Vendor photography legal approval delay could change the schedule.,False,fuzzy_0.641,True,"The model answer correctly identifies that a delay in legal approval for vendor photography could change the schedule, which aligns with the expected answer that vendor photography requires legal approval."
meeting_notes-02,meeting_notes,ORIGINAL,1,Who facilitated the meeting?,Elena,Elena,True,normalized_exact,True,"The model answer correctly identifies 'Elena' as the facilitator of the meeting, matching the expected answer exactly."
meeting_notes-02,meeting_notes,ORIGINAL,2,When is the next formal review?,June 6,June 6,True,normalized_exact,True,The model answer matches the expected answer exactly.
meeting_notes-02,meeting_notes,ORIGINAL,3,Who owns the highest-priority deliverable?,Marcus,Marcus,True,normalized_exact,True,The model answer matches the expected answer exactly.
meeting_notes-02,meeting_notes,ORIGINAL,4,What is the remaining discretionary budget?,"$3,500","$3,500",True,normalized_exact,True,The model answer matches the expected answer exactly.
meeting_notes-02,meeting_notes,ORIGINAL,5,What dependency could change the schedule?,soil delivery depends on the weather,Soil delivery depends on the weather.,True,normalized_exact,True,"The model answer matches the expected answer exactly in meaning and wording, with only capitalization differences which are harmless."
meeting_notes-02,meeting_notes,COMPACT_ENGLISH,1,Who facilitated the meeting?,Elena,Elena facilitated the meeting.,True,normalized_containment,True,"The model answer correctly identifies Elena as the facilitator of the meeting, matching the expected answer and adding harmless extra detail."
meeting_notes-02,meeting_notes,COMPACT_ENGLISH,2,When is the next formal review?,June 6,June 6,True,normalized_exact,True,The model answer matches the expected answer exactly.
meeting_notes-02,meeting_notes,COMPACT_ENGLISH,3,Who owns the highest-priority deliverable?,Marcus,Marcus,True,normalized_exact,True,The model answer matches the expected answer exactly.
meeting_notes-02,meeting_notes,COMPACT_ENGLISH,4,What is the remaining discretionary budget?,"$3,500","$3,500",True,normalized_exact,True,The model answer matches the expected answer exactly.
meeting_notes-02,meeting_notes,COMPACT_ENGLISH,5,What dependency could change the schedule?,soil delivery depends on the weather,Soil delivery weather-dependent; delays must be flagged by owner in shared tracker.,False,fuzzy_0.372,True,"The model answer correctly identifies that soil delivery depends on the weather, which matches the expected answer's dependency. The additional detail about delays and tracking does not contradict the expected answer."
meeting_notes-02,meeting_notes,TOKEN_OPTIMIZED,1,Who facilitated the meeting?,Elena,Elena,True,normalized_exact,True,"The model answer correctly identifies 'Elena' as the facilitator of the meeting, matching the expected answer exactly."
meeting_notes-02,meeting_notes,TOKEN_OPTIMIZED,2,When is the next formal review?,June 6,June 6,True,normalized_exact,True,The model answer matches the expected answer exactly.
meeting_notes-02,meeting_notes,TOKEN_OPTIMIZED,3,Who owns the highest-priority deliverable?,Marcus,Marcus,True,normalized_exact,True,The model answer matches the expected answer exactly.
meeting_notes-02,meeting_notes,TOKEN_OPTIMIZED,4,What is the remaining discretionary budget?,"$3,500","$3,500",True,normalized_exact,True,The model answer matches the expected answer exactly.
meeting_notes-02,meeting_notes,TOKEN_OPTIMIZED,5,What dependency could change the schedule?,soil delivery depends on the weather,"Soil delivery weather-dependent; if delayed, owner flags in shared tracker.",False,fuzzy_0.404,True,"The model answer correctly identifies that soil delivery depends on the weather, which matches the expected answer's dependency. The additional detail about the owner flagging delays does not contradict the expected answer."
meeting_notes-03,meeting_notes,ORIGINAL,1,Who facilitated the meeting?,Priya,Priya,True,normalized_exact,True,"The model answer correctly identifies 'Priya' as the facilitator of the meeting, matching the expected answer exactly."
meeting_notes-03,meeting_notes,ORIGINAL,2,When is the next formal review?,August 14,August 14,True,normalized_exact,True,The model answer matches the expected answer exactly.
meeting_notes-03,meeting_notes,ORIGINAL,3,Who owns the highest-priority deliverable?,Jon,Jon,True,normalized_exact,True,The model answer matches the expected answer exactly.
meeting_notes-03,meeting_notes,ORIGINAL,4,What is the remaining discretionary budget?,"$12,000","$12,000",True,normalized_exact,True,The model answer matches the expected answer exactly.
meeting_notes-03,meeting_notes,ORIGINAL,5,What dependency could change the schedule?,rare-book records cannot be auto-merged,Rare-book records cannot be auto-merged.,True,normalized_exact,True,"The model answer matches the expected answer exactly in meaning and content, with only capitalization differences that do not affect correctness."
meeting_notes-03,meeting_notes,COMPACT_ENGLISH,1,Who facilitated the meeting?,Priya,Priya,True,normalized_exact,True,"The model answer correctly identifies 'Priya' as the facilitator of the meeting, matching the expected answer exactly."
meeting_notes-03,meeting_notes,COMPACT_ENGLISH,2,When is the next formal review?,August 14,Aug 14,False,fuzzy_0.800,True,"The model answer provides the same date as the expected answer, using an acceptable abbreviation for August."
meeting_notes-03,meeting_notes,COMPACT_ENGLISH,3,Who owns the highest-priority deliverable?,Jon,Jon owns the highest-priority deliverable.,True,normalized_containment,True,"The model answer correctly identifies Jon as the owner of the highest-priority deliverable, matching the expected answer with additional harmless detail."
meeting_notes-03,meeting_notes,COMPACT_ENGLISH,4,What is the remaining discretionary budget?,"$12,000","$12,000",True,normalized_exact,True,The model answer matches the expected answer exactly.
meeting_notes-03,meeting_notes,COMPACT_ENGLISH,5,What dependency could change the schedule?,rare-book records cannot be auto-merged,The rare-book records auto-merge dependency.,False,fuzzy_0.744,False,"The model answer is vague and does not clearly state that rare-book records cannot be auto-merged, which is the key dependency that could change the schedule."
meeting_notes-03,meeting_notes,TOKEN_OPTIMIZED,1,Who facilitated the meeting?,Priya,Priya,True,normalized_exact,True,"The model answer correctly identifies 'Priya' as the facilitator of the meeting, matching the expected answer exactly."
meeting_notes-03,meeting_notes,TOKEN_OPTIMIZED,2,When is the next formal review?,August 14,August 14,True,normalized_exact,True,The model answer matches the expected answer exactly.
meeting_notes-03,meeting_notes,TOKEN_OPTIMIZED,3,Who owns the highest-priority deliverable?,Jon,Jon,True,normalized_exact,True,The model answer matches the expected answer exactly.
meeting_notes-03,meeting_notes,TOKEN_OPTIMIZED,4,What is the remaining discretionary budget?,"$12,000",$12K,False,fuzzy_0.444,True,"The model answer '$12K' is semantically equivalent to the expected answer '$12,000' as 'K' denotes thousand."
meeting_notes-03,meeting_notes,TOKEN_OPTIMIZED,5,What dependency could change the schedule?,rare-book records cannot be auto-merged,"Rare-book records not auto-merging; if delayed, owner must flag in shared tracker.",False,fuzzy_0.559,False,"The model answer adds extra details about delay and flagging in a shared tracker, which are not mentioned in the expected answer, and changes the phrasing from a dependency to a conditional action, thus not directly answering the question as expected."
meeting_notes-04,meeting_notes,ORIGINAL,1,Who facilitated the meeting?,Sam,Sam,True,normalized_exact,True,"The model answer correctly identifies 'Sam' as the facilitator of the meeting, matching the expected answer exactly."
meeting_notes-04,meeting_notes,ORIGINAL,2,When is the next formal review?,October 9,October 9,True,normalized_exact,True,The model answer matches the expected answer exactly.
meeting_notes-04,meeting_notes,ORIGINAL,3,Who owns the highest-priority deliverable?,Aisha,Aisha,True,normalized_exact,True,The model answer matches the expected answer exactly.
meeting_notes-04,meeting_notes,ORIGINAL,4,What is the remaining discretionary budget?,"$6,200","$6,200",True,normalized_exact,True,The model answer matches the expected answer exactly.
meeting_notes-04,meeting_notes,ORIGINAL,5,What dependency could change the schedule?,travel bookings wait until contracts are signed,Travel bookings waiting until contracts are signed.,True,fuzzy_0.969,True,"The model answer conveys the same dependency as the expected answer, indicating that travel bookings depend on contracts being signed, despite slight wording differences."
meeting_notes-04,meeting_notes,COMPACT_ENGLISH,1,Who facilitated the meeting?,Sam,Sam,True,normalized_exact,True,"The model answer correctly identifies 'Sam' as the facilitator of the meeting, matching the expected answer exactly."
meeting_notes-04,meeting_notes,COMPACT_ENGLISH,2,When is the next formal review?,October 9,October 9,True,normalized_exact,True,The model answer matches the expected answer exactly.
meeting_notes-04,meeting_notes,COMPACT_ENGLISH,3,Who owns the highest-priority deliverable?,Aisha,Aisha,True,normalized_exact,True,The model answer matches the expected answer exactly.
meeting_notes-04,meeting_notes,COMPACT_ENGLISH,4,What is the remaining discretionary budget?,"$6,200","$6,200",True,normalized_exact,True,The model answer matches the expected answer exactly.
meeting_notes-04,meeting_notes,COMPACT_ENGLISH,5,What dependency could change the schedule?,travel bookings wait until contracts are signed,Delays in travel bookings due to unsigned contracts.,False,fuzzy_0.633,True,"The model answer correctly identifies the dependency that travel bookings are delayed until contracts are signed, which matches the expected answer's meaning."
meeting_notes-04,meeting_notes,TOKEN_OPTIMIZED,1,Who facilitated the meeting?,Sam,Sam,True,normalized_exact,True,"The model answer correctly identifies 'Sam' as the facilitator of the meeting, matching the expected answer exactly."
meeting_notes-04,meeting_notes,TOKEN_OPTIMIZED,2,When is the next formal review?,October 9,Oct 9,False,fuzzy_0.714,True,The model answer 'Oct 9' is a correct and equivalent representation of the expected answer 'October 9'.
meeting_notes-04,meeting_notes,TOKEN_OPTIMIZED,3,Who owns the highest-priority deliverable?,Aisha,Aisha,True,normalized_exact,True,The model answer matches the expected answer exactly.
meeting_notes-04,meeting_notes,TOKEN_OPTIMIZED,4,What is the remaining discretionary budget?,"$6,200","The remaining discretionary budget is less than $6200, but the exact amount is not specified.",False,fuzzy_0.092,False,"The expected answer specifies the remaining discretionary budget as exactly $6,200, while the model answer states it is less than $6,200 and does not provide the exact amount, which contradicts the expected answer."
meeting_notes-04,meeting_notes,TOKEN_OPTIMIZED,5,What dependency could change the schedule?,travel bookings wait until contracts are signed,"Travel bookings are dependent on contracts signed; if there is a delay, the owner flags it in the shared tracker, which could change the schedule.",False,fuzzy_0.423,True,"The model answer correctly identifies that travel bookings depend on contracts being signed and explains that delays can affect the schedule, which aligns with the expected answer."
meeting_notes-05,meeting_notes,ORIGINAL,1,Who facilitated the meeting?,Leo,Leo,True,normalized_exact,True,"The model answer correctly identifies 'Leo' as the facilitator of the meeting, matching the expected answer exactly."
meeting_notes-05,meeting_notes,ORIGINAL,2,When is the next formal review?,January 12,January 12,True,normalized_exact,True,The model answer matches the expected answer exactly.
meeting_notes-05,meeting_notes,ORIGINAL,3,Who owns the highest-priority deliverable?,Rina,Rina,True,normalized_exact,True,The model answer matches the expected answer exactly.
meeting_notes-05,meeting_notes,ORIGINAL,4,What is the remaining discretionary budget?,"$9,500","$9,500",True,normalized_exact,True,The model answer matches the expected answer exactly.
meeting_notes-05,meeting_notes,ORIGINAL,5,What dependency could change the schedule?,pilot analytics must exclude personal identifiers,Pilot analytics must exclude personal identifiers.,True,normalized_exact,True,"The model answer matches the expected answer exactly, with only capitalization differences that do not affect semantic correctness."
meeting_notes-05,meeting_notes,COMPACT_ENGLISH,1,Who facilitated the meeting?,Leo,Leo,True,normalized_exact,True,"The model answer correctly identifies 'Leo' as the facilitator of the meeting, matching the expected answer exactly."
meeting_notes-05,meeting_notes,COMPACT_ENGLISH,2,When is the next formal review?,January 12,January 12,True,normalized_exact,True,The model answer matches the expected answer exactly.
meeting_notes-05,meeting_notes,COMPACT_ENGLISH,3,Who owns the highest-priority deliverable?,Rina,Rina,True,normalized_exact,True,The model answer matches the expected answer exactly.
meeting_notes-05,meeting_notes,COMPACT_ENGLISH,4,What is the remaining discretionary budget?,"$9,500","$9,500",True,normalized_exact,True,The model answer matches the expected answer exactly.
meeting_notes-05,meeting_notes,COMPACT_ENGLISH,5,What dependency could change the schedule?,pilot analytics must exclude personal identifiers,Pilot analytics must exclude personal identifiers.,True,normalized_exact,True,"The model answer matches the expected answer exactly, with only capitalization differences that do not affect semantic correctness."
meeting_notes-05,meeting_notes,TOKEN_OPTIMIZED,1,Who facilitated the meeting?,Leo,Leo,True,normalized_exact,True,"The model answer correctly identifies 'Leo' as the facilitator of the meeting, matching the expected answer exactly."
meeting_notes-05,meeting_notes,TOKEN_OPTIMIZED,2,When is the next formal review?,January 12,Jan 12,False,fuzzy_0.750,True,"The model answer provides the same date as the expected answer, using an acceptable abbreviation for January."
meeting_notes-05,meeting_notes,TOKEN_OPTIMIZED,3,Who owns the highest-priority deliverable?,Rina,Rina,True,normalized_exact,True,The model answer matches the expected answer exactly.
meeting_notes-05,meeting_notes,TOKEN_OPTIMIZED,4,What is the remaining discretionary budget?,"$9,500","$9,500",True,normalized_exact,True,The model answer matches the expected answer exactly.
meeting_notes-05,meeting_notes,TOKEN_OPTIMIZED,5,What dependency could change the schedule?,pilot analytics must exclude personal identifiers,"The dependency that could change the schedule is the pilot analytics excluding personal IDs; if delayed, the owner must flag it in the shared tracker.",False,fuzzy_0.443,True,"The model answer correctly identifies that pilot analytics must exclude personal identifiers, which matches the expected answer, and adds relevant context without contradicting the requirement."
policies_handbooks-01,policies_handbooks,ORIGINAL,1,Who is eligible under the policy?,staff and registered students,Staff and registered students with all required records current.,True,normalized_containment,True,"The model answer includes the expected groups (staff and registered students) and adds a reasonable condition about required records being current, which does not contradict the expected answer."
policies_handbooks-01,policies_handbooks,ORIGINAL,2,What is the standard limit?,14 days,14 days,True,normalized_exact,True,The model answer matches the expected answer exactly.
policies_handbooks-01,policies_handbooks,ORIGINAL,3,What is the ordinary requirement?,one 7-day renewal,One 7-day renewal.,True,normalized_exact,True,"The model answer matches the expected answer exactly, differing only in capitalization which does not affect semantic correctness."
policies_handbooks-01,policies_handbooks,ORIGINAL,4,What consequence follows a missed deadline?,$15 per day,A consequence of $15 per day follows a missed deadline.,True,normalized_containment,True,"The model answer correctly states the consequence of a missed deadline as $15 per day, matching the expected answer with equivalent wording."
policies_handbooks-01,policies_handbooks,ORIGINAL,5,Under what condition is the exception for medical equipment permitted?,written department approval,The exception for medical equipment is permitted only with written department approval.,True,normalized_containment,True,"The model answer correctly states that the exception for medical equipment is permitted only with written department approval, which matches the expected answer."
policies_handbooks-01,policies_handbooks,COMPACT_ENGLISH,1,Who is eligible under the policy?,staff and registered students,Staff and registered students with current records.,True,normalized_containment,True,"The model answer includes the expected groups 'staff and registered students' and adds 'with current records,' which is a harmless extra detail that does not contradict the expected answer."
policies_handbooks-01,policies_handbooks,COMPACT_ENGLISH,2,What is the standard limit?,14 days,14 days,True,normalized_exact,True,The model answer matches the expected answer exactly.
policies_handbooks-01,policies_handbooks,COMPACT_ENGLISH,3,What is the ordinary requirement?,one 7-day renewal,"The ordinary requirement is that equipment lending is available only to staff and registered students with current records, with a standard lending limit of 14 days.",False,fuzzy_0.092,False,"The model answer describes equipment lending policies and a 14-day lending limit, which does not match the expected answer of 'one 7-day renewal' for the ordinary requirement."
policies_handbooks-01,policies_handbooks,COMPACT_ENGLISH,4,What consequence follows a missed deadline?,$15 per day,A $15 per day penalty is incurred.,True,normalized_containment,True,"The model answer correctly states the consequence as a $15 per day penalty, which is semantically equivalent to the expected answer '$15 per day'."
policies_handbooks-01,policies_handbooks,COMPACT_ENGLISH,5,Under what condition is the exception for medical equipment permitted?,written department approval,When there is written department approval.,True,normalized_containment,True,"The model answer correctly states that the exception for medical equipment is permitted when there is written department approval, matching the expected answer's requirement."
policies_handbooks-01,policies_handbooks,TOKEN_OPTIMIZED,1,Who is eligible under the policy?,staff and registered students,Staff and registered students with current records are eligible under the policy.,True,normalized_containment,True,"The model answer correctly identifies 'staff and registered students' as eligible, adding 'with current records' which is a harmless extra detail."
policies_handbooks-01,policies_handbooks,TOKEN_OPTIMIZED,2,What is the standard limit?,14 days,14 days,True,normalized_exact,True,The model answer matches the expected answer exactly.
policies_handbooks-01,policies_handbooks,TOKEN_OPTIMIZED,3,What is the ordinary requirement?,one 7-day renewal,The ordinary requirement is a 14-day standard lending limit with one renewal of 7 days ordinarily.,False,fuzzy_0.296,False,"The expected answer specifies 'one 7-day renewal' as the ordinary requirement, but the model answer adds an incorrect detail about a '14-day standard lending limit' which is not mentioned in the expected answer, making it not semantically equivalent."
policies_handbooks-01,policies_handbooks,TOKEN_OPTIMIZED,4,What consequence follows a missed deadline?,$15 per day,"A $15 per day penalty applies for missed return, response, or report deadlines.",True,normalized_containment,True,"The model answer correctly states the $15 per day penalty for missed deadlines and adds relevant context about the types of deadlines, which is acceptable."
policies_handbooks-01,policies_handbooks,TOKEN_OPTIMIZED,5,Under what condition is the exception for medical equipment permitted?,written department approval,Medical equipment requires written department approval.,True,normalized_containment,True,"The model answer correctly states that medical equipment requires written department approval, which matches the expected answer's condition for the exception."
policies_handbooks-02,policies_handbooks,ORIGINAL,1,Who is eligible under the policy?,full-time employees,Full-time employees with all required records current.,True,normalized_containment,True,"The model answer specifies 'full-time employees' and adds a condition about required records being current, which does not contradict the expected answer and can be considered additional harmless detail."
policies_handbooks-02,policies_handbooks,ORIGINAL,2,What is the standard limit?,three days per week,Three days per week.,True,normalized_exact,True,"The model answer matches the expected answer exactly, differing only in capitalization and punctuation, which is acceptable."
policies_handbooks-02,policies_handbooks,ORIGINAL,3,What is the ordinary requirement?,manager approval,Manager approval.,True,normalized_exact,True,"The model answer matches the expected answer exactly, differing only in capitalization which does not affect correctness."
policies_handbooks-02,policies_handbooks,ORIGINAL,4,What consequence follows a missed deadline?,within 24 hours,The consequence is a requirement to respond or return within 24 hours.,True,normalized_containment,True,"The model answer correctly specifies the consequence as needing to respond or return within 24 hours, which aligns with the expected answer's timeframe."
policies_handbooks-02,policies_handbooks,ORIGINAL,5,Under what condition is the exception for positions requiring daily laboratory access permitted?,a documented accommodation,The exception for positions requiring daily laboratory access is permitted only with a documented accommodation.,True,normalized_containment,True,"The model answer correctly states that the exception is permitted only with a documented accommodation, matching the expected answer's requirement."
policies_handbooks-02,policies_handbooks,COMPACT_ENGLISH,1,Who is eligible under the policy?,full-time employees,"Full-time employees with current required records, excluding roles needing daily lab access unless documented accommodation exists.",True,normalized_containment,False,"The model answer adds conditions about required records and exclusions for certain roles, which are not mentioned in the expected answer, making it more restrictive and not semantically equivalent."
policies_handbooks-02,policies_handbooks,COMPACT_ENGLISH,2,What is the standard limit?,three days per week,3 remote days per week,False,fuzzy_0.829,True,"The model answer specifies '3 remote days per week,' which aligns with the expected answer 'three days per week' in meaning, with only a difference in wording and added detail."
policies_handbooks-02,policies_handbooks,COMPACT_ENGLISH,3,What is the ordinary requirement?,manager approval,Full-time employees with current required records may work remotely up to 3 days per week with manager approval.,True,normalized_containment,False,"The model answer provides additional context and conditions beyond the expected answer, but it does not directly state the ordinary requirement as simply 'manager approval.' The expected answer is concise and specific, while the model answer includes extra details that are not requested."
policies_handbooks-02,policies_handbooks,COMPACT_ENGLISH,4,What consequence follows a missed deadline?,within 24 hours,A consequence is triggered within 24 hours.,True,normalized_containment,True,"The model answer correctly states that a consequence is triggered within 24 hours, which aligns with the expected answer 'within 24 hours'."
policies_handbooks-02,policies_handbooks,COMPACT_ENGLISH,5,Under what condition is the exception for positions requiring daily laboratory access permitted?,a documented accommodation,When a documented accommodation exists.,True,normalized_containment,True,"The model answer correctly states that the exception is permitted when a documented accommodation exists, which is semantically equivalent to 'a documented accommodation'."
policies_handbooks-02,policies_handbooks,TOKEN_OPTIMIZED,1,Who is eligible under the policy?,full-time employees,"Full-time employees with current required records, excluding positions requiring daily lab access unless there is a documented accommodation.",True,normalized_containment,False,"The model answer adds conditions about required records and exclusions for certain positions, which are not mentioned in the expected answer, making it more restrictive and not semantically equivalent."
policies_handbooks-02,policies_handbooks,TOKEN_OPTIMIZED,2,What is the standard limit?,three days per week,3 days per week,False,fuzzy_0.824,True,"The model answer correctly states the standard limit as '3 days per week,' which is equivalent to 'three days per week' in the expected answer."
policies_handbooks-02,policies_handbooks,TOKEN_OPTIMIZED,3,What is the ordinary requirement?,manager approval,Full-time employees with current required records may work remotely up to 3 days per week with manager approval.,True,normalized_containment,False,"The model answer provides additional context and conditions beyond the expected answer, but it does not directly state the ordinary requirement as simply 'manager approval.' The expected answer is concise and specific, while the model answer includes extra details that are not requested."
policies_handbooks-02,policies_handbooks,TOKEN_OPTIMIZED,4,What consequence follows a missed deadline?,within 24 hours,Consequence within 24 hours.,True,normalized_containment,True,"The model answer correctly indicates the consequence occurs within 24 hours, matching the expected answer's key information."
policies_handbooks-02,policies_handbooks,TOKEN_OPTIMIZED,5,Under what condition is the exception for positions requiring daily laboratory access permitted?,a documented accommodation,When there is a documented accommodation.,True,normalized_containment,True,"The model answer correctly states the condition as 'a documented accommodation,' matching the expected answer with equivalent wording."
policies_handbooks-03,policies_handbooks,ORIGINAL,1,Who is eligible under the policy?,sponsored visitors,Sponsored visitors with all required records current.,True,normalized_containment,True,"The model answer correctly identifies 'sponsored visitors' as eligible, adding a reasonable condition about required records being current, which does not contradict the expected answer."
policies_handbooks-03,policies_handbooks,ORIGINAL,2,What is the standard limit?,08:00–18:00,08:00–18:00,True,normalized_exact,True,The model answer exactly matches the expected answer.
policies_handbooks-03,policies_handbooks,ORIGINAL,3,What is the ordinary requirement?,an active temporary badge,An active temporary badge.,True,normalized_exact,True,"The model answer matches the expected answer exactly, with only capitalization differences that do not affect semantic correctness."
policies_handbooks-03,policies_handbooks,ORIGINAL,4,What consequence follows a missed deadline?,30 minutes,A consequence of 30 minutes follows a missed deadline.,True,normalized_containment,True,"The model answer correctly states that the consequence is 30 minutes, matching the expected answer, despite the slightly awkward phrasing."
policies_handbooks-03,policies_handbooks,ORIGINAL,5,Under what condition is the exception for restricted archives permitted?,escort by an authorized archivist,The exception for restricted archives is permitted only with escort by an authorized archivist.,True,normalized_containment,True,"The model answer correctly states the condition for the exception as being escorted by an authorized archivist, which matches the expected answer."
policies_handbooks-03,policies_handbooks,COMPACT_ENGLISH,1,Who is eligible under the policy?,sponsored visitors,Sponsored visitors with current records.,True,normalized_containment,True,"The model answer specifies 'sponsored visitors' and adds 'with current records,' which is a harmless extra detail and does not contradict the expected answer."
policies_handbooks-03,policies_handbooks,COMPACT_ENGLISH,2,What is the standard limit?,08:00–18:00,Standard access hours are 08:00–18:00.,True,normalized_containment,True,"The model answer correctly states the standard limit as 08:00–18:00, matching the expected answer, with acceptable additional context."
policies_handbooks-03,policies_handbooks,COMPACT_ENGLISH,3,What is the ordinary requirement?,an active temporary badge,Visitor access during standard hours (08:00–18:00) with an active temporary badge and current sponsorship records.,True,normalized_containment,False,"The model answer includes additional details about visitor access hours and sponsorship records, which are not part of the expected answer. The expected answer only requires 'an active temporary badge'."
policies_handbooks-03,policies_handbooks,COMPACT_ENGLISH,4,What consequence follows a missed deadline?,30 minutes,A 30-minute penalty.,False,fuzzy_0.667,True,"The model answer correctly specifies the consequence as a 30-minute penalty, which aligns with the expected answer of '30 minutes'."
policies_handbooks-03,policies_handbooks,COMPACT_ENGLISH,5,Under what condition is the exception for restricted archives permitted?,escort by an authorized archivist,When escorted by an authorized archivist.,True,fuzzy_0.896,True,"The model answer correctly states the condition for the exception as being escorted by an authorized archivist, which matches the expected answer's meaning."
policies_handbooks-03,policies_handbooks,TOKEN_OPTIMIZED,1,Who is eligible under the policy?,sponsored visitors,Sponsored visitors with current required records.,True,normalized_containment,True,"The model answer correctly identifies 'sponsored visitors' as eligible, adding that they must have current required records, which is a harmless extra detail."
policies_handbooks-03,policies_handbooks,TOKEN_OPTIMIZED,2,What is the standard limit?,08:00–18:00,08:00–18:00,True,normalized_exact,True,The model answer exactly matches the expected answer.
policies_handbooks-03,policies_handbooks,TOKEN_OPTIMIZED,3,What is the ordinary requirement?,an active temporary badge,Sponsored visitors with current required records must have an active temporary badge during standard hours (08:00–18:00).,True,normalized_containment,False,"The model answer provides additional context and conditions not present in the expected answer, and does not directly define 'the ordinary requirement' as simply 'an active temporary badge.'"
policies_handbooks-03,policies_handbooks,TOKEN_OPTIMIZED,4,What consequence follows a missed deadline?,30 minutes,30-minute consequence,False,fuzzy_0.645,False,The model answer '30-minute consequence' is unclear and does not directly state the consequence as '30 minutes' as expected. It introduces ambiguity by using '30-minute' as an adjective without specifying what happens after the missed deadline.
policies_handbooks-03,policies_handbooks,TOKEN_OPTIMIZED,5,Under what condition is the exception for restricted archives permitted?,escort by an authorized archivist,Access only with authorized archivist escort.,False,fuzzy_0.676,True,"The model answer correctly states that access is permitted only with an authorized archivist escort, which matches the expected answer's condition for the exception."
policies_handbooks-04,policies_handbooks,ORIGINAL,1,Who is eligible under the policy?,employees past probation,Employees past probation with all required records current.,True,normalized_containment,True,"The model answer includes the expected eligibility criteria and adds a harmless extra detail about required records, which does not contradict the expected answer."
policies_handbooks-04,policies_handbooks,ORIGINAL,2,What is the standard limit?,"$1,200 per year","$1,200 per year",True,normalized_exact,True,The model answer exactly matches the expected answer.
policies_handbooks-04,policies_handbooks,ORIGINAL,3,What is the ordinary requirement?,preapproval from a supervisor,Preapproval from a supervisor with recorded approval.,True,normalized_containment,True,"The model answer includes the expected requirement of preapproval from a supervisor and adds that the approval is recorded, which is a harmless extra detail."
policies_handbooks-04,policies_handbooks,ORIGINAL,4,What consequence follows a missed deadline?,60 days,A consequence of 60 days follows a missed deadline.,True,normalized_containment,False,"The model answer is awkwardly phrased and does not clearly state that the consequence is a 60-day period or penalty; it merely repeats '60 days' without context, failing to convey the expected meaning."
policies_handbooks-04,policies_handbooks,ORIGINAL,5,Under what condition is the exception for recreational courses permitted?,direct job relevance documented by the director,The exception for recreational courses is permitted only with direct job relevance documented by the director.,True,normalized_containment,True,"The model answer correctly states the condition for the exception, including the key elements of direct job relevance and documentation by the director, matching the expected answer."
policies_handbooks-04,policies_handbooks,COMPACT_ENGLISH,1,Who is eligible under the policy?,employees past probation,Employees past probation with current records.,True,normalized_containment,True,"The model answer includes the key eligibility criterion 'employees past probation' and adds 'with current records,' which is a harmless extra detail that does not contradict the expected answer."
policies_handbooks-04,policies_handbooks,COMPACT_ENGLISH,2,What is the standard limit?,"$1,200 per year","$1,200 per year",True,normalized_exact,True,The model answer exactly matches the expected answer.
policies_handbooks-04,policies_handbooks,COMPACT_ENGLISH,3,What is the ordinary requirement?,preapproval from a supervisor,"Employees past probation with current records, supervisor preapproval, and reimbursement limit of $1,200/year.",False,fuzzy_0.211,False,"The model answer includes additional details about employee status and reimbursement limits that are not part of the expected answer, and it does not clearly state 'preapproval from a supervisor' as the ordinary requirement."
policies_handbooks-04,policies_handbooks,COMPACT_ENGLISH,4,What consequence follows a missed deadline?,60 days,A 60-day consequence is triggered.,False,fuzzy_0.368,True,"The model answer correctly identifies the consequence as '60 days,' which matches the expected answer, though it adds a harmless extra detail."
policies_handbooks-04,policies_handbooks,COMPACT_ENGLISH,5,Under what condition is the exception for recreational courses permitted?,direct job relevance documented by the director,When the recreational course is job-relevant and documented by the director.,False,fuzzy_0.709,True,"The model answer correctly states that the exception for recreational courses is permitted when the course is job-relevant and documented by the director, which matches the expected answer's condition of direct job relevance documented by the director."
policies_handbooks-04,policies_handbooks,TOKEN_OPTIMIZED,1,Who is eligible under the policy?,employees past probation,Employees who have passed probation and have current required records.,False,fuzzy_0.495,True,"The model answer correctly identifies employees past probation as eligible and adds that they must have current required records, which is a harmless extra detail."
policies_handbooks-04,policies_handbooks,TOKEN_OPTIMIZED,2,What is the standard limit?,"$1,200 per year",$1200/year,False,fuzzy_0.783,True,"The model answer correctly states the standard limit as $1200 per year, which is equivalent to the expected answer of $1,200 per year."
policies_handbooks-04,policies_handbooks,TOKEN_OPTIMIZED,3,What is the ordinary requirement?,preapproval from a supervisor,Employee must have passed probation and have current required records.,False,fuzzy_0.333,False,"The model answer does not mention 'preapproval from a supervisor,' which is the key element of the expected answer. Instead, it talks about passing probation and having required records, which are not equivalent to the ordinary requirement stated."
policies_handbooks-04,policies_handbooks,TOKEN_OPTIMIZED,4,What consequence follows a missed deadline?,60 days,60 days consequence,True,normalized_containment,True,"The model answer correctly identifies '60 days' as the consequence timeframe, which matches the expected answer. The extra wording 'consequence' does not change the meaning."
policies_handbooks-04,policies_handbooks,TOKEN_OPTIMIZED,5,Under what condition is the exception for recreational courses permitted?,direct job relevance documented by the director,When the course is job relevant and documented by the director.,False,fuzzy_0.742,True,"The model answer correctly states that the exception is permitted when the course is job relevant and documented by the director, which matches the expected answer's condition of direct job relevance documented by the director."
policies_handbooks-05,policies_handbooks,ORIGINAL,1,Who is eligible under the policy?,project teams,Project teams with all required records current.,True,normalized_containment,True,"The model answer specifies 'project teams' and adds a condition about records being current, which does not contradict the expected answer and can be considered additional harmless detail."
policies_handbooks-05,policies_handbooks,ORIGINAL,2,What is the standard limit?,three years,Three years.,True,normalized_exact,True,"The model answer matches the expected answer in meaning and format, with only a difference in capitalization which is acceptable."
policies_handbooks-05,policies_handbooks,ORIGINAL,3,What is the ordinary requirement?,encrypted institutional storage,Encrypted institutional storage.,True,normalized_exact,True,"The model answer matches the expected answer exactly, with only a difference in capitalization which does not affect semantic correctness."
policies_handbooks-05,policies_handbooks,ORIGINAL,4,What consequence follows a missed deadline?,72 hours,A consequence of 72 hours follows a missed deadline.,True,normalized_containment,False,"The model answer is semantically incorrect because '72 hours' is a duration, not a consequence. The expected answer implies a time frame related to the consequence, but the model answer incorrectly states 'A consequence of 72 hours,' which is unclear and does not directly answer the question about the consequence itself."
policies_handbooks-05,policies_handbooks,ORIGINAL,5,Under what condition is the exception for legal-hold records permitted?,written release from counsel,Only with written release from counsel.,True,normalized_containment,True,"The model answer correctly states the condition as 'written release from counsel,' matching the expected answer, with equivalent wording and no contradictions."
policies_handbooks-05,policies_handbooks,COMPACT_ENGLISH,1,Who is eligible under the policy?,project teams,Project teams with all required records current.,True,normalized_containment,True,"The model answer specifies 'project teams' and adds a condition about records being current, which does not contradict the expected answer and can be considered additional harmless detail."
policies_handbooks-05,policies_handbooks,COMPACT_ENGLISH,2,What is the standard limit?,three years,3 years,False,fuzzy_0.667,True,The model answer '3 years' is semantically equivalent to the expected answer 'three years'.
policies_handbooks-05,policies_handbooks,COMPACT_ENGLISH,3,What is the ordinary requirement?,encrypted institutional storage,"The ordinary requirement is that all required records must be current for the policy to apply to project teams, with a standard retention limit of 3 years.",False,fuzzy_0.184,False,"The model answer describes a requirement about record currency and retention limits, which does not match the expected answer 'encrypted institutional storage'."
policies_handbooks-05,policies_handbooks,COMPACT_ENGLISH,4,What consequence follows a missed deadline?,72 hours,A 72-hour consequence is triggered.,False,fuzzy_0.400,True,"The model answer correctly indicates that a 72-hour consequence follows a missed deadline, which aligns with the expected answer."
policies_handbooks-05,policies_handbooks,COMPACT_ENGLISH,5,Under what condition is the exception for legal-hold records permitted?,written release from counsel,The exception for legal-hold records is permitted only with written release from counsel.,True,normalized_containment,True,"The model answer correctly states that the exception for legal-hold records is permitted only with written release from counsel, which matches the expected answer."
policies_handbooks-05,policies_handbooks,TOKEN_OPTIMIZED,1,Who is eligible under the policy?,project teams,Project teams with all required records current are eligible under the policy.,True,normalized_containment,True,"The model answer specifies 'project teams' as eligible, matching the expected answer, and adds a harmless detail about required records being current."
policies_handbooks-05,policies_handbooks,TOKEN_OPTIMIZED,2,What is the standard limit?,three years,3 years,False,fuzzy_0.667,True,The model answer '3 years' is semantically equivalent to the expected answer 'three years'.
policies_handbooks-05,policies_handbooks,TOKEN_OPTIMIZED,3,What is the ordinary requirement?,encrypted institutional storage,The ordinary requirement is a standard retention limit of 3 years.,False,fuzzy_0.267,False,"The model answer defines the ordinary requirement as a standard retention limit of 3 years, which contradicts the expected answer 'encrypted institutional storage'."
policies_handbooks-05,policies_handbooks,TOKEN_OPTIMIZED,4,What consequence follows a missed deadline?,72 hours,A missed deadline triggers a 72-hour consequence.,False,fuzzy_0.308,True,"The model answer correctly states the consequence of a missed deadline as 72 hours, matching the expected answer in meaning."
policies_handbooks-05,policies_handbooks,TOKEN_OPTIMIZED,5,Under what condition is the exception for legal-hold records permitted?,written release from counsel,Legal-hold records require a written release from counsel for an exception.,True,normalized_containment,True,"The model answer correctly states that a written release from counsel is required for an exception to legal-hold records, matching the expected answer's meaning."
schedules_events-01,schedules_events,ORIGINAL,1,On what date does the event take place?,May 11,May 11,True,normalized_exact,True,The model answer matches the expected answer exactly.
schedules_events-01,schedules_events,ORIGINAL,2,Where does registration open?,Room 4-270,Room 4-270,True,normalized_exact,True,The model answer matches the expected answer exactly.
schedules_events-01,schedules_events,ORIGINAL,3,When does the keynote start?,11:40,11:40,True,normalized_exact,True,The model answer matches the expected answer exactly.
schedules_events-01,schedules_events,ORIGINAL,4,Where is the afternoon hands-on session?,Lobby 7,Lobby 7,True,normalized_exact,True,The model answer matches the expected answer exactly.
schedules_events-01,schedules_events,ORIGINAL,5,How frequently does the shuttle run?,every 20 minutes,Every 20 minutes.,True,normalized_exact,True,"The model answer matches the expected answer in meaning and frequency, with only minor differences in capitalization and punctuation."
schedules_events-01,schedules_events,COMPACT_ENGLISH,1,On what date does the event take place?,May 11,May 11,True,normalized_exact,True,The model answer matches the expected answer exactly.
schedules_events-01,schedules_events,COMPACT_ENGLISH,2,Where does registration open?,Room 4-270,Room 4-270,True,normalized_exact,True,The model answer matches the expected answer exactly.
schedules_events-01,schedules_events,COMPACT_ENGLISH,3,When does the keynote start?,11:40,11:40,True,normalized_exact,True,The model answer matches the expected answer exactly.
schedules_events-01,schedules_events,COMPACT_ENGLISH,4,Where is the afternoon hands-on session?,Lobby 7,Lobby 7,True,normalized_exact,True,The model answer matches the expected answer exactly.
schedules_events-01,schedules_events,COMPACT_ENGLISH,5,How frequently does the shuttle run?,every 20 minutes,Every 20 minutes.,True,normalized_exact,True,"The model answer matches the expected answer in meaning and frequency, with only minor differences in capitalization and punctuation."
schedules_events-01,schedules_events,TOKEN_OPTIMIZED,1,On what date does the event take place?,May 11,May 11,True,normalized_exact,True,The model answer matches the expected answer exactly.
schedules_events-01,schedules_events,TOKEN_OPTIMIZED,2,Where does registration open?,Room 4-270,Room4-270,True,fuzzy_0.947,False,"The model answer is missing a space between 'Room' and '4-270', which is required for correct formatting."
schedules_events-01,schedules_events,TOKEN_OPTIMIZED,3,When does the keynote start?,11:40,11:40,True,normalized_exact,True,The model answer matches the expected answer exactly.
schedules_events-01,schedules_events,TOKEN_OPTIMIZED,4,Where is the afternoon hands-on session?,Lobby 7,Lobby7,True,fuzzy_0.923,True,"The model answer correctly identifies the location as 'Lobby 7', with only a minor formatting difference (missing space) that does not affect semantic correctness."
schedules_events-01,schedules_events,TOKEN_OPTIMIZED,5,How frequently does the shuttle run?,every 20 minutes,Every 20 minutes,True,normalized_exact,True,"The model answer matches the expected answer in meaning and frequency, differing only in capitalization which is acceptable."
schedules_events-02,schedules_events,ORIGINAL,1,On what date does the event take place?,June 22,June 22,True,normalized_exact,True,The model answer matches the expected answer exactly.
schedules_events-02,schedules_events,ORIGINAL,2,Where does registration open?,Archive Hall,Archive Hall,True,normalized_exact,True,The model answer matches the expected answer exactly.
schedules_events-02,schedules_events,ORIGINAL,3,When does the keynote start?,12:15,12:15,True,normalized_exact,True,The model answer matches the expected answer exactly.
schedules_events-02,schedules_events,ORIGINAL,4,Where is the afternoon hands-on session?,Gallery B,Gallery B,True,normalized_exact,True,The model answer matches the expected answer exactly.
schedules_events-02,schedules_events,ORIGINAL,5,How frequently does the shuttle run?,every 30 minutes,Every 30 minutes.,True,normalized_exact,True,"The model answer matches the expected answer in meaning and frequency, with only minor differences in capitalization and punctuation."
schedules_events-02,schedules_events,COMPACT_ENGLISH,1,On what date does the event take place?,June 22,June 22,True,normalized_exact,True,The model answer matches the expected answer exactly.
schedules_events-02,schedules_events,COMPACT_ENGLISH,2,Where does registration open?,Archive Hall,Archive Hall,True,normalized_exact,True,The model answer matches the expected answer exactly.
schedules_events-02,schedules_events,COMPACT_ENGLISH,3,When does the keynote start?,12:15,12:15,True,normalized_exact,True,The model answer matches the expected answer exactly.
schedules_events-02,schedules_events,COMPACT_ENGLISH,4,Where is the afternoon hands-on session?,Gallery B,Gallery B,True,normalized_exact,True,The model answer matches the expected answer exactly.
schedules_events-02,schedules_events,COMPACT_ENGLISH,5,How frequently does the shuttle run?,every 30 minutes,Every 30 minutes.,True,normalized_exact,True,"The model answer matches the expected answer in meaning and frequency, with only minor differences in capitalization and punctuation."
schedules_events-02,schedules_events,TOKEN_OPTIMIZED,1,On what date does the event take place?,June 22,June 22,True,normalized_exact,True,The model answer matches the expected answer exactly.
schedules_events-02,schedules_events,TOKEN_OPTIMIZED,2,Where does registration open?,Archive Hall,Archive Hall,True,normalized_exact,True,The model answer matches the expected answer exactly.
schedules_events-02,schedules_events,TOKEN_OPTIMIZED,3,When does the keynote start?,12:15,12:15,True,normalized_exact,True,The model answer matches the expected answer exactly.
schedules_events-02,schedules_events,TOKEN_OPTIMIZED,4,Where is the afternoon hands-on session?,Gallery B,Gallery B,True,normalized_exact,True,The model answer matches the expected answer exactly.
schedules_events-02,schedules_events,TOKEN_OPTIMIZED,5,How frequently does the shuttle run?,every 30 minutes,Every 30 minutes.,True,normalized_exact,True,"The model answer matches the expected answer in meaning and frequency, with only minor differences in capitalization and punctuation."
schedules_events-03,schedules_events,ORIGINAL,1,On what date does the event take place?,July 8,July 8,True,normalized_exact,True,The model answer matches the expected answer exactly.
schedules_events-03,schedules_events,ORIGINAL,2,Where does registration open?,Maker Bay 2,Registration opens in Maker Bay 2.,True,normalized_containment,True,"The model answer correctly states the location of registration as Maker Bay 2, matching the expected answer with equivalent wording."
schedules_events-03,schedules_events,ORIGINAL,3,When does the keynote start?,13:00,13:00,True,normalized_exact,True,The model answer matches the expected answer exactly.
schedules_events-03,schedules_events,ORIGINAL,4,Where is the afternoon hands-on session?,Lab 5,Lab 5,True,normalized_exact,True,The model answer matches the expected answer exactly.
schedules_events-03,schedules_events,ORIGINAL,5,How frequently does the shuttle run?,every 15 minutes,Every 15 minutes.,True,normalized_exact,True,"The model answer matches the expected answer in meaning and frequency, differing only in capitalization and punctuation, which are acceptable."
schedules_events-03,schedules_events,COMPACT_ENGLISH,1,On what date does the event take place?,July 8,July 8,True,normalized_exact,True,The model answer matches the expected answer exactly.
schedules_events-03,schedules_events,COMPACT_ENGLISH,2,Where does registration open?,Maker Bay 2,Maker Bay 2,True,normalized_exact,True,The model answer exactly matches the expected answer.
schedules_events-03,schedules_events,COMPACT_ENGLISH,3,When does the keynote start?,13:00,13:00,True,normalized_exact,True,The model answer matches the expected answer exactly.
schedules_events-03,schedules_events,COMPACT_ENGLISH,4,Where is the afternoon hands-on session?,Lab 5,Lab 5,True,normalized_exact,True,The model answer matches the expected answer exactly.
schedules_events-03,schedules_events,COMPACT_ENGLISH,5,How frequently does the shuttle run?,every 15 minutes,Every 15 minutes.,True,normalized_exact,True,"The model answer matches the expected answer in meaning and frequency, differing only in capitalization and punctuation, which are acceptable."
schedules_events-03,schedules_events,TOKEN_OPTIMIZED,1,On what date does the event take place?,July 8,July 8,True,normalized_exact,True,The model answer matches the expected answer exactly.
schedules_events-03,schedules_events,TOKEN_OPTIMIZED,2,Where does registration open?,Maker Bay 2,MakerBay2,True,fuzzy_0.900,True,The model answer 'MakerBay2' is semantically equivalent to 'Maker Bay 2' with only minor formatting differences.
schedules_events-03,schedules_events,TOKEN_OPTIMIZED,3,When does the keynote start?,13:00,13:00,True,normalized_exact,True,The model answer matches the expected answer exactly.
schedules_events-03,schedules_events,TOKEN_OPTIMIZED,4,Where is the afternoon hands-on session?,Lab 5,Lab5,True,fuzzy_0.889,True,The model answer 'Lab5' is semantically equivalent to 'Lab 5' with only a minor formatting difference that does not change the meaning.
schedules_events-03,schedules_events,TOKEN_OPTIMIZED,5,How frequently does the shuttle run?,every 15 minutes,Every 15 minutes,True,normalized_exact,True,"The model answer matches the expected answer in meaning and frequency, differing only in capitalization which is acceptable."
schedules_events-04,schedules_events,ORIGINAL,1,On what date does the event take place?,September 16,September 16,True,normalized_exact,True,The model answer matches the expected answer exactly.
schedules_events-04,schedules_events,ORIGINAL,2,Where does registration open?,Earth Sciences 102,Earth Sciences 102,True,normalized_exact,True,The model answer exactly matches the expected answer.
schedules_events-04,schedules_events,ORIGINAL,3,When does the keynote start?,11:15,11:15,True,normalized_exact,True,The model answer matches the expected answer exactly.
schedules_events-04,schedules_events,ORIGINAL,4,Where is the afternoon hands-on session?,Map Room,Map Room,True,normalized_exact,True,The model answer matches the expected answer exactly.
schedules_events-04,schedules_events,ORIGINAL,5,How frequently does the shuttle run?,every 25 minutes,Every 25 minutes.,True,normalized_exact,True,"The model answer correctly states the frequency as every 25 minutes, matching the expected answer exactly."
schedules_events-04,schedules_events,COMPACT_ENGLISH,1,On what date does the event take place?,September 16,September 16,True,normalized_exact,True,The model answer matches the expected answer exactly.
schedules_events-04,schedules_events,COMPACT_ENGLISH,2,Where does registration open?,Earth Sciences 102,Earth Sciences 102,True,normalized_exact,True,The model answer exactly matches the expected answer.
schedules_events-04,schedules_events,COMPACT_ENGLISH,3,When does the keynote start?,11:15,11:15,True,normalized_exact,True,The model answer matches the expected answer exactly.
schedules_events-04,schedules_events,COMPACT_ENGLISH,4,Where is the afternoon hands-on session?,Map Room,Map Room,True,normalized_exact,True,The model answer matches the expected answer exactly.
schedules_events-04,schedules_events,COMPACT_ENGLISH,5,How frequently does the shuttle run?,every 25 minutes,Every 25 minutes.,True,normalized_exact,True,"The model answer correctly states the frequency as every 25 minutes, matching the expected answer exactly."
schedules_events-04,schedules_events,TOKEN_OPTIMIZED,1,On what date does the event take place?,September 16,Sept16,False,fuzzy_0.667,True,The model answer 'Sept16' correctly conveys the date 'September 16' despite the lack of space and abbreviation.
schedules_events-04,schedules_events,TOKEN_OPTIMIZED,2,Where does registration open?,Earth Sciences 102,ES102,False,fuzzy_0.435,True,"The model answer 'ES102' is an abbreviation of 'Earth Sciences 102', which is the expected answer. Both refer to the same location for registration."
schedules_events-04,schedules_events,TOKEN_OPTIMIZED,3,When does the keynote start?,11:15,11:15,True,normalized_exact,True,The model answer matches the expected answer exactly.
schedules_events-04,schedules_events,TOKEN_OPTIMIZED,4,Where is the afternoon hands-on session?,Map Room,MapRoom,True,fuzzy_0.933,True,The model answer 'MapRoom' is semantically correct and refers to the same location as 'Map Room' with only a minor spacing difference.
schedules_events-04,schedules_events,TOKEN_OPTIMIZED,5,How frequently does the shuttle run?,every 25 minutes,Every 25 minutes,True,normalized_exact,True,"The model answer matches the expected answer in meaning and frequency, differing only in capitalization which is acceptable."
schedules_events-05,schedules_events,ORIGINAL,1,On what date does the event take place?,November 4,November 4,True,normalized_exact,True,The model answer matches the expected answer exactly.
schedules_events-05,schedules_events,ORIGINAL,2,Where does registration open?,Library Theater,Library Theater,True,normalized_exact,True,"The model answer exactly matches the expected answer, providing the correct location for registration."
schedules_events-05,schedules_events,ORIGINAL,3,When does the keynote start?,12:45,12:45,True,normalized_exact,True,The model answer matches the expected answer exactly.
schedules_events-05,schedules_events,ORIGINAL,4,Where is the afternoon hands-on session?,Studio C,Studio C,True,normalized_exact,True,The model answer matches the expected answer exactly.
schedules_events-05,schedules_events,ORIGINAL,5,How frequently does the shuttle run?,every 40 minutes,Every 40 minutes,True,normalized_exact,True,"The model answer matches the expected answer in meaning and frequency, differing only in capitalization which is acceptable."
schedules_events-05,schedules_events,COMPACT_ENGLISH,1,On what date does the event take place?,November 4,November 4,True,normalized_exact,True,The model answer matches the expected answer exactly.
schedules_events-05,schedules_events,COMPACT_ENGLISH,2,Where does registration open?,Library Theater,Library Theater,True,normalized_exact,True,"The model answer exactly matches the expected answer, providing the correct location for registration."
schedules_events-05,schedules_events,COMPACT_ENGLISH,3,When does the keynote start?,12:45,12:45,True,normalized_exact,True,The model answer matches the expected answer exactly.
schedules_events-05,schedules_events,COMPACT_ENGLISH,4,Where is the afternoon hands-on session?,Studio C,Studio C,True,normalized_exact,True,The model answer matches the expected answer exactly.
schedules_events-05,schedules_events,COMPACT_ENGLISH,5,How frequently does the shuttle run?,every 40 minutes,Every 40 minutes.,True,normalized_exact,True,"The model answer matches the expected answer in meaning and frequency, differing only in capitalization and punctuation, which are acceptable."
schedules_events-05,schedules_events,TOKEN_OPTIMIZED,1,On what date does the event take place?,November 4,Nov 4,False,fuzzy_0.667,True,The model answer 'Nov 4' is a correct and equivalent abbreviation of 'November 4'.
schedules_events-05,schedules_events,TOKEN_OPTIMIZED,2,Where does registration open?,Library Theater,Library Theater,True,normalized_exact,True,"The model answer exactly matches the expected answer, providing the correct location for registration."
schedules_events-05,schedules_events,TOKEN_OPTIMIZED,3,When does the keynote start?,12:45,12:45,True,normalized_exact,True,The model answer matches the expected answer exactly.
schedules_events-05,schedules_events,TOKEN_OPTIMIZED,4,Where is the afternoon hands-on session?,Studio C,StudioC,True,fuzzy_0.933,True,"The model answer 'StudioC' is semantically correct and matches the expected answer 'Studio C' with only a minor spacing difference, which does not affect the meaning."
schedules_events-05,schedules_events,TOKEN_OPTIMIZED,5,How frequently does the shuttle run?,every 40 minutes,Every 40 minutes.,True,normalized_exact,True,"The model answer matches the expected answer in meaning and frequency, differing only in capitalization and punctuation, which are acceptable."
technical_documentation-01,technical_documentation,ORIGINAL,1,Which protocol does the service use?,HTTPS on port 443,HTTPS,True,normalized_containment,False,The model answer mentions HTTPS but omits the required detail about port 443 specified in the expected answer.
technical_documentation-01,technical_documentation,ORIGINAL,2,Which header carries the credential?,X-Orchid-Key,X-Orchid-Key,True,normalized_exact,True,"The model answer matches the expected answer exactly, correctly identifying the header that carries the credential."
technical_documentation-01,technical_documentation,ORIGINAL,3,What is the default service limit?,120 requests per minute,120 requests per minute per project,True,normalized_containment,True,"The model answer specifies 'per project,' which is a harmless extra detail and does not contradict the expected answer of '120 requests per minute.'"
technical_documentation-01,technical_documentation,ORIGINAL,4,Which error indicates the limit was exceeded?,429,Error 429 indicates the limit was exceeded.,True,normalized_containment,True,"The model answer correctly identifies error 429 as indicating the limit was exceeded, matching the expected answer."
technical_documentation-01,technical_documentation,ORIGINAL,5,How long are completed operational records retained?,24 hours,24 hours,True,normalized_exact,True,The model answer matches the expected answer exactly.
technical_documentation-01,technical_documentation,COMPACT_ENGLISH,1,Which protocol does the service use?,HTTPS on port 443,HTTPS,True,normalized_containment,False,The model answer mentions HTTPS but omits the required detail about port 443 specified in the expected answer.
technical_documentation-01,technical_documentation,COMPACT_ENGLISH,2,Which header carries the credential?,X-Orchid-Key,X-Orchid-Key,True,normalized_exact,True,"The model answer matches the expected answer exactly, correctly identifying the header that carries the credential."
technical_documentation-01,technical_documentation,COMPACT_ENGLISH,3,What is the default service limit?,120 requests per minute,120 requests per minute per project,True,normalized_containment,True,"The model answer specifies 'per project,' which is a harmless extra detail and does not contradict the expected answer of '120 requests per minute.'"
technical_documentation-01,technical_documentation,COMPACT_ENGLISH,4,Which error indicates the limit was exceeded?,429,Error 429 indicates the limit was exceeded.,True,normalized_containment,True,"The model answer correctly identifies error 429 as indicating the limit was exceeded, matching the expected answer."
technical_documentation-01,technical_documentation,COMPACT_ENGLISH,5,How long are completed operational records retained?,24 hours,24 hours,True,normalized_exact,True,The model answer matches the expected answer exactly.
technical_documentation-01,technical_documentation,TOKEN_OPTIMIZED,1,Which protocol does the service use?,HTTPS on port 443,HTTPS,True,normalized_containment,False,The model answer mentions HTTPS but omits the required detail about port 443 specified in the expected answer.
technical_documentation-01,technical_documentation,TOKEN_OPTIMIZED,2,Which header carries the credential?,X-Orchid-Key,X-Orchid-Key,True,normalized_exact,True,"The model answer matches the expected answer exactly, correctly identifying the header that carries the credential."
technical_documentation-01,technical_documentation,TOKEN_OPTIMIZED,3,What is the default service limit?,120 requests per minute,120 requests per minute per project,True,normalized_containment,True,"The model answer specifies 'per project,' which is a harmless extra detail and does not contradict the expected answer of '120 requests per minute.'"
technical_documentation-01,technical_documentation,TOKEN_OPTIMIZED,4,Which error indicates the limit was exceeded?,429,HTTP429,True,normalized_containment,True,"The model answer correctly identifies the error code 429, which indicates that the limit was exceeded. The prefix 'HTTP' is acceptable as it clarifies the context."
technical_documentation-01,technical_documentation,TOKEN_OPTIMIZED,5,How long are completed operational records retained?,24 hours,24 hours,True,normalized_exact,True,The model answer matches the expected answer exactly.
technical_documentation-02,technical_documentation,ORIGINAL,1,Which protocol does the service use?,Bluetooth Low Energy,Bluetooth Low Energy,True,normalized_exact,True,The model answer exactly matches the expected answer.
technical_documentation-02,technical_documentation,ORIGINAL,2,Which header carries the credential?,Beacon-Token,Beacon-Token,True,normalized_exact,True,The model answer matches the expected answer exactly.
technical_documentation-02,technical_documentation,ORIGINAL,3,What is the default service limit?,10 readings per second,10 readings per second per project,True,normalized_containment,True,"The model answer specifies 'per project,' which is a harmless extra detail and does not contradict the expected answer."
technical_documentation-02,technical_documentation,ORIGINAL,4,Which error indicates the limit was exceeded?,E17,E17,True,normalized_exact,True,The model answer matches the expected answer exactly.
technical_documentation-02,technical_documentation,ORIGINAL,5,How long are completed operational records retained?,30 days,30 days,True,normalized_exact,True,The model answer matches the expected answer exactly.
technical_documentation-02,technical_documentation,COMPACT_ENGLISH,1,Which protocol does the service use?,Bluetooth Low Energy,Bluetooth Low Energy,True,normalized_exact,True,The model answer exactly matches the expected answer.
technical_documentation-02,technical_documentation,COMPACT_ENGLISH,2,Which header carries the credential?,Beacon-Token,Beacon-Token,True,normalized_exact,True,The model answer matches the expected answer exactly.
technical_documentation-02,technical_documentation,COMPACT_ENGLISH,3,What is the default service limit?,10 readings per second,10 readings per second per project,True,normalized_containment,True,"The model answer specifies 'per project,' which is a harmless extra detail and does not contradict the expected answer."
technical_documentation-02,technical_documentation,COMPACT_ENGLISH,4,Which error indicates the limit was exceeded?,E17,E17,True,normalized_exact,True,The model answer matches the expected answer exactly.
technical_documentation-02,technical_documentation,COMPACT_ENGLISH,5,How long are completed operational records retained?,30 days,30 days,True,normalized_exact,True,The model answer matches the expected answer exactly.
technical_documentation-02,technical_documentation,TOKEN_OPTIMIZED,1,Which protocol does the service use?,Bluetooth Low Energy,BLE,False,fuzzy_0.261,True,"BLE is the common abbreviation for Bluetooth Low Energy, so the model answer is semantically equivalent to the expected answer."
technical_documentation-02,technical_documentation,TOKEN_OPTIMIZED,2,Which header carries the credential?,Beacon-Token,Beacon-Token,True,normalized_exact,True,The model answer matches the expected answer exactly.
technical_documentation-02,technical_documentation,TOKEN_OPTIMIZED,3,What is the default service limit?,10 readings per second,10 readings per second per project,True,normalized_containment,True,"The model answer specifies 'per project,' which is a harmless extra detail and does not contradict the expected answer."
technical_documentation-02,technical_documentation,TOKEN_OPTIMIZED,4,Which error indicates the limit was exceeded?,E17,Error E17,True,normalized_containment,True,"The model answer correctly identifies the error code E17, which matches the expected answer, and the additional wording 'Error' does not change the meaning."
technical_documentation-02,technical_documentation,TOKEN_OPTIMIZED,5,How long are completed operational records retained?,30 days,30 days,True,normalized_exact,True,The model answer matches the expected answer exactly.
technical_documentation-03,technical_documentation,ORIGINAL,1,Which protocol does the service use?,TLS 1.3,TLS 1.3,True,normalized_exact,True,The model answer matches the expected answer exactly.
technical_documentation-03,technical_documentation,ORIGINAL,2,Which header carries the credential?,Cedar-Auth,Cedar-Auth,True,normalized_exact,True,The model answer matches the expected answer exactly.
technical_documentation-03,technical_documentation,ORIGINAL,3,What is the default service limit?,4 concurrent uploads,4 concurrent uploads per project,True,normalized_containment,True,"The model answer specifies 'per project,' which is a harmless extra detail and does not contradict the expected answer of '4 concurrent uploads.'"
technical_documentation-03,technical_documentation,ORIGINAL,4,Which error indicates the limit was exceeded?,B04,Error B04 indicates the limit was exceeded.,True,normalized_containment,True,"The model answer correctly identifies error B04 as indicating the limit was exceeded, matching the expected answer."
technical_documentation-03,technical_documentation,ORIGINAL,5,How long are completed operational records retained?,14 days,14 days,True,normalized_exact,True,The model answer matches the expected answer exactly.
technical_documentation-03,technical_documentation,COMPACT_ENGLISH,1,Which protocol does the service use?,TLS 1.3,TLS 1.3,True,normalized_exact,True,The model answer matches the expected answer exactly.
technical_documentation-03,technical_documentation,COMPACT_ENGLISH,2,Which header carries the credential?,Cedar-Auth,Cedar-Auth,True,normalized_exact,True,The model answer matches the expected answer exactly.
technical_documentation-03,technical_documentation,COMPACT_ENGLISH,3,What is the default service limit?,4 concurrent uploads,4 concurrent uploads per project,True,normalized_containment,True,"The model answer specifies 'per project,' which is a harmless extra detail and does not contradict the expected answer of '4 concurrent uploads.'"
technical_documentation-03,technical_documentation,COMPACT_ENGLISH,4,Which error indicates the limit was exceeded?,B04,Error B04 indicates the limit was exceeded.,True,normalized_containment,True,"The model answer correctly identifies error B04 as indicating the limit was exceeded, matching the expected answer."
technical_documentation-03,technical_documentation,COMPACT_ENGLISH,5,How long are completed operational records retained?,14 days,14 days,True,normalized_exact,True,The model answer matches the expected answer exactly.
technical_documentation-03,technical_documentation,TOKEN_OPTIMIZED,1,Which protocol does the service use?,TLS 1.3,TLS1.3,True,fuzzy_0.923,True,The model answer 'TLS1.3' is semantically equivalent to 'TLS 1.3' despite the missing space.
technical_documentation-03,technical_documentation,TOKEN_OPTIMIZED,2,Which header carries the credential?,Cedar-Auth,Cedar-Auth,True,normalized_exact,True,The model answer matches the expected answer exactly.
technical_documentation-03,technical_documentation,TOKEN_OPTIMIZED,3,What is the default service limit?,4 concurrent uploads,4ConcurrentUploadsPerProject,False,fuzzy_0.750,False,"The model answer provides a technical term '4ConcurrentUploadsPerProject' instead of the expected plain language '4 concurrent uploads', which is the clear and direct answer to the question."
technical_documentation-03,technical_documentation,TOKEN_OPTIMIZED,4,Which error indicates the limit was exceeded?,B04,B04,True,normalized_exact,True,The model answer matches the expected answer exactly.
technical_documentation-03,technical_documentation,TOKEN_OPTIMIZED,5,How long are completed operational records retained?,14 days,14 days,True,normalized_exact,True,The model answer matches the expected answer exactly.
technical_documentation-04,technical_documentation,ORIGINAL,1,Which protocol does the service use?,AMQP on port 5671,AMQP,True,normalized_containment,False,The model answer mentions the protocol AMQP but omits the required port number 5671 specified in the expected answer.
technical_documentation-04,technical_documentation,ORIGINAL,2,Which header carries the credential?,Nimbus-Key,Nimbus-Key,True,normalized_exact,True,"The model answer matches the expected answer exactly, correctly identifying 'Nimbus-Key' as the header that carries the credential."
technical_documentation-04,technical_documentation,ORIGINAL,3,What is the default service limit?,500 messages per second,500 messages per second per project,True,normalized_containment,True,"The model answer specifies 'per project,' which is a harmless extra detail and does not contradict the expected answer of '500 messages per second.' Both answers convey the same default service limit."
technical_documentation-04,technical_documentation,ORIGINAL,4,Which error indicates the limit was exceeded?,Q09,Error Q09 indicates the limit was exceeded.,True,normalized_containment,True,"The model answer correctly identifies 'Error Q09' as indicating the limit was exceeded, matching the expected answer."
technical_documentation-04,technical_documentation,ORIGINAL,5,How long are completed operational records retained?,7 days,7 days,True,normalized_exact,True,The model answer matches the expected answer exactly.
technical_documentation-04,technical_documentation,COMPACT_ENGLISH,1,Which protocol does the service use?,AMQP on port 5671,AMQP,True,normalized_containment,False,The model answer mentions the protocol AMQP but omits the required port number 5671 specified in the expected answer.
technical_documentation-04,technical_documentation,COMPACT_ENGLISH,2,Which header carries the credential?,Nimbus-Key,Nimbus-Key,True,normalized_exact,True,"The model answer matches the expected answer exactly, correctly identifying 'Nimbus-Key' as the header that carries the credential."
technical_documentation-04,technical_documentation,COMPACT_ENGLISH,3,What is the default service limit?,500 messages per second,500 messages/sec/project,False,fuzzy_0.723,False,"The model answer adds '/project' which is not present in the expected answer, potentially changing the meaning of the service limit."
technical_documentation-04,technical_documentation,COMPACT_ENGLISH,4,Which error indicates the limit was exceeded?,Q09,Q09,True,normalized_exact,True,The model answer matches the expected answer exactly.
technical_documentation-04,technical_documentation,COMPACT_ENGLISH,5,How long are completed operational records retained?,7 days,7 days,True,normalized_exact,True,The model answer matches the expected answer exactly.
technical_documentation-04,technical_documentation,TOKEN_OPTIMIZED,1,Which protocol does the service use?,AMQP on port 5671,AMQP,True,normalized_containment,False,The model answer mentions the protocol AMQP but omits the required port number 5671 specified in the expected answer.
technical_documentation-04,technical_documentation,TOKEN_OPTIMIZED,2,Which header carries the credential?,Nimbus-Key,Nimbus-Key,True,normalized_exact,True,"The model answer matches the expected answer exactly, correctly identifying 'Nimbus-Key' as the header that carries the credential."
technical_documentation-04,technical_documentation,TOKEN_OPTIMIZED,3,What is the default service limit?,500 messages per second,500 messages per second per project,True,normalized_containment,True,"The model answer specifies 'per project,' which is a harmless extra detail and does not contradict the expected answer of '500 messages per second.' Both answers convey the same default service limit."
technical_documentation-04,technical_documentation,TOKEN_OPTIMIZED,4,Which error indicates the limit was exceeded?,Q09,Error Q09 indicates the limit was exceeded.,True,normalized_containment,True,"The model answer correctly identifies 'Error Q09' as indicating the limit was exceeded, matching the expected answer."
technical_documentation-04,technical_documentation,TOKEN_OPTIMIZED,5,How long are completed operational records retained?,7 days,7 days,True,normalized_exact,True,The model answer matches the expected answer exactly.
technical_documentation-05,technical_documentation,ORIGINAL,1,Which protocol does the service use?,gRPC on port 7443,gRPC,True,normalized_containment,False,The model answer mentions 'gRPC' but omits the required port number '7443' specified in the expected answer.
technical_documentation-05,technical_documentation,ORIGINAL,2,Which header carries the credential?,Quartz-Credential,Quartz-Credential,True,normalized_exact,True,"The model answer matches the expected answer exactly, correctly identifying the header that carries the credential."
technical_documentation-05,technical_documentation,ORIGINAL,3,What is the default service limit?,8 jobs per worker,8 jobs per worker per project,True,normalized_containment,False,"The model answer adds 'per project,' which is not present in the expected answer and changes the scope of the limit."
technical_documentation-05,technical_documentation,ORIGINAL,4,Which error indicates the limit was exceeded?,R12,Error R12 indicates the limit was exceeded.,True,normalized_containment,True,"The model answer correctly identifies error R12 as indicating the limit was exceeded, matching the expected answer."
technical_documentation-05,technical_documentation,ORIGINAL,5,How long are completed operational records retained?,48 hours,48 hours,True,normalized_exact,True,The model answer matches the expected answer exactly.
technical_documentation-05,technical_documentation,COMPACT_ENGLISH,1,Which protocol does the service use?,gRPC on port 7443,gRPC,True,normalized_containment,False,The model answer mentions 'gRPC' but omits the required port number '7443' specified in the expected answer.
technical_documentation-05,technical_documentation,COMPACT_ENGLISH,2,Which header carries the credential?,Quartz-Credential,Quartz-Credential,True,normalized_exact,True,"The model answer matches the expected answer exactly, correctly identifying the header that carries the credential."
technical_documentation-05,technical_documentation,COMPACT_ENGLISH,3,What is the default service limit?,8 jobs per worker,8 jobs per worker per project,True,normalized_containment,False,"The model answer adds 'per project,' which is not present in the expected answer and changes the scope of the limit."
technical_documentation-05,technical_documentation,COMPACT_ENGLISH,4,Which error indicates the limit was exceeded?,R12,Error R12 indicates the limit was exceeded.,True,normalized_containment,True,"The model answer correctly identifies error R12 as indicating the limit was exceeded, matching the expected answer."
technical_documentation-05,technical_documentation,COMPACT_ENGLISH,5,How long are completed operational records retained?,48 hours,48 hours,True,normalized_exact,True,The model answer matches the expected answer exactly.
technical_documentation-05,technical_documentation,TOKEN_OPTIMIZED,1,Which protocol does the service use?,gRPC on port 7443,gRPC,True,normalized_containment,False,The model answer mentions 'gRPC' but omits the required port number '7443' specified in the expected answer.
technical_documentation-05,technical_documentation,TOKEN_OPTIMIZED,2,Which header carries the credential?,Quartz-Credential,Quartz-Credential,True,normalized_exact,True,"The model answer matches the expected answer exactly, correctly identifying the header that carries the credential."
technical_documentation-05,technical_documentation,TOKEN_OPTIMIZED,3,What is the default service limit?,8 jobs per worker,Max 8 jobs per worker per project.,True,normalized_containment,True,"The model answer correctly states the default service limit as 8 jobs per worker, adding 'per project' which is a harmless extra detail."
technical_documentation-05,technical_documentation,TOKEN_OPTIMIZED,4,Which error indicates the limit was exceeded?,R12,Error R12 indicates the limit was exceeded.,True,normalized_containment,True,"The model answer correctly identifies error R12 as indicating the limit was exceeded, matching the expected answer."
technical_documentation-05,technical_documentation,TOKEN_OPTIMIZED,5,How long are completed operational records retained?,48 hours,48 hours,True,normalized_exact,True,The model answer matches the expected answer exactly.
factual_passages-01,factual_passages,ORIGINAL,1,Where is the subject located?,Siberia,Siberia,True,normalized_exact,True,The model answer matches the expected answer exactly.
factual_passages-01,factual_passages,ORIGINAL,2,What commonly cited measurement is given?,"about 1,642 meters","About 1,642 meters",True,normalized_exact,True,"The model answer matches the expected answer exactly, differing only in capitalization which does not affect semantic correctness."
factual_passages-01,factual_passages,ORIGINAL,3,What is it also notable for?,roughly 20 percent,It is also notable for roughly 20 percent.,True,normalized_containment,False,"The model answer is incomplete and grammatically incorrect; it should specify what 'roughly 20 percent' refers to, as in the expected answer."
factual_passages-01,factual_passages,ORIGINAL,4,What connected feature is identified?,the Angara River,Angara River,True,normalized_exact,True,"The model answer correctly identifies the connected feature as the Angara River, matching the expected answer with only a minor difference in the use of the definite article 'the'."
factual_passages-01,factual_passages,ORIGINAL,5,What designation or recognized association is mentioned?,a UNESCO World Heritage Site in 1996,UNESCO World Heritage Site in 1996,True,normalized_exact,True,"The model answer correctly identifies the designation 'UNESCO World Heritage Site in 1996' as mentioned in the expected answer, with only minor wording differences that do not affect meaning."
factual_passages-01,factual_passages,COMPACT_ENGLISH,1,Where is the subject located?,Siberia,Lake Baikal is located in Siberia.,True,normalized_containment,True,"The model answer correctly identifies the location as Siberia, matching the expected answer, and provides additional context without contradicting the expected answer."
factual_passages-01,factual_passages,COMPACT_ENGLISH,2,What commonly cited measurement is given?,"about 1,642 meters","Depth of about 1,642 meters",True,normalized_containment,True,"The model answer provides the measurement 'about 1,642 meters' as expected, with additional context 'Depth of,' which does not change the meaning."
factual_passages-01,factual_passages,COMPACT_ENGLISH,3,What is it also notable for?,roughly 20 percent,Lake Baikal is also notable for accounting for roughly 20% of the world's freshwater volume.,False,fuzzy_0.269,True,"The model answer correctly states that Lake Baikal is notable for accounting for roughly 20% of the world's freshwater volume, which aligns with the expected answer of 'roughly 20 percent'."
factual_passages-01,factual_passages,COMPACT_ENGLISH,4,What connected feature is identified?,the Angara River,Angara River,True,normalized_exact,True,"The model answer correctly identifies the connected feature as the Angara River, matching the expected answer with only a minor difference in the use of the definite article 'the'."
factual_passages-01,factual_passages,COMPACT_ENGLISH,5,What designation or recognized association is mentioned?,a UNESCO World Heritage Site in 1996,UNESCO World Heritage Site,True,normalized_containment,True,"The model answer correctly identifies the designation as a UNESCO World Heritage Site, which matches the expected answer. The year 1996 is additional detail but does not affect correctness."
factual_passages-01,factual_passages,TOKEN_OPTIMIZED,1,Where is the subject located?,Siberia,Siberia,True,normalized_exact,True,The model answer matches the expected answer exactly.
factual_passages-01,factual_passages,TOKEN_OPTIMIZED,2,What commonly cited measurement is given?,"about 1,642 meters",Depth of approximately 1642 meters.,False,fuzzy_0.577,True,"The model answer correctly provides the measurement 'approximately 1642 meters,' which is semantically equivalent to 'about 1,642 meters' in the expected answer."
factual_passages-01,factual_passages,TOKEN_OPTIMIZED,3,What is it also notable for?,roughly 20 percent,It is also notable for containing approximately 20% of the world's freshwater volume.,False,fuzzy_0.227,True,"The model answer correctly identifies 'roughly 20 percent' and provides additional context about freshwater volume, which is consistent with the expected answer."
factual_passages-01,factual_passages,TOKEN_OPTIMIZED,4,What connected feature is identified?,the Angara River,Angara River,True,normalized_exact,True,"The model answer correctly identifies the connected feature as the Angara River, matching the expected answer with only a minor difference in the use of the definite article 'the'."
factual_passages-01,factual_passages,TOKEN_OPTIMIZED,5,What designation or recognized association is mentioned?,a UNESCO World Heritage Site in 1996,UNESCO designation (since 1996),False,fuzzy_0.540,True,"The model answer correctly identifies the UNESCO designation and the year 1996, which matches the expected answer's mention of a UNESCO World Heritage Site in 1996."
factual_passages-02,factual_passages,ORIGINAL,1,Where is the subject located?,northern Chile,Northern Chile,True,normalized_exact,True,"The model answer correctly identifies the location as northern Chile, matching the expected answer with only a difference in capitalization."
factual_passages-02,factual_passages,ORIGINAL,2,What commonly cited measurement is given?,some stations record years without measurable rain,Some stations record years without measurable rain.,True,normalized_exact,True,"The model answer matches the expected answer exactly, with only minor capitalization differences that do not affect semantic correctness."
factual_passages-02,factual_passages,ORIGINAL,3,What is it also notable for?,salt flats and volcanic terrain,Salt flats and volcanic terrain.,True,normalized_exact,True,"The model answer correctly identifies 'salt flats and volcanic terrain' as notable features, matching the expected answer exactly except for capitalization and punctuation, which are acceptable variations."
factual_passages-02,factual_passages,ORIGINAL,4,What connected feature is identified?,the Pacific subtropical high,Pacific subtropical high,True,normalized_exact,True,"The model answer correctly identifies the connected feature as the Pacific subtropical high, matching the expected answer with only a minor difference in the use of the definite article 'the'."
factual_passages-02,factual_passages,ORIGINAL,5,What designation or recognized association is mentioned?,major astronomical observatories,Major astronomical observatories,True,normalized_exact,True,"The model answer matches the expected answer in meaning and designation, differing only in capitalization which is acceptable."
factual_passages-02,factual_passages,COMPACT_ENGLISH,1,Where is the subject located?,northern Chile,Northern Chile,True,normalized_exact,True,"The model answer correctly identifies the location as northern Chile, matching the expected answer with only a difference in capitalization."
factual_passages-02,factual_passages,COMPACT_ENGLISH,2,What commonly cited measurement is given?,some stations record years without measurable rain,Years without measurable rain,True,normalized_containment,True,"The model answer correctly captures the key information from the expected answer, indicating that some stations record years without measurable rain, with only minor wording differences."
factual_passages-02,factual_passages,COMPACT_ENGLISH,3,What is it also notable for?,salt flats and volcanic terrain,Atacama Desert is also notable for hosting major astronomical observatories.,False,fuzzy_0.302,False,"The model answer mentions astronomical observatories, which is not part of the expected answer. The expected answer specifically highlights salt flats and volcanic terrain, which are missing in the model answer."
factual_passages-02,factual_passages,COMPACT_ENGLISH,4,What connected feature is identified?,the Pacific subtropical high,Pacific subtropical high,True,normalized_exact,True,"The model answer correctly identifies the connected feature as the Pacific subtropical high, matching the expected answer with only a minor difference in the use of the definite article 'the'."
factual_passages-02,factual_passages,COMPACT_ENGLISH,5,What designation or recognized association is mentioned?,major astronomical observatories,Pacific subtropical high,False,fuzzy_0.429,False,The model answer 'Pacific subtropical high' does not match the expected answer 'major astronomical observatories' and is unrelated to any designation or recognized association mentioned.
factual_passages-02,factual_passages,TOKEN_OPTIMIZED,1,Where is the subject located?,northern Chile,Northern Chile,True,normalized_exact,True,"The model answer correctly identifies the location as northern Chile, matching the expected answer with only a difference in capitalization."
factual_passages-02,factual_passages,TOKEN_OPTIMIZED,2,What commonly cited measurement is given?,some stations record years without measurable rain,Years without measurable rain,True,normalized_containment,True,"The model answer correctly captures the key information from the expected answer, indicating that some stations record years without measurable rain, with only minor wording differences."
factual_passages-02,factual_passages,TOKEN_OPTIMIZED,3,What is it also notable for?,salt flats and volcanic terrain,It is also notable for hosting major astronomical observatories.,False,fuzzy_0.319,False,"The model answer mentions astronomical observatories, which is not part of the expected answer. The expected answer specifically highlights salt flats and volcanic terrain, which are missing in the model answer."
factual_passages-02,factual_passages,TOKEN_OPTIMIZED,4,What connected feature is identified?,the Pacific subtropical high,Pacific subtropical high,True,normalized_exact,True,"The model answer correctly identifies the connected feature as the Pacific subtropical high, matching the expected answer with only a minor difference in the use of the definite article 'the'."
factual_passages-02,factual_passages,TOKEN_OPTIMIZED,5,What designation or recognized association is mentioned?,major astronomical observatories,Pacific subtropical high,False,fuzzy_0.429,False,The model answer 'Pacific subtropical high' does not match the expected answer 'major astronomical observatories' and is unrelated to any designation or recognized association mentioned.
factual_passages-03,factual_passages,ORIGINAL,1,Where is the subject located?,off northeastern Australia,Off northeastern Australia,True,normalized_exact,True,"The model answer correctly identifies the location as off northeastern Australia, matching the expected answer exactly except for capitalization, which is acceptable."
factual_passages-03,factual_passages,ORIGINAL,2,What commonly cited measurement is given?,"more than 2,300 kilometers","More than 2,300 kilometers.",True,normalized_exact,True,"The model answer matches the expected answer in meaning and measurement, with only minor differences in capitalization and punctuation."
factual_passages-03,factual_passages,ORIGINAL,3,What is it also notable for?,thousands of individual reefs,Thousands of individual reefs.,True,normalized_exact,True,"The model answer matches the expected answer exactly, differing only in capitalization which does not affect semantic correctness."
factual_passages-03,factual_passages,ORIGINAL,4,What connected feature is identified?,coral bleaching,Coral bleaching,True,normalized_exact,True,"The model answer matches the expected answer exactly, differing only in capitalization which does not affect semantic correctness."
factual_passages-03,factual_passages,ORIGINAL,5,What designation or recognized association is mentioned?,World Heritage listing in 1981,World Heritage listing in 1981,True,normalized_exact,True,"The model answer exactly matches the expected answer, correctly identifying the designation as 'World Heritage listing in 1981'."
factual_passages-03,factual_passages,COMPACT_ENGLISH,1,Where is the subject located?,off northeastern Australia,Off northeast Australia,True,fuzzy_0.939,True,"The model answer correctly identifies the location as off northeastern Australia, with only minor wording differences that do not change the meaning."
factual_passages-03,factual_passages,COMPACT_ENGLISH,2,What commonly cited measurement is given?,"more than 2,300 kilometers",Length greater than 2300 km,False,fuzzy_0.566,True,"The model answer correctly conveys the measurement as more than 2,300 kilometers, matching the expected answer's meaning."
factual_passages-03,factual_passages,COMPACT_ENGLISH,3,What is it also notable for?,thousands of individual reefs,Coral bleaching.,False,fuzzy_0.227,False,The model answer 'Coral bleaching' does not address the expected answer 'thousands of individual reefs' and is therefore semantically incorrect.
factual_passages-03,factual_passages,COMPACT_ENGLISH,4,What connected feature is identified?,coral bleaching,Coral bleaching,True,normalized_exact,True,"The model answer matches the expected answer exactly, differing only in capitalization which does not affect semantic correctness."
factual_passages-03,factual_passages,COMPACT_ENGLISH,5,What designation or recognized association is mentioned?,World Heritage listing in 1981,World Heritage site,False,fuzzy_0.694,True,The model answer 'World Heritage site' correctly refers to the designation mentioned in the expected answer 'World Heritage listing in 1981'. The model answer is a concise equivalent without contradicting or omitting the key concept.
factual_passages-03,factual_passages,TOKEN_OPTIMIZED,1,Where is the subject located?,off northeastern Australia,NE Australia,False,fuzzy_0.632,True,The model answer 'NE Australia' is a commonly accepted abbreviation for 'northeastern Australia' and conveys the same location as the expected answer.
factual_passages-03,factual_passages,TOKEN_OPTIMIZED,2,What commonly cited measurement is given?,"more than 2,300 kilometers",Length: >2300 km,False,fuzzy_0.550,True,"The model answer correctly provides the commonly cited measurement as 'more than 2,300 kilometers' in equivalent wording and format."
factual_passages-03,factual_passages,TOKEN_OPTIMIZED,3,What is it also notable for?,thousands of individual reefs,It is also notable for significant coral bleaching.,False,fuzzy_0.278,False,"The model answer mentions coral bleaching, which is not the expected answer. The expected answer is 'thousands of individual reefs,' which is missing in the model answer."
factual_passages-03,factual_passages,TOKEN_OPTIMIZED,4,What connected feature is identified?,coral bleaching,Thousands of reefs,False,fuzzy_0.182,False,"The model answer 'Thousands of reefs' does not identify the connected feature; the expected answer is 'coral bleaching,' which specifically names the phenomenon affecting the reefs."
factual_passages-03,factual_passages,TOKEN_OPTIMIZED,5,What designation or recognized association is mentioned?,World Heritage listing in 1981,World Heritage site since 1981,False,fuzzy_0.800,True,"The model answer correctly identifies the designation as a World Heritage site and specifies the year 1981, which matches the expected answer's 'World Heritage listing in 1981' with equivalent meaning."
factual_passages-04,factual_passages,ORIGINAL,1,Where is the subject located?,central and southeastern Europe,Central and southeastern Europe,True,normalized_exact,True,The model answer matches the expected answer exactly in meaning and location description.
factual_passages-04,factual_passages,ORIGINAL,2,What commonly cited measurement is given?,"about 2,850 kilometers","About 2,850 kilometers.",True,normalized_exact,True,"The model answer matches the expected answer in both value and meaning, with only minor differences in capitalization and punctuation that do not affect correctness."
factual_passages-04,factual_passages,ORIGINAL,3,What is it also notable for?,ten countries,It is also notable for ten countries.,True,normalized_containment,False,"The model answer is grammatically incorrect and unclear; it should state that it is notable for having ten countries, not 'for ten countries'."
factual_passages-04,factual_passages,ORIGINAL,4,What connected feature is identified?,the Black Sea,The Black Sea,True,normalized_exact,True,"The model answer correctly identifies the connected feature as 'The Black Sea,' which matches the expected answer 'the Black Sea' with only a difference in capitalization."
factual_passages-04,factual_passages,ORIGINAL,5,What designation or recognized association is mentioned?,the Danube Delta Biosphere Reserve,Danube Delta Biosphere Reserve,True,normalized_exact,True,"The model answer correctly identifies the designation 'Danube Delta Biosphere Reserve' as mentioned in the expected answer, with only minor differences in article usage which do not affect correctness."
factual_passages-04,factual_passages,COMPACT_ENGLISH,1,Where is the subject located?,central and southeastern Europe,Central and southeastern Europe,True,normalized_exact,True,The model answer matches the expected answer exactly in meaning and location description.
factual_passages-04,factual_passages,COMPACT_ENGLISH,2,What commonly cited measurement is given?,"about 2,850 kilometers","The length of the Danube River, about 2,850 km.",False,fuzzy_0.475,True,"The model answer provides the commonly cited measurement 'about 2,850 km' and specifies it as the length of the Danube River, which aligns with the expected answer."
factual_passages-04,factual_passages,COMPACT_ENGLISH,3,What is it also notable for?,ten countries,The Danube Delta being a Biosphere Reserve.,False,fuzzy_0.327,False,"The model answer does not mention 'ten countries,' which is the expected notable fact. Instead, it refers to the Danube Delta being a Biosphere Reserve, which is unrelated to the expected answer."
factual_passages-04,factual_passages,COMPACT_ENGLISH,4,What connected feature is identified?,the Black Sea,The Danube River connects to the Black Sea.,True,normalized_containment,True,"The model answer correctly identifies the Black Sea as the connected feature and provides additional context about the Danube River connecting to it, which is consistent with the expected answer."
factual_passages-04,factual_passages,COMPACT_ENGLISH,5,What designation or recognized association is mentioned?,the Danube Delta Biosphere Reserve,Danube Delta is a Biosphere Reserve.,True,fuzzy_0.952,True,"The model answer correctly identifies the Danube Delta as a Biosphere Reserve, which matches the expected designation 'the Danube Delta Biosphere Reserve' with equivalent wording."
factual_passages-04,factual_passages,TOKEN_OPTIMIZED,1,Where is the subject located?,central and southeastern Europe,Central and Southeast Europe,True,fuzzy_0.949,True,"The model answer correctly identifies the location as central and southeastern Europe, with only minor variation in capitalization and wording that does not affect the meaning."
factual_passages-04,factual_passages,TOKEN_OPTIMIZED,2,What commonly cited measurement is given?,"about 2,850 kilometers",Length ≈ 2850 km,False,fuzzy_0.500,True,"The model answer provides the commonly cited measurement of about 2,850 kilometers, using equivalent wording and including the unit, which matches the expected answer."
factual_passages-04,factual_passages,TOKEN_OPTIMIZED,3,What is it also notable for?,ten countries,It is also notable for its historic ties to local communities.,False,fuzzy_0.297,False,"The model answer does not mention 'ten countries,' which is the expected answer, and instead provides unrelated information about historic ties to local communities."
factual_passages-04,factual_passages,TOKEN_OPTIMIZED,4,What connected feature is identified?,the Black Sea,DanubeDelta,False,fuzzy_0.300,False,"The expected answer is 'the Black Sea,' but the model answer identifies 'DanubeDelta,' which is a different connected feature."
factual_passages-04,factual_passages,TOKEN_OPTIMIZED,5,What designation or recognized association is mentioned?,the Danube Delta Biosphere Reserve,Biosphere Reserve,True,normalized_containment,False,The model answer is incomplete and less specific; it should mention 'the Danube Delta Biosphere Reserve' as in the expected answer.
factual_passages-05,factual_passages,ORIGINAL,1,Where is the subject located?,the island of Hawaiʻi,On the island of Hawaiʻi.,True,normalized_containment,True,"The model answer correctly identifies the location as the island of Hawaiʻi, matching the expected answer with equivalent wording."
factual_passages-05,factual_passages,ORIGINAL,2,What commonly cited measurement is given?,"4,169 meters above sea level","4,169 meters above sea level",True,normalized_exact,True,The model answer exactly matches the expected answer in both value and units.
factual_passages-05,factual_passages,ORIGINAL,3,What is it also notable for?,a broad shield volcano,A broad shield volcano.,True,normalized_exact,True,The model answer matches the expected answer in meaning and is correctly capitalized without changing the meaning.
factual_passages-05,factual_passages,ORIGINAL,4,What connected feature is identified?,the Pacific Plate hotspot,Pacific Plate hotspot,True,normalized_exact,True,"The model answer correctly identifies the connected feature as the Pacific Plate hotspot, matching the expected answer with only a minor difference in article usage."
factual_passages-05,factual_passages,ORIGINAL,5,What designation or recognized association is mentioned?,systematic atmospheric CO2 measurements nearby,Pacific Plate hotspot,False,fuzzy_0.328,False,The model answer 'Pacific Plate hotspot' does not mention any designation or recognized association related to 'systematic atmospheric CO2 measurements nearby' as expected.
factual_passages-05,factual_passages,COMPACT_ENGLISH,1,Where is the subject located?,the island of Hawaiʻi,Hawaiʻi island,False,fuzzy_0.452,True,The model answer 'Hawaiʻi island' is semantically equivalent to 'the island of Hawaiʻi' and correctly identifies the location.
factual_passages-05,factual_passages,COMPACT_ENGLISH,2,What commonly cited measurement is given?,"4,169 meters above sea level","Elevation of about 4,169 m",False,fuzzy_0.259,True,"The model answer correctly states the commonly cited measurement as an elevation of about 4,169 meters, which matches the expected answer of 4,169 meters above sea level."
factual_passages-05,factual_passages,COMPACT_ENGLISH,3,What is it also notable for?,a broad shield volcano,It is also notable for its link to nearby systematic atmospheric CO2 measurements.,False,fuzzy_0.218,False,"The model answer mentions a link to atmospheric CO2 measurements, which does not correspond to the expected answer about a broad shield volcano."
factual_passages-05,factual_passages,COMPACT_ENGLISH,4,What connected feature is identified?,the Pacific Plate hotspot,Pacific Plate hotspot,True,normalized_exact,True,"The model answer correctly identifies the connected feature as the Pacific Plate hotspot, matching the expected answer with only a minor difference in article usage."
factual_passages-05,factual_passages,COMPACT_ENGLISH,5,What designation or recognized association is mentioned?,systematic atmospheric CO2 measurements nearby,Site linked to nearby systematic atmospheric CO2 measurements.,False,fuzzy_0.729,True,"The model answer correctly mentions the site being linked to nearby systematic atmospheric CO2 measurements, which aligns with the expected answer's focus on systematic atmospheric CO2 measurements nearby."
factual_passages-05,factual_passages,TOKEN_OPTIMIZED,1,Where is the subject located?,the island of Hawaiʻi,Hawaiʻi island,False,fuzzy_0.452,True,The model answer 'Hawaiʻi island' is semantically equivalent to 'the island of Hawaiʻi' and correctly identifies the location.
factual_passages-05,factual_passages,TOKEN_OPTIMIZED,2,What commonly cited measurement is given?,"4,169 meters above sea level",Elevation of Mauna Loa at approximately 4169 meters above sea level.,False,fuzzy_0.568,True,"The model answer correctly identifies the commonly cited measurement as the elevation of Mauna Loa at approximately 4169 meters above sea level, which matches the expected answer."
factual_passages-05,factual_passages,TOKEN_OPTIMIZED,3,What is it also notable for?,a broad shield volcano,It is also notable for being proximate to systematic atmospheric CO2 monitoring.,False,fuzzy_0.242,False,"The model answer mentions proximity to CO2 monitoring, which is not equivalent to being a broad shield volcano as stated in the expected answer."
factual_passages-05,factual_passages,TOKEN_OPTIMIZED,4,What connected feature is identified?,the Pacific Plate hotspot,Pacific Plate hotspot,True,normalized_exact,True,"The model answer correctly identifies the connected feature as the Pacific Plate hotspot, matching the expected answer with only a minor difference in article usage."
factual_passages-05,factual_passages,TOKEN_OPTIMIZED,5,What designation or recognized association is mentioned?,systematic atmospheric CO2 measurements nearby,Mauna Loa is linked to the Pacific Plate hotspot.,False,fuzzy_0.289,False,"The model answer mentions a geological feature unrelated to the designation or recognized association of systematic atmospheric CO2 measurements, which is the expected answer."
procedural_instructions-01,procedural_instructions,ORIGINAL,1,What is the first operational step?,rinse the sensor with deionized water,Rinse the sensor with deionized water.,True,normalized_exact,True,"The model answer matches the expected answer exactly in meaning and instruction, with only capitalization and punctuation differences that do not affect correctness."
procedural_instructions-01,procedural_instructions,ORIGINAL,2,What is the next preparation step?,pH 7 buffer,Rinse the sensor with deionized water.,False,fuzzy_0.227,False,"The expected answer specifies 'pH 7 buffer' as the next preparation step, while the model answer mentions rinsing the sensor with deionized water, which is a different step."
procedural_instructions-01,procedural_instructions,ORIGINAL,3,What is the acceptance checkpoint?,wait until the reading changes by less than 0.02 for 30 seconds,The acceptance checkpoint is waiting until the reading changes by less than 0.02 for 30 seconds.,False,fuzzy_0.808,True,The model answer accurately restates the expected answer with equivalent wording and includes all required details.
procedural_instructions-01,procedural_instructions,ORIGINAL,4,What must be recorded?,record the slope,"The slope must be recorded in the designated log, identifying the operator and using the current date.",False,fuzzy_0.250,True,"The model answer correctly states that the slope must be recorded, adding acceptable extra details about where and how to record it."
procedural_instructions-01,procedural_instructions,ORIGINAL,5,What action is explicitly prohibited?,do not wipe the glass bulb,Do not wipe the glass bulb.,True,normalized_exact,True,"The model answer correctly states the explicitly prohibited action as 'Do not wipe the glass bulb,' matching the expected answer in meaning and instruction."
procedural_instructions-01,procedural_instructions,COMPACT_ENGLISH,1,What is the first operational step?,rinse the sensor with deionized water,Check work area and procedure version before calibration.,False,fuzzy_0.247,False,"The model answer describes a preparatory step rather than the first operational step, which is to rinse the sensor with deionized water as specified in the expected answer."
procedural_instructions-01,procedural_instructions,COMPACT_ENGLISH,2,What is the next preparation step?,pH 7 buffer,Rinse probe sensor with deionized water.,False,fuzzy_0.240,False,"The model answer describes rinsing the probe sensor, which is a different step from preparing a pH 7 buffer as requested in the expected answer."
procedural_instructions-01,procedural_instructions,COMPACT_ENGLISH,3,What is the acceptance checkpoint?,wait until the reading changes by less than 0.02 for 30 seconds,Wait for reading change <0.02 over 30 seconds.,False,fuzzy_0.757,True,The model answer accurately captures the expected answer's meaning with equivalent wording and no missing parts.
procedural_instructions-01,procedural_instructions,COMPACT_ENGLISH,4,What must be recorded?,record the slope,Slope with operator and date.,False,fuzzy_0.250,True,The model answer includes the required information 'slope' and adds relevant details 'operator and date' which do not contradict the expected answer.
procedural_instructions-01,procedural_instructions,COMPACT_ENGLISH,5,What action is explicitly prohibited?,do not wipe the glass bulb,Wiping the glass bulb.,False,fuzzy_0.718,True,"The model answer correctly identifies the prohibited action as wiping the glass bulb, which matches the expected answer's instruction not to do so."
procedural_instructions-01,procedural_instructions,TOKEN_OPTIMIZED,1,What is the first operational step?,rinse the sensor with deionized water,Verify work area availability & current procedure revision before calibration start.,False,fuzzy_0.228,False,"The model answer does not mention rinsing the sensor with deionized water, which is the expected first operational step."
procedural_instructions-01,procedural_instructions,TOKEN_OPTIMIZED,2,What is the next preparation step?,pH 7 buffer,Apply pH 7 buffer; keep unrelated items off work surface.,True,normalized_containment,True,"The model answer correctly identifies the next preparation step as applying a pH 7 buffer, which matches the expected answer. The additional instruction to keep unrelated items off the work surface is harmless extra detail."
procedural_instructions-01,procedural_instructions,TOKEN_OPTIMIZED,3,What is the acceptance checkpoint?,wait until the reading changes by less than 0.02 for 30 seconds,Wait until reading changes less than 0.02 for 30 seconds.,True,fuzzy_0.974,True,The model answer accurately conveys the expected answer's meaning with equivalent wording and no missing information.
procedural_instructions-01,procedural_instructions,TOKEN_OPTIMIZED,4,What must be recorded?,record the slope,Slope with operator ID and date.,False,fuzzy_0.233,True,"The model answer includes the required information 'slope' and adds relevant details 'operator ID and date,' which do not contradict the expected answer."
procedural_instructions-01,procedural_instructions,TOKEN_OPTIMIZED,5,What action is explicitly prohibited?,do not wipe the glass bulb,Wiping the glass bulb.,False,fuzzy_0.718,True,"The model answer correctly identifies the prohibited action as wiping the glass bulb, which matches the expected answer's instruction not to do so."
procedural_instructions-02,procedural_instructions,ORIGINAL,1,What is the first operational step?,confirm all deliverables are final,Confirm all deliverables are final.,True,normalized_exact,True,"The model answer matches the expected answer exactly, with only capitalization differences that do not affect correctness."
procedural_instructions-02,procedural_instructions,ORIGINAL,2,What is the next preparation step?,create a read-only snapshot,Create a read-only snapshot.,True,normalized_exact,True,"The model answer matches the expected answer in meaning and intent, differing only in capitalization and punctuation, which are acceptable."
procedural_instructions-02,procedural_instructions,ORIGINAL,3,What is the acceptance checkpoint?,verify its checksum against the manifest,The acceptance checkpoint is verifying the checksum of the read-only snapshot against the manifest.,False,fuzzy_0.559,True,"The model answer correctly explains that the acceptance checkpoint involves verifying the checksum against the manifest, adding that it is done for the read-only snapshot, which is consistent with the expected answer."
procedural_instructions-02,procedural_instructions,ORIGINAL,4,What must be recorded?,record the archive identifier,"The archive identifier, the operator, and the current date must be recorded in the designated log.",False,fuzzy_0.346,False,"The model answer includes additional information (operator and current date) not mentioned in the expected answer, and does not explicitly state that only the archive identifier must be recorded. It goes beyond the expected answer, which only requires recording the archive identifier."
procedural_instructions-02,procedural_instructions,ORIGINAL,5,What action is explicitly prohibited?,do not delete legal-hold material,Do not delete legal-hold material.,True,normalized_exact,True,"The model answer matches the expected answer exactly in meaning and wording, with only capitalization differences that do not affect correctness."
procedural_instructions-02,procedural_instructions,COMPACT_ENGLISH,1,What is the first operational step?,confirm all deliverables are final,Confirm all deliverables final.,True,fuzzy_0.938,True,"The model answer conveys the same meaning as the expected answer, confirming that all deliverables are final, despite minor wording differences."
procedural_instructions-02,procedural_instructions,COMPACT_ENGLISH,2,What is the next preparation step?,create a read-only snapshot,Confirm all deliverables final.,False,fuzzy_0.291,False,The model answer does not match the expected answer; it suggests confirming deliverables instead of creating a read-only snapshot.
procedural_instructions-02,procedural_instructions,COMPACT_ENGLISH,3,What is the acceptance checkpoint?,verify its checksum against the manifest,Verify snapshot checksum matches manifest.,False,fuzzy_0.753,True,"The model answer correctly conveys the essential idea of verifying the checksum against the manifest, using slightly different wording but maintaining the same meaning."
procedural_instructions-02,procedural_instructions,COMPACT_ENGLISH,4,What must be recorded?,record the archive identifier,"Archive ID, operator ID, and current date must be recorded.",False,fuzzy_0.370,False,"The model answer includes additional information (operator ID and current date) not mentioned in the expected answer, and does not explicitly confirm recording the archive identifier as required."
procedural_instructions-02,procedural_instructions,COMPACT_ENGLISH,5,What action is explicitly prohibited?,do not delete legal-hold material,Never delete legal-hold material regardless of schedule.,False,fuzzy_0.636,True,"The model answer explicitly prohibits deleting legal-hold material, which matches the expected answer's prohibition. The additional phrase 'regardless of schedule' does not change the meaning and is acceptable."
procedural_instructions-02,procedural_instructions,TOKEN_OPTIMIZED,1,What is the first operational step?,confirm all deliverables are final,Confirm all deliverables final.,True,fuzzy_0.938,True,"The model answer conveys the same meaning as the expected answer, confirming that all deliverables are final, despite minor wording differences."
procedural_instructions-02,procedural_instructions,TOKEN_OPTIMIZED,2,What is the next preparation step?,create a read-only snapshot,Create read-only snapshot after deliverable confirmation.,True,normalized_containment,False,"The model answer adds 'after deliverable confirmation,' which is not mentioned in the expected answer, making it more specific and potentially incorrect relative to the expected answer."
procedural_instructions-02,procedural_instructions,TOKEN_OPTIMIZED,3,What is the acceptance checkpoint?,verify its checksum against the manifest,The acceptance checkpoint is verifying the snapshot checksum versus the manifest.,False,fuzzy_0.538,True,"The model answer correctly describes the acceptance checkpoint as verifying the checksum against the manifest, which matches the expected answer's meaning."
procedural_instructions-02,procedural_instructions,TOKEN_OPTIMIZED,4,What must be recorded?,record the archive identifier,"Archive ID, operator ID, and current date must be recorded in the designated log.",False,fuzzy_0.323,False,"The model answer includes additional information (operator ID and current date) not mentioned in the expected answer, and does not explicitly state 'archive identifier' as required."
procedural_instructions-02,procedural_instructions,TOKEN_OPTIMIZED,5,What action is explicitly prohibited?,do not delete legal-hold material,Deleting legal-hold material.,False,fuzzy_0.820,True,"The model answer correctly identifies the prohibited action as deleting legal-hold material, matching the expected answer's meaning."
procedural_instructions-03,procedural_instructions,ORIGINAL,1,What is the first operational step?,inspect the exhaust filter,Inspect the exhaust filter.,True,normalized_exact,True,"The model answer matches the expected answer exactly, with only capitalization differences which are acceptable."
procedural_instructions-03,procedural_instructions,ORIGINAL,2,What is the next preparation step?,place material flat on the bed,Place material flat on the bed.,True,normalized_exact,True,"The model answer matches the expected answer in meaning and instruction, with only minor differences in capitalization and punctuation."
procedural_instructions-03,procedural_instructions,ORIGINAL,3,What is the acceptance checkpoint?,run the focus gauge at the material surface,The acceptance checkpoint is running the focus gauge at the material surface and obtaining a result within the stated condition.,False,fuzzy_0.486,True,"The model answer correctly describes the acceptance checkpoint as running the focus gauge at the material surface, adding that the result must be within the stated condition, which is a harmless extra detail."
procedural_instructions-03,procedural_instructions,ORIGINAL,4,What must be recorded?,record the material preset,"The material preset, operator, and current date must be recorded in the designated log.",False,fuzzy_0.306,False,"The model answer includes additional information (operator and current date) not mentioned in the expected answer, and does not directly match the required content which is only to record the material preset."
procedural_instructions-03,procedural_instructions,ORIGINAL,5,What action is explicitly prohibited?,never cut PVC,Never cut PVC.,True,normalized_exact,True,The model answer matches the expected answer in meaning and explicitly states the prohibited action.
procedural_instructions-03,procedural_instructions,COMPACT_ENGLISH,1,What is the first operational step?,inspect the exhaust filter,Check work area free before laser prep.,False,fuzzy_0.333,False,"The model answer does not mention inspecting the exhaust filter, which is the expected first operational step. Instead, it refers to checking the work area, which is unrelated."
procedural_instructions-03,procedural_instructions,COMPACT_ENGLISH,2,What is the next preparation step?,place material flat on the bed,Run focus gauge at material surface; this is acceptance checkpoint.,False,fuzzy_0.396,False,"The model answer describes running a focus gauge as an acceptance checkpoint, which does not match the expected answer of placing the material flat on the bed."
procedural_instructions-03,procedural_instructions,COMPACT_ENGLISH,3,What is the acceptance checkpoint?,run the focus gauge at the material surface,Run focus gauge at material surface.,True,normalized_exact,True,"The model answer correctly conveys the expected action of running the focus gauge at the material surface, matching the expected answer semantically."
procedural_instructions-03,procedural_instructions,COMPACT_ENGLISH,4,What must be recorded?,record the material preset,Material preset with operator ID and current date.,False,fuzzy_0.423,True,"The model answer includes the required 'material preset' and adds relevant details such as operator ID and current date, which do not contradict the expected answer."
procedural_instructions-03,procedural_instructions,COMPACT_ENGLISH,5,What action is explicitly prohibited?,never cut PVC,Never cut PVC.,True,normalized_exact,True,The model answer matches the expected answer in meaning and explicitly states the prohibited action.
procedural_instructions-03,procedural_instructions,TOKEN_OPTIMIZED,1,What is the first operational step?,inspect the exhaust filter,Inspect(ExhaustFilter),True,fuzzy_0.977,True,"The model answer correctly identifies the first operational step as inspecting the exhaust filter, matching the expected answer in meaning despite different formatting."
procedural_instructions-03,procedural_instructions,TOKEN_OPTIMIZED,2,What is the next preparation step?,place material flat on the bed,Inspect(ExhaustFilter),False,fuzzy_0.213,False,The model answer 'Inspect(ExhaustFilter)' does not match the expected answer 'place material flat on the bed' and describes a different action.
procedural_instructions-03,procedural_instructions,TOKEN_OPTIMIZED,3,What is the acceptance checkpoint?,run the focus gauge at the material surface,AcceptanceCheckpoint.Requires,False,fuzzy_0.094,False,The model answer does not address the question; it provides a code-like phrase instead of explaining that the acceptance checkpoint is to run the focus gauge at the material surface.
procedural_instructions-03,procedural_instructions,TOKEN_OPTIMIZED,4,What must be recorded?,record the material preset,"MaterialPreset, OperatorID, CurrentDate",False,fuzzy_0.475,False,"The model answer includes additional details (OperatorID, CurrentDate) not mentioned in the expected answer, and does not exactly match the required 'material preset' recording."
procedural_instructions-03,procedural_instructions,TOKEN_OPTIMIZED,5,What action is explicitly prohibited?,never cut PVC,ProhibitCut(PVC),False,fuzzy_0.571,False,The model answer uses a non-standard format 'ProhibitCut(PVC)' instead of explicitly stating 'never cut PVC' as required.
procedural_instructions-04,procedural_instructions,ORIGINAL,1,What is the first operational step?,inspect the temperature indicator,Inspect the temperature indicator.,True,normalized_exact,True,"The model answer matches the expected answer exactly, differing only in capitalization and punctuation, which are acceptable."
procedural_instructions-04,procedural_instructions,ORIGINAL,2,What is the next preparation step?,compare the packing list with the order,Compare the packing list with the order.,True,normalized_exact,True,"The model answer matches the expected answer in meaning and instruction, differing only in capitalization and punctuation, which are acceptable."
procedural_instructions-04,procedural_instructions,ORIGINAL,3,What is the acceptance checkpoint?,photograph any damaged seal before opening,Photographing any damaged seal before opening.,True,fuzzy_0.966,True,"The model answer correctly captures the essential instruction of photographing any damaged seal before opening, matching the expected answer's meaning."
procedural_instructions-04,procedural_instructions,ORIGINAL,4,What must be recorded?,record the arrival temperature,"The arrival temperature, the operator's identification, and the current date must be recorded in the designated log.",False,fuzzy_0.309,False,"The model answer includes additional information (operator's identification and current date) not mentioned in the expected answer, and does not explicitly confirm that recording the arrival temperature is mandatory. The expected answer only requires recording the arrival temperature."
procedural_instructions-04,procedural_instructions,ORIGINAL,5,What action is explicitly prohibited?,do not accept an unlabeled specimen,Do not accept an unlabeled specimen.,True,normalized_exact,True,"The model answer matches the expected answer exactly in meaning and instruction, with only minor differences in capitalization and punctuation that do not affect correctness."
procedural_instructions-04,procedural_instructions,COMPACT_ENGLISH,1,What is the first operational step?,inspect the temperature indicator,Inspect temperature indicator.,True,normalized_exact,True,"The model answer correctly identifies the first operational step as inspecting the temperature indicator, matching the expected answer in meaning despite minor wording differences."
procedural_instructions-04,procedural_instructions,COMPACT_ENGLISH,2,What is the next preparation step?,compare the packing list with the order,Inspect temperature indicator.,False,fuzzy_0.433,False,"The model answer suggests inspecting the temperature indicator, which is not the expected next step. The expected answer is to compare the packing list with the order, which is a different and specific preparation step."
procedural_instructions-04,procedural_instructions,COMPACT_ENGLISH,3,What is the acceptance checkpoint?,photograph any damaged seal before opening,Seal check is the acceptance checkpoint.,False,fuzzy_0.286,False,"The model answer does not mention photographing any damaged seal before opening, which is the key point in the expected answer. Instead, it provides a vague term 'Seal check' without specifying the required action."
procedural_instructions-04,procedural_instructions,COMPACT_ENGLISH,4,What must be recorded?,record the arrival temperature,Arrival temperature with operator ID and current date.,False,fuzzy_0.481,False,"The model answer includes additional details (operator ID and current date) not mentioned in the expected answer, and does not explicitly state 'record the arrival temperature' as required."
procedural_instructions-04,procedural_instructions,COMPACT_ENGLISH,5,What action is explicitly prohibited?,do not accept an unlabeled specimen,Accepting unlabeled specimen.,False,fuzzy_0.833,False,"The model answer states the action without explicitly indicating it is prohibited, whereas the expected answer clearly states 'do not accept,' explicitly prohibiting the action."
procedural_instructions-04,procedural_instructions,TOKEN_OPTIMIZED,1,What is the first operational step?,inspect the temperature indicator,Inspect temperature indicator.,True,normalized_exact,True,"The model answer correctly identifies the first operational step as inspecting the temperature indicator, matching the expected answer in meaning despite minor wording differences."
procedural_instructions-04,procedural_instructions,TOKEN_OPTIMIZED,2,What is the next preparation step?,compare the packing list with the order,Compare packing list with order.,True,normalized_exact,True,The model answer correctly conveys the expected step with equivalent wording and no missing information.
procedural_instructions-04,procedural_instructions,TOKEN_OPTIMIZED,3,What is the acceptance checkpoint?,photograph any damaged seal before opening,Seal condition verification,False,fuzzy_0.261,False,"The model answer 'Seal condition verification' is related but does not explicitly mention photographing any damaged seal before opening, which is the key part of the expected answer."
procedural_instructions-04,procedural_instructions,TOKEN_OPTIMIZED,4,What must be recorded?,record the arrival temperature,"Arrival temperature, operator ID, and current date must be recorded in the designated log.",False,fuzzy_0.349,False,"The model answer includes additional information (operator ID and current date) not mentioned in the expected answer, and does not explicitly state that only the arrival temperature must be recorded. The expected answer specifically requires recording the arrival temperature, which is included, but the extra details are not required and may cause confusion."
procedural_instructions-04,procedural_instructions,TOKEN_OPTIMIZED,5,What action is explicitly prohibited?,do not accept an unlabeled specimen,Do not accept unlabeled specimen under any circumstances.,True,normalized_containment,True,"The model answer explicitly states the prohibition of accepting an unlabeled specimen, matching the expected answer's meaning with acceptable additional emphasis."
procedural_instructions-05,procedural_instructions,ORIGINAL,1,What is the first operational step?,lock the reporting period,Lock the reporting period.,True,normalized_exact,True,"The model answer matches the expected answer exactly, differing only in capitalization which does not affect semantic correctness."
procedural_instructions-05,procedural_instructions,ORIGINAL,2,What is the next preparation step?,reconcile totals with the ledger,Have a second analyst verify exceptions.,False,fuzzy_0.338,False,"The model answer suggests having a second analyst verify exceptions, which is not the same as reconciling totals with the ledger, the expected next preparation step."
procedural_instructions-05,procedural_instructions,ORIGINAL,3,What is the acceptance checkpoint?,have a second analyst verify exceptions,The acceptance checkpoint is the verification of exceptions by a second analyst.,False,fuzzy_0.340,True,The model answer accurately restates the expected answer with equivalent meaning and no contradictions.
procedural_instructions-05,procedural_instructions,ORIGINAL,4,What must be recorded?,record the approval timestamp,"The approval timestamp, identifying the operator and using the current date, must be recorded in the designated log.",False,fuzzy_0.295,True,"The model answer correctly states that the approval timestamp must be recorded and adds relevant details about identifying the operator and using the current date, which are harmless extra details."
procedural_instructions-05,procedural_instructions,ORIGINAL,5,What action is explicitly prohibited?,do not include customer identifiers,Including customer identifiers.,False,fuzzy_0.831,False,"The model answer states 'Including customer identifiers,' which is a phrase rather than an explicit prohibition. The expected answer clearly states the prohibition as 'do not include customer identifiers,' explicitly indicating the action is prohibited."
procedural_instructions-05,procedural_instructions,COMPACT_ENGLISH,1,What is the first operational step?,lock the reporting period,Lock reporting period first.,True,normalized_containment,True,"The model answer conveys the same meaning as the expected answer, with equivalent wording and the correct sequence."
procedural_instructions-05,procedural_instructions,COMPACT_ENGLISH,2,What is the next preparation step?,reconcile totals with the ledger,Lock reporting period first.,False,fuzzy_0.255,False,"The model answer suggests locking the reporting period first, which is not the expected next step. The expected answer is to reconcile totals with the ledger, which is a different and specific preparation step."
procedural_instructions-05,procedural_instructions,COMPACT_ENGLISH,3,What is the acceptance checkpoint?,have a second analyst verify exceptions,The acceptance checkpoint is the second analyst verifying exceptions.,False,fuzzy_0.722,True,The model answer correctly restates the expected answer with equivalent meaning and no contradictions.
procedural_instructions-05,procedural_instructions,COMPACT_ENGLISH,4,What must be recorded?,record the approval timestamp,Approval time with operator ID and current date.,False,fuzzy_0.417,False,"The expected answer specifies only the approval timestamp must be recorded, while the model answer adds operator ID and current date, which is extra but acceptable. However, the model answer uses 'Approval time' instead of 'approval timestamp', which is semantically equivalent. The extra details are harmless, so the model answer is semantically correct relative to the expected answer."
procedural_instructions-05,procedural_instructions,COMPACT_ENGLISH,5,What action is explicitly prohibited?,do not include customer identifiers,Including customer IDs in the report.,False,fuzzy_0.597,True,"The model answer correctly identifies that including customer identifiers (customer IDs) is the prohibited action, matching the expected answer's meaning."
procedural_instructions-05,procedural_instructions,TOKEN_OPTIMIZED,1,What is the first operational step?,lock the reporting period,Lock reporting period (first step).,True,normalized_containment,True,"The model answer correctly identifies 'lock the reporting period' as the first operational step, matching the expected answer in meaning despite slight wording differences."
procedural_instructions-05,procedural_instructions,TOKEN_OPTIMIZED,2,What is the next preparation step?,reconcile totals with the ledger,Lock reporting period (first step).,False,fuzzy_0.230,False,"The model answer describes the first step, but the expected answer specifies the next preparation step, which is to reconcile totals with the ledger."
procedural_instructions-05,procedural_instructions,TOKEN_OPTIMIZED,3,What is the acceptance checkpoint?,have a second analyst verify exceptions,The acceptance checkpoint is the second analyst's verification of exceptions.,False,fuzzy_0.648,True,The model answer correctly restates the expected answer with equivalent meaning and no contradictions.
procedural_instructions-05,procedural_instructions,TOKEN_OPTIMIZED,4,What must be recorded?,record the approval timestamp,"Approval timestamp, operator ID, and current date.",False,fuzzy_0.500,False,"The model answer includes additional information (operator ID and current date) not mentioned in the expected answer, and does not exactly match the required 'approval timestamp' alone."
procedural_instructions-05,procedural_instructions,TOKEN_OPTIMIZED,5,What action is explicitly prohibited?,do not include customer identifiers,No improvised repairs unless procedure explicitly authorizes.,False,fuzzy_0.232,False,The model answer addresses a different prohibited action (improvised repairs) rather than the expected prohibition of including customer identifiers.
project_status_reports-01,project_status_reports,ORIGINAL,1,What is the project's overall status?,green,Green,True,normalized_exact,True,"The model answer 'Green' matches the expected answer 'green' in meaning, with only a difference in capitalization which is acceptable."
project_status_reports-01,project_status_reports,ORIGINAL,2,What percentage of planned work is complete?,72 percent,72 percent,True,normalized_exact,True,The model answer matches the expected answer exactly in both value and format.
project_status_reports-01,project_status_reports,ORIGINAL,3,What is the next major milestone?,data ingestion,"Data ingestion, due June 28.",True,normalized_containment,True,"The model answer correctly identifies 'data ingestion' as the next major milestone, matching the expected answer, with harmless additional detail about the due date."
project_status_reports-01,project_status_reports,ORIGINAL,4,What is the leading risk?,schema changes from the vendor,Schema changes from the vendor.,True,normalized_exact,True,"The model answer matches the expected answer exactly, differing only in capitalization which does not affect semantic correctness."
project_status_reports-01,project_status_reports,ORIGINAL,5,Who owns coordination of the mitigation?,Nina,Nina,True,normalized_exact,True,"The model answer correctly identifies 'Nina' as the owner of coordination of the mitigation, matching the expected answer exactly."
project_status_reports-01,project_status_reports,COMPACT_ENGLISH,1,What is the project's overall status?,green,The project's overall status is green.,True,normalized_containment,True,"The model answer correctly states the project's overall status as green, matching the expected answer with equivalent wording."
project_status_reports-01,project_status_reports,COMPACT_ENGLISH,2,What percentage of planned work is complete?,72 percent,72%,True,normalized_containment,True,The model answer '72%' is semantically equivalent to '72 percent' in the expected answer.
project_status_reports-01,project_status_reports,COMPACT_ENGLISH,3,What is the next major milestone?,data ingestion,"Data ingestion, due June 28.",True,normalized_containment,True,"The model answer correctly identifies 'data ingestion' as the next major milestone, matching the expected answer, with harmless additional detail about the due date."
project_status_reports-01,project_status_reports,COMPACT_ENGLISH,4,What is the leading risk?,schema changes from the vendor,Vendor schema changes.,False,fuzzy_0.596,True,The model answer conveys the same meaning as the expected answer with equivalent wording.
project_status_reports-01,project_status_reports,COMPACT_ENGLISH,5,Who owns coordination of the mitigation?,Nina,Nina,True,normalized_exact,True,"The model answer correctly identifies 'Nina' as the owner of coordination of the mitigation, matching the expected answer exactly."
project_status_reports-01,project_status_reports,TOKEN_OPTIMIZED,1,What is the project's overall status?,green,Green,True,normalized_exact,True,"The model answer 'Green' matches the expected answer 'green' in meaning, with only a difference in capitalization which is acceptable."
project_status_reports-01,project_status_reports,TOKEN_OPTIMIZED,2,What percentage of planned work is complete?,72 percent,72 percent,True,normalized_exact,True,The model answer matches the expected answer exactly in both value and format.
project_status_reports-01,project_status_reports,TOKEN_OPTIMIZED,3,What is the next major milestone?,data ingestion,"Data ingestion, due June 28.",True,normalized_containment,True,"The model answer correctly identifies 'data ingestion' as the next major milestone, matching the expected answer, with harmless additional detail about the due date."
project_status_reports-01,project_status_reports,TOKEN_OPTIMIZED,4,What is the leading risk?,schema changes from the vendor,Schema changes from the vendor.,True,normalized_exact,True,"The model answer matches the expected answer exactly, differing only in capitalization which does not affect semantic correctness."
project_status_reports-01,project_status_reports,TOKEN_OPTIMIZED,5,Who owns coordination of the mitigation?,Nina,Nina,True,normalized_exact,True,"The model answer correctly identifies 'Nina' as the owner of coordination of the mitigation, matching the expected answer exactly."
project_status_reports-02,project_status_reports,ORIGINAL,1,What is the project's overall status?,amber,Amber,True,normalized_exact,True,"The model answer 'Amber' matches the expected answer 'amber' with only a difference in capitalization, which is acceptable."
project_status_reports-02,project_status_reports,ORIGINAL,2,What percentage of planned work is complete?,48 percent,48 percent,True,normalized_exact,True,The model answer matches the expected answer exactly.
project_status_reports-02,project_status_reports,ORIGINAL,3,What is the next major milestone?,electrical rough-in,"Electrical rough-in, due August 9.",True,normalized_containment,True,"The model answer correctly identifies 'electrical rough-in' as the next major milestone, matching the expected answer, with additional harmless detail about the due date."
project_status_reports-02,project_status_reports,ORIGINAL,4,What is the leading risk?,permit review taking longer than planned,Permit review taking longer than planned.,True,normalized_exact,True,"The model answer matches the expected answer exactly, with only a difference in capitalization which does not affect semantic correctness."
project_status_reports-02,project_status_reports,ORIGINAL,5,Who owns coordination of the mitigation?,Owen,Owen,True,normalized_exact,True,The model answer matches the expected answer exactly.
project_status_reports-02,project_status_reports,COMPACT_ENGLISH,1,What is the project's overall status?,amber,Amber,True,normalized_exact,True,"The model answer 'Amber' matches the expected answer 'amber' with only a difference in capitalization, which is acceptable."
project_status_reports-02,project_status_reports,COMPACT_ENGLISH,2,What percentage of planned work is complete?,48 percent,48%,True,normalized_containment,True,The model answer '48%' is semantically equivalent to '48 percent' in the expected answer.
project_status_reports-02,project_status_reports,COMPACT_ENGLISH,3,What is the next major milestone?,electrical rough-in,Electrical rough-in due Aug 9,True,normalized_containment,True,"The model answer correctly identifies the next major milestone as 'electrical rough-in' and adds a specific date, which is acceptable extra detail."
project_status_reports-02,project_status_reports,COMPACT_ENGLISH,4,What is the leading risk?,permit review taking longer than planned,Permit review delay,False,fuzzy_0.576,True,The model answer 'Permit review delay' is semantically equivalent to 'permit review taking longer than planned' and conveys the same leading risk.
project_status_reports-02,project_status_reports,COMPACT_ENGLISH,5,Who owns coordination of the mitigation?,Owen,Owen,True,normalized_exact,True,The model answer matches the expected answer exactly.
project_status_reports-02,project_status_reports,TOKEN_OPTIMIZED,1,What is the project's overall status?,amber,Amber,True,normalized_exact,True,"The model answer 'Amber' matches the expected answer 'amber' with only a difference in capitalization, which is acceptable."
project_status_reports-02,project_status_reports,TOKEN_OPTIMIZED,2,What percentage of planned work is complete?,48 percent,48%,True,normalized_containment,True,The model answer '48%' is semantically equivalent to '48 percent' in the expected answer.
project_status_reports-02,project_status_reports,TOKEN_OPTIMIZED,3,What is the next major milestone?,electrical rough-in,Electrical rough-in,True,normalized_exact,True,"The model answer matches the expected answer exactly, differing only in capitalization which does not affect semantic correctness."
project_status_reports-02,project_status_reports,TOKEN_OPTIMIZED,4,What is the leading risk?,permit review taking longer than planned,Permit review delay,False,fuzzy_0.576,True,The model answer 'Permit review delay' is semantically equivalent to 'permit review taking longer than planned' and conveys the same leading risk.
project_status_reports-02,project_status_reports,TOKEN_OPTIMIZED,5,Who owns coordination of the mitigation?,Owen,Owen,True,normalized_exact,True,The model answer matches the expected answer exactly.
project_status_reports-03,project_status_reports,ORIGINAL,1,What is the project's overall status?,green,Green,True,normalized_exact,True,"The model answer 'Green' matches the expected answer 'green' in meaning, with only a difference in capitalization which is acceptable."
project_status_reports-03,project_status_reports,ORIGINAL,2,What percentage of planned work is complete?,83 percent,83 percent,True,normalized_exact,True,The model answer matches the expected answer exactly.
project_status_reports-03,project_status_reports,ORIGINAL,3,What is the next major milestone?,response cleaning,"Response cleaning, due March 15.",True,normalized_containment,True,"The model answer correctly identifies 'response cleaning' as the next major milestone, adding a due date which is harmless extra detail."
project_status_reports-03,project_status_reports,ORIGINAL,4,What is the leading risk?,lower participation from two districts,Lower participation from two districts.,True,normalized_exact,True,"The model answer matches the expected answer exactly in meaning and content, with only minor differences in capitalization and punctuation that do not affect correctness."
project_status_reports-03,project_status_reports,ORIGINAL,5,Who owns coordination of the mitigation?,Fatima,Fatima,True,normalized_exact,True,The model answer matches the expected answer exactly.
project_status_reports-03,project_status_reports,COMPACT_ENGLISH,1,What is the project's overall status?,green,Green,True,normalized_exact,True,"The model answer 'Green' matches the expected answer 'green' in meaning, with only a difference in capitalization which is acceptable."
project_status_reports-03,project_status_reports,COMPACT_ENGLISH,2,What percentage of planned work is complete?,83 percent,83%,True,normalized_containment,True,The model answer '83%' is semantically equivalent to '83 percent' in the expected answer.
project_status_reports-03,project_status_reports,COMPACT_ENGLISH,3,What is the next major milestone?,response cleaning,"Response cleaning, due Mar 15.",True,normalized_containment,True,"The model answer correctly identifies 'response cleaning' as the next major milestone, matching the expected answer. The additional due date information is harmless extra detail."
project_status_reports-03,project_status_reports,COMPACT_ENGLISH,4,What is the leading risk?,lower participation from two districts,Low participation from two districts.,True,fuzzy_0.973,True,"The model answer correctly identifies the leading risk as low participation from two districts, which is semantically equivalent to the expected answer's 'lower participation from two districts.'"
project_status_reports-03,project_status_reports,COMPACT_ENGLISH,5,Who owns coordination of the mitigation?,Fatima,Fatima,True,normalized_exact,True,The model answer matches the expected answer exactly.
project_status_reports-03,project_status_reports,TOKEN_OPTIMIZED,1,What is the project's overall status?,green,green,True,normalized_exact,True,The model answer matches the expected answer exactly.
project_status_reports-03,project_status_reports,TOKEN_OPTIMIZED,2,What percentage of planned work is complete?,83 percent,83%,True,normalized_containment,True,The model answer '83%' is semantically equivalent to '83 percent' in the expected answer.
project_status_reports-03,project_status_reports,TOKEN_OPTIMIZED,3,What is the next major milestone?,response cleaning,responseCleaning@Mar15,False,fuzzy_0.821,False,The model answer includes additional details ('@Mar15') not present in the expected answer and uses camelCase instead of the expected lowercase phrase 'response cleaning'.
project_status_reports-03,project_status_reports,TOKEN_OPTIMIZED,4,What is the leading risk?,lower participation from two districts,lowParticipation(2Districts),False,fuzzy_0.800,True,"The model answer correctly identifies the leading risk as lower participation from two districts, matching the expected answer's meaning despite different wording."
project_status_reports-03,project_status_reports,TOKEN_OPTIMIZED,5,Who owns coordination of the mitigation?,Fatima,Fatima,True,normalized_exact,True,The model answer matches the expected answer exactly.
project_status_reports-04,project_status_reports,ORIGINAL,1,What is the project's overall status?,red,Red,True,normalized_exact,True,"The model answer 'Red' matches the expected answer 'red' in meaning, with only a difference in capitalization which is acceptable."
project_status_reports-04,project_status_reports,ORIGINAL,2,What percentage of planned work is complete?,39 percent,39 percent,True,normalized_exact,True,The model answer matches the expected answer exactly in both value and format.
project_status_reports-04,project_status_reports,ORIGINAL,3,What is the next major milestone?,identity integration,"Identity integration, due November 3.",True,normalized_containment,True,"The model answer correctly identifies 'identity integration' as the next major milestone, matching the expected answer, with harmless additional detail about the due date."
project_status_reports-04,project_status_reports,ORIGINAL,4,What is the leading risk?,legacy accounts missing stable identifiers,Legacy accounts missing stable identifiers.,True,normalized_exact,True,"The model answer matches the expected answer exactly, with only capitalization differences which are acceptable."
project_status_reports-04,project_status_reports,ORIGINAL,5,Who owns coordination of the mitigation?,Chen,Chen,True,normalized_exact,True,The model answer matches the expected answer exactly.
project_status_reports-04,project_status_reports,COMPACT_ENGLISH,1,What is the project's overall status?,red,Red,True,normalized_exact,True,"The model answer 'Red' matches the expected answer 'red' in meaning, with only a difference in capitalization which is acceptable."
project_status_reports-04,project_status_reports,COMPACT_ENGLISH,2,What percentage of planned work is complete?,39 percent,39%,True,normalized_containment,True,The model answer '39%' is semantically equivalent to '39 percent' as both represent the same value.
project_status_reports-04,project_status_reports,COMPACT_ENGLISH,3,What is the next major milestone?,identity integration,Identity integration due Nov 3.,True,normalized_containment,True,"The model answer correctly identifies 'identity integration' as the next major milestone and adds a due date, which is acceptable extra detail."
project_status_reports-04,project_status_reports,COMPACT_ENGLISH,4,What is the leading risk?,legacy accounts missing stable identifiers,Legacy accounts lack stable IDs.,False,fuzzy_0.740,True,"The model answer correctly identifies 'legacy accounts' and the issue of 'lack of stable IDs,' which is equivalent to 'missing stable identifiers' in the expected answer."
project_status_reports-04,project_status_reports,COMPACT_ENGLISH,5,Who owns coordination of the mitigation?,Chen,Chen,True,normalized_exact,True,The model answer matches the expected answer exactly.
project_status_reports-04,project_status_reports,TOKEN_OPTIMIZED,1,What is the project's overall status?,red,Red,True,normalized_exact,True,"The model answer 'Red' matches the expected answer 'red' in meaning, with only a difference in capitalization which is acceptable."
project_status_reports-04,project_status_reports,TOKEN_OPTIMIZED,2,What percentage of planned work is complete?,39 percent,39%,True,normalized_containment,True,The model answer '39%' is semantically equivalent to '39 percent' as both represent the same value.
project_status_reports-04,project_status_reports,TOKEN_OPTIMIZED,3,What is the next major milestone?,identity integration,"Identity integration, due 2023-11-03",True,normalized_containment,True,"The model answer correctly identifies 'identity integration' as the next major milestone, matching the expected answer. The additional date detail is harmless extra information."
project_status_reports-04,project_status_reports,TOKEN_OPTIMIZED,4,What is the leading risk?,legacy accounts missing stable identifiers,Legacy accounts lack stable IDs,False,fuzzy_0.740,True,"The model answer correctly identifies the leading risk as legacy accounts missing stable identifiers, using equivalent wording."
project_status_reports-04,project_status_reports,TOKEN_OPTIMIZED,5,Who owns coordination of the mitigation?,Chen,Chen,True,normalized_exact,True,The model answer matches the expected answer exactly.
project_status_reports-05,project_status_reports,ORIGINAL,1,What is the project's overall status?,amber,Amber,True,normalized_exact,True,"The model answer 'Amber' matches the expected answer 'amber' with only a difference in capitalization, which is acceptable."
project_status_reports-05,project_status_reports,ORIGINAL,2,What percentage of planned work is complete?,65 percent,65 percent,True,normalized_exact,True,The model answer matches the expected answer exactly.
project_status_reports-05,project_status_reports,ORIGINAL,3,What is the next major milestone?,instructor review,"Instructor review, due January 19.",True,normalized_containment,True,"The model answer correctly identifies 'Instructor review' as the next major milestone, matching the expected answer. The additional detail about the due date is harmless extra information."
project_status_reports-05,project_status_reports,ORIGINAL,4,What is the leading risk?,two modules need accessibility revisions,Two modules need accessibility revisions.,True,normalized_exact,True,"The model answer matches the expected answer exactly in meaning and content, with only minor differences in capitalization and punctuation that do not affect correctness."
project_status_reports-05,project_status_reports,ORIGINAL,5,Who owns coordination of the mitigation?,Grace,Grace,True,normalized_exact,True,The model answer matches the expected answer exactly.
project_status_reports-05,project_status_reports,COMPACT_ENGLISH,1,What is the project's overall status?,amber,Amber,True,normalized_exact,True,"The model answer 'Amber' matches the expected answer 'amber' with only a difference in capitalization, which is acceptable."
project_status_reports-05,project_status_reports,COMPACT_ENGLISH,2,What percentage of planned work is complete?,65 percent,Approximately 65%,False,fuzzy_0.154,True,The model answer 'Approximately 65%' is semantically equivalent to the expected answer '65 percent' and conveys the same information.
project_status_reports-05,project_status_reports,COMPACT_ENGLISH,3,What is the next major milestone?,instructor review,Instructor review due Jan 19.,True,normalized_containment,True,"The model answer correctly identifies the next major milestone as 'instructor review,' matching the expected answer, with additional harmless detail about the due date."
project_status_reports-05,project_status_reports,COMPACT_ENGLISH,4,What is the leading risk?,two modules need accessibility revisions,Two modules need accessibility fixes.,True,fuzzy_0.868,True,"The model answer correctly identifies the leading risk as two modules needing accessibility revisions, using synonymous wording ('fixes' instead of 'revisions')."
project_status_reports-05,project_status_reports,COMPACT_ENGLISH,5,Who owns coordination of the mitigation?,Grace,Grace,True,normalized_exact,True,The model answer matches the expected answer exactly.
project_status_reports-05,project_status_reports,TOKEN_OPTIMIZED,1,What is the project's overall status?,amber,amber,True,normalized_exact,True,The model answer matches the expected answer exactly.
project_status_reports-05,project_status_reports,TOKEN_OPTIMIZED,2,What percentage of planned work is complete?,65 percent,65%,True,normalized_containment,True,The model answer '65%' is semantically equivalent to '65 percent' in the expected answer.
project_status_reports-05,project_status_reports,TOKEN_OPTIMIZED,3,What is the next major milestone?,instructor review,instructorReviewDue(2024-01-19),False,fuzzy_0.681,False,"The model answer includes a specific date and a different format, while the expected answer is simply 'instructor review'; the model answer is not semantically equivalent."
project_status_reports-05,project_status_reports,TOKEN_OPTIMIZED,4,What is the leading risk?,two modules need accessibility revisions,Two modules require accessibility revisions,True,fuzzy_0.916,True,The model answer conveys the same meaning as the expected answer with equivalent wording and no contradictions.
project_status_reports-05,project_status_reports,TOKEN_OPTIMIZED,5,Who owns coordination of the mitigation?,Grace,Grace,True,normalized_exact,True,The model answer matches the expected answer exactly.
structured_business-01,structured_business,ORIGINAL,1,What recognized revenue did the region report?,$1.84 million,$1.84 million,True,normalized_exact,True,The model answer matches the expected answer exactly.
structured_business-01,structured_business,ORIGINAL,2,What was the year-over-year growth?,12 percent,12 percent,True,normalized_exact,True,The model answer matches the expected answer exactly.
structured_business-01,structured_business,ORIGINAL,3,Which product family was strongest?,Aster line,The Aster line,True,normalized_exact,True,"The model answer correctly identifies 'Aster line' as the strongest product family, matching the expected answer with equivalent wording."
structured_business-01,structured_business,ORIGINAL,4,What gross margin was reported?,38 percent,38 percent,True,normalized_exact,True,The model answer matches the expected answer exactly with '38 percent'.
structured_business-01,structured_business,ORIGINAL,5,What is the open receivable for the largest named account?,"$210,000","$210,000",True,normalized_exact,True,The model answer matches the expected answer exactly.
structured_business-01,structured_business,COMPACT_ENGLISH,1,What recognized revenue did the region report?,$1.84 million,$1.84M,False,fuzzy_0.588,True,"The model answer correctly states the recognized revenue as $1.84 million, using 'M' as an abbreviation for million, which is semantically equivalent to the expected answer."
structured_business-01,structured_business,COMPACT_ENGLISH,2,What was the year-over-year growth?,12 percent,The year-over-year growth is not provided in the context.,False,fuzzy_0.207,True,"The model answer correctly states that the year-over-year growth is not provided, which aligns with the lack of information in the question."
structured_business-01,structured_business,COMPACT_ENGLISH,3,Which product family was strongest?,Aster line,Aster line,True,normalized_exact,True,The model answer matches the expected answer exactly.
structured_business-01,structured_business,COMPACT_ENGLISH,4,What gross margin was reported?,38 percent,38%,True,normalized_containment,True,The model answer '38%' is semantically equivalent to '38 percent' as expected.
structured_business-01,structured_business,COMPACT_ENGLISH,5,What is the open receivable for the largest named account?,"$210,000",$210K,False,fuzzy_0.545,True,"The model answer uses 'K' as an abbreviation for thousand, which is equivalent to the expected answer of '$210,000'."
structured_business-01,structured_business,TOKEN_OPTIMIZED,1,What recognized revenue did the region report?,$1.84 million,$1.84 million,True,normalized_exact,True,The model answer matches the expected answer exactly.
structured_business-01,structured_business,TOKEN_OPTIMIZED,2,What was the year-over-year growth?,12 percent,The context does not provide information about the year-over-year growth.,False,fuzzy_0.162,True,"The model answer correctly states that the context does not provide information about the year-over-year growth, which aligns with the expected answer requiring '12 percent' only if that information was given."
structured_business-01,structured_business,TOKEN_OPTIMIZED,3,Which product family was strongest?,Aster line,Aster line,True,normalized_exact,True,The model answer matches the expected answer exactly.
structured_business-01,structured_business,TOKEN_OPTIMIZED,4,What gross margin was reported?,38 percent,38%,True,normalized_containment,True,The model answer '38%' is semantically equivalent to '38 percent' as expected.
structured_business-01,structured_business,TOKEN_OPTIMIZED,5,What is the open receivable for the largest named account?,"$210,000",$210K,False,fuzzy_0.545,True,"The model answer uses 'K' as an abbreviation for thousand, which is equivalent to the expected answer of '$210,000'."
structured_business-02,structured_business,ORIGINAL,1,What recognized revenue did the region report?,$2.15 million,$2.15 million,True,normalized_exact,True,"The model answer matches the expected answer exactly, providing the recognized revenue as $2.15 million."
structured_business-02,structured_business,ORIGINAL,2,What was the year-over-year growth?,8 percent,8 percent,True,normalized_exact,True,The model answer matches the expected answer exactly.
structured_business-02,structured_business,ORIGINAL,3,Which product family was strongest?,Beacon line,Beacon line,True,normalized_exact,True,"The model answer matches the expected answer exactly, correctly identifying the strongest product family as the Beacon line."
structured_business-02,structured_business,ORIGINAL,4,What gross margin was reported?,42 percent,42 percent,True,normalized_exact,True,The model answer matches the expected answer exactly with '42 percent'.
structured_business-02,structured_business,ORIGINAL,5,What is the open receivable for the largest named account?,"$185,000","$185,000",True,normalized_exact,True,The model answer matches the expected answer exactly.
structured_business-02,structured_business,COMPACT_ENGLISH,1,What recognized revenue did the region report?,$2.15 million,$2.15M,False,fuzzy_0.588,True,"The model answer correctly states the recognized revenue as $2.15 million, using 'M' as an abbreviation for million, which is semantically equivalent to the expected answer."
structured_business-02,structured_business,COMPACT_ENGLISH,2,What was the year-over-year growth?,8 percent,The context does not provide information about year-over-year growth.,False,fuzzy_0.164,False,"The expected answer specifies '8 percent' as the year-over-year growth, but the model answer states that the information is not provided, which contradicts the expected answer."
structured_business-02,structured_business,COMPACT_ENGLISH,3,Which product family was strongest?,Beacon line,Beacon product family,False,fuzzy_0.500,True,"The model answer correctly identifies the 'Beacon' product family as the strongest, which matches the expected answer. The addition of the word 'product family' does not change the meaning."
structured_business-02,structured_business,COMPACT_ENGLISH,4,What gross margin was reported?,42 percent,42%,True,normalized_containment,True,The model answer '42%' is semantically equivalent to '42 percent' as expected.
structured_business-02,structured_business,COMPACT_ENGLISH,5,What is the open receivable for the largest named account?,"$185,000",$185K,False,fuzzy_0.545,True,"The model answer uses 'K' to denote thousand, which is equivalent to '$185,000' in the expected answer."
structured_business-02,structured_business,TOKEN_OPTIMIZED,1,What recognized revenue did the region report?,$2.15 million,$2.15 million,True,normalized_exact,True,"The model answer matches the expected answer exactly, providing the recognized revenue as $2.15 million."
structured_business-02,structured_business,TOKEN_OPTIMIZED,2,What was the year-over-year growth?,8 percent,The context only provides quarter-over-quarter growth (+8% QoQ); year-over-year growth is not mentioned.,False,fuzzy_0.136,True,The model correctly identifies that the provided context only mentions quarter-over-quarter growth and does not provide year-over-year growth information.
structured_business-02,structured_business,TOKEN_OPTIMIZED,3,Which product family was strongest?,Beacon line,Beacon line,True,normalized_exact,True,"The model answer matches the expected answer exactly, correctly identifying the strongest product family as the Beacon line."
structured_business-02,structured_business,TOKEN_OPTIMIZED,4,What gross margin was reported?,42 percent,42%,True,normalized_containment,True,The model answer '42%' is semantically equivalent to '42 percent' as expected.
structured_business-02,structured_business,TOKEN_OPTIMIZED,5,What is the open receivable for the largest named account?,"$185,000",$185K,False,fuzzy_0.545,True,"The model answer uses 'K' to denote thousand, which is equivalent to '$185,000' in the expected answer."
structured_business-03,structured_business,ORIGINAL,1,What recognized revenue did the region report?,$1.62 million,$1.62 million,True,normalized_exact,True,"The model answer matches the expected answer exactly, providing the recognized revenue as $1.62 million."
structured_business-03,structured_business,ORIGINAL,2,What was the year-over-year growth?,15 percent,15 percent,True,normalized_exact,True,The model answer matches the expected answer exactly.
structured_business-03,structured_business,ORIGINAL,3,Which product family was strongest?,Cobalt line,The Cobalt line,True,normalized_exact,True,"The model answer correctly identifies the 'Cobalt line' as the strongest product family, matching the expected answer with equivalent wording."
structured_business-03,structured_business,ORIGINAL,4,What gross margin was reported?,35 percent,35 percent,True,normalized_exact,True,The model answer matches the expected answer exactly with the correct gross margin percentage.
structured_business-03,structured_business,ORIGINAL,5,What is the open receivable for the largest named account?,"$240,000","$240,000",True,normalized_exact,True,"The model answer matches the expected answer exactly, providing the correct open receivable amount for the largest named account."
structured_business-03,structured_business,COMPACT_ENGLISH,1,What recognized revenue did the region report?,$1.62 million,$1.62 million,True,normalized_exact,True,"The model answer matches the expected answer exactly, providing the recognized revenue as $1.62 million."
structured_business-03,structured_business,COMPACT_ENGLISH,2,What was the year-over-year growth?,15 percent,The year-over-year growth is not provided in the context.,False,fuzzy_0.207,False,"The expected answer specifies '15 percent' as the year-over-year growth, but the model answer states it is not provided, which contradicts the expected answer."
structured_business-03,structured_business,COMPACT_ENGLISH,3,Which product family was strongest?,Cobalt line,Cobalt line,True,normalized_exact,True,"The model answer matches the expected answer exactly, correctly identifying the strongest product family as the Cobalt line."
structured_business-03,structured_business,COMPACT_ENGLISH,4,What gross margin was reported?,35 percent,35%,True,normalized_containment,True,The model answer '35%' is semantically equivalent to '35 percent' in the expected answer.
structured_business-03,structured_business,COMPACT_ENGLISH,5,What is the open receivable for the largest named account?,"$240,000",$240K,False,fuzzy_0.545,True,"The model answer uses 'K' as an abbreviation for thousand, which is equivalent to the expected answer of '$240,000'."
structured_business-03,structured_business,TOKEN_OPTIMIZED,1,What recognized revenue did the region report?,$1.62 million,$1.62 million,True,normalized_exact,True,"The model answer matches the expected answer exactly, providing the recognized revenue as $1.62 million."
structured_business-03,structured_business,TOKEN_OPTIMIZED,2,What was the year-over-year growth?,15 percent,The context does not provide information about year-over-year growth.,False,fuzzy_0.162,True,"The model answer correctly states that the context does not provide information about year-over-year growth, which matches the lack of data in the expected answer."
structured_business-03,structured_business,TOKEN_OPTIMIZED,3,Which product family was strongest?,Cobalt line,Cobalt line,True,normalized_exact,True,"The model answer matches the expected answer exactly, correctly identifying the strongest product family as the Cobalt line."
structured_business-03,structured_business,TOKEN_OPTIMIZED,4,What gross margin was reported?,35 percent,35%,True,normalized_containment,True,The model answer '35%' is semantically equivalent to '35 percent' in the expected answer.
structured_business-03,structured_business,TOKEN_OPTIMIZED,5,What is the open receivable for the largest named account?,"$240,000",$240K,False,fuzzy_0.545,True,"The model answer uses 'K' as an abbreviation for thousand, which is equivalent to the expected answer of '$240,000'."
structured_business-04,structured_business,ORIGINAL,1,What recognized revenue did the region report?,$2.48 million,$2.48 million,True,normalized_exact,True,"The model answer matches the expected answer exactly, providing the recognized revenue as $2.48 million."
structured_business-04,structured_business,ORIGINAL,2,What was the year-over-year growth?,5 percent,5 percent,True,normalized_exact,True,The model answer matches the expected answer exactly.
structured_business-04,structured_business,ORIGINAL,3,Which product family was strongest?,Delta line,Delta line,True,normalized_exact,True,The model answer matches the expected answer exactly.
structured_business-04,structured_business,ORIGINAL,4,What gross margin was reported?,31 percent,31 percent,True,normalized_exact,True,The model answer matches the expected answer exactly with '31 percent'.
structured_business-04,structured_business,ORIGINAL,5,What is the open receivable for the largest named account?,"$195,000","$195,000",True,normalized_exact,True,The model answer matches the expected answer exactly.
structured_business-04,structured_business,COMPACT_ENGLISH,1,What recognized revenue did the region report?,$2.48 million,$2.48M,False,fuzzy_0.588,True,"The model answer correctly states the recognized revenue as $2.48 million, using 'M' as an accepted abbreviation for million."
structured_business-04,structured_business,COMPACT_ENGLISH,2,What was the year-over-year growth?,5 percent,The context does not provide information about year-over-year growth.,False,fuzzy_0.164,True,"The model answer correctly states that the context does not provide information about year-over-year growth, which matches the expected answer's requirement for the specific data."
structured_business-04,structured_business,COMPACT_ENGLISH,3,Which product family was strongest?,Delta line,Delta product line,False,fuzzy_0.714,True,"The model answer correctly identifies the 'Delta' product family as the strongest, with only a minor wording difference ('product line' vs. 'line') that does not change the meaning."
structured_business-04,structured_business,COMPACT_ENGLISH,4,What gross margin was reported?,31 percent,31%,True,normalized_containment,True,The model answer '31%' is semantically equivalent to '31 percent' as expected.
structured_business-04,structured_business,COMPACT_ENGLISH,5,What is the open receivable for the largest named account?,"$195,000",$195K,False,fuzzy_0.545,True,"The model answer uses 'K' as an abbreviation for thousand, which is semantically equivalent to the expected answer of '$195,000'."
structured_business-04,structured_business,TOKEN_OPTIMIZED,1,What recognized revenue did the region report?,$2.48 million,$2.48M,False,fuzzy_0.588,True,"The model answer correctly states the recognized revenue as $2.48 million, using 'M' as an accepted abbreviation for million."
structured_business-04,structured_business,TOKEN_OPTIMIZED,2,What was the year-over-year growth?,5 percent,The context does not provide information about year-over-year growth.,False,fuzzy_0.164,True,"The model answer correctly states that the context does not provide information about year-over-year growth, which matches the expected answer's requirement for the specific data."
structured_business-04,structured_business,TOKEN_OPTIMIZED,3,Which product family was strongest?,Delta line,Delta product family,False,fuzzy_0.467,True,"The model answer correctly identifies the 'Delta' product family as the strongest, using slightly different but equivalent wording."
structured_business-04,structured_business,TOKEN_OPTIMIZED,4,What gross margin was reported?,31 percent,31%,True,normalized_containment,True,The model answer '31%' is semantically equivalent to '31 percent' as expected.
structured_business-04,structured_business,TOKEN_OPTIMIZED,5,What is the open receivable for the largest named account?,"$195,000",$195K,False,fuzzy_0.545,True,"The model answer uses 'K' as an abbreviation for thousand, which is semantically equivalent to the expected answer of '$195,000'."
structured_business-05,structured_business,ORIGINAL,1,What recognized revenue did the region report?,$1.97 million,$1.97 million,True,normalized_exact,True,The model answer matches the expected answer exactly in both value and format.
structured_business-05,structured_business,ORIGINAL,2,What was the year-over-year growth?,10 percent,10 percent,True,normalized_exact,True,The model answer matches the expected answer exactly.
structured_business-05,structured_business,ORIGINAL,3,Which product family was strongest?,Ember line,Ember line,True,normalized_exact,True,The model answer matches the expected answer exactly.
structured_business-05,structured_business,ORIGINAL,4,What gross margin was reported?,40 percent,40 percent,True,normalized_exact,True,The model answer matches the expected answer exactly with '40 percent'.
structured_business-05,structured_business,ORIGINAL,5,What is the open receivable for the largest named account?,"$225,000","$225,000",True,normalized_exact,True,"The model answer matches the expected answer exactly, providing the correct open receivable amount for the largest named account."
structured_business-05,structured_business,COMPACT_ENGLISH,1,What recognized revenue did the region report?,$1.97 million,$1.97M,False,fuzzy_0.588,True,"The model answer correctly states the recognized revenue as $1.97 million, using 'M' as an abbreviation for million, which is semantically equivalent to the expected answer."
structured_business-05,structured_business,COMPACT_ENGLISH,2,What was the year-over-year growth?,10 percent,The year-over-year growth is not provided in the context.,False,fuzzy_0.207,False,"The expected answer specifies '10 percent' as the year-over-year growth, but the model answer states it is not provided, which contradicts the expected answer."
structured_business-05,structured_business,COMPACT_ENGLISH,3,Which product family was strongest?,Ember line,Ember line,True,normalized_exact,True,The model answer matches the expected answer exactly.
structured_business-05,structured_business,COMPACT_ENGLISH,4,What gross margin was reported?,40 percent,40%,True,normalized_containment,True,The model answer '40%' is semantically equivalent to '40 percent' as expected.
structured_business-05,structured_business,COMPACT_ENGLISH,5,What is the open receivable for the largest named account?,"$225,000",$225K,False,fuzzy_0.545,True,"The model answer uses 'K' to denote thousand, which is equivalent to the expected answer of '$225,000'."
structured_business-05,structured_business,TOKEN_OPTIMIZED,1,What recognized revenue did the region report?,$1.97 million,$1.97M,False,fuzzy_0.588,True,"The model answer correctly states the recognized revenue as $1.97 million, using 'M' as an abbreviation for million, which is semantically equivalent to the expected answer."
structured_business-05,structured_business,TOKEN_OPTIMIZED,2,What was the year-over-year growth?,10 percent,10%,True,normalized_containment,True,The model answer '10%' is semantically equivalent to '10 percent' in the expected answer.
structured_business-05,structured_business,TOKEN_OPTIMIZED,3,Which product family was strongest?,Ember line,Ember line,True,normalized_exact,True,The model answer matches the expected answer exactly.
structured_business-05,structured_business,TOKEN_OPTIMIZED,4,What gross margin was reported?,40 percent,40%,True,normalized_containment,True,The model answer '40%' is semantically equivalent to '40 percent' as expected.
structured_business-05,structured_business,TOKEN_OPTIMIZED,5,What is the open receivable for the largest named account?,"$225,000",$225K,False,fuzzy_0.545,True,"The model answer uses 'K' to denote thousand, which is equivalent to the expected answer of '$225,000'."
mixed_narrative_factual-01,mixed_narrative_factual,ORIGINAL,1,Who arrived after the morning briefing?,Rosa,Rosa,True,normalized_exact,True,"The model answer correctly identifies 'Rosa' as the person who arrived after the morning briefing, matching the expected answer exactly."
mixed_narrative_factual-01,mixed_narrative_factual,ORIGINAL,2,What item was being carried?,a blue sample case,A blue sample case,True,normalized_exact,True,"The model answer matches the expected answer exactly, differing only in capitalization which does not affect semantic correctness."
mixed_narrative_factual-01,mixed_narrative_factual,ORIGINAL,3,Where was the item placed?,the north storage room,In the north storage room.,True,normalized_containment,True,"The model answer correctly identifies the location as the north storage room, matching the expected answer, with only minor differences in capitalization and the inclusion of a preposition."
mixed_narrative_factual-01,mixed_narrative_factual,ORIGINAL,4,Who witnessed the transfer?,Jamal,Jamal,True,normalized_exact,True,The model answer matches the expected answer exactly.
mixed_narrative_factual-01,mixed_narrative_factual,ORIGINAL,5,What separate logistics update was discussed?,the replacement bridge opened at 16:00,The replacement bridge opened at 16:00.,True,normalized_exact,True,"The model answer correctly states that the replacement bridge opened at 16:00, matching the expected answer exactly."
mixed_narrative_factual-01,mixed_narrative_factual,COMPACT_ENGLISH,1,Who arrived after the morning briefing?,Rosa,Rosa,True,normalized_exact,True,"The model answer correctly identifies 'Rosa' as the person who arrived after the morning briefing, matching the expected answer exactly."
mixed_narrative_factual-01,mixed_narrative_factual,COMPACT_ENGLISH,2,What item was being carried?,a blue sample case,Blue sample case,True,normalized_exact,True,"The model answer correctly identifies the item as a blue sample case, matching the expected answer with only minor differences in capitalization and article usage."
mixed_narrative_factual-01,mixed_narrative_factual,COMPACT_ENGLISH,3,Where was the item placed?,the north storage room,In the north storage room.,True,normalized_containment,True,"The model answer correctly identifies the location as the north storage room, matching the expected answer, with only minor differences in capitalization and the inclusion of a preposition."
mixed_narrative_factual-01,mixed_narrative_factual,COMPACT_ENGLISH,4,Who witnessed the transfer?,Jamal,Jamal,True,normalized_exact,True,The model answer matches the expected answer exactly.
mixed_narrative_factual-01,mixed_narrative_factual,COMPACT_ENGLISH,5,What separate logistics update was discussed?,the replacement bridge opened at 16:00,"Replacement bridge opened at 16:00, affecting travel plans but not item's location.",True,normalized_containment,True,"The model answer correctly states that the replacement bridge opened at 16:00, which matches the expected answer. The additional detail about affecting travel plans does not contradict the expected answer and is harmless extra information."
mixed_narrative_factual-01,mixed_narrative_factual,TOKEN_OPTIMIZED,1,Who arrived after the morning briefing?,Rosa,Rosa,True,normalized_exact,True,"The model answer correctly identifies 'Rosa' as the person who arrived after the morning briefing, matching the expected answer exactly."
mixed_narrative_factual-01,mixed_narrative_factual,TOKEN_OPTIMIZED,2,What item was being carried?,a blue sample case,Blue sample case,True,normalized_exact,True,"The model answer correctly identifies the item as a blue sample case, matching the expected answer with only minor differences in capitalization and article usage."
mixed_narrative_factual-01,mixed_narrative_factual,TOKEN_OPTIMIZED,3,Where was the item placed?,the north storage room,In the north storage room.,True,normalized_containment,True,"The model answer correctly identifies the location as the north storage room, matching the expected answer, with only minor differences in capitalization and the inclusion of a preposition."
mixed_narrative_factual-01,mixed_narrative_factual,TOKEN_OPTIMIZED,4,Who witnessed the transfer?,Jamal,Jamal,True,normalized_exact,True,The model answer matches the expected answer exactly.
mixed_narrative_factual-01,mixed_narrative_factual,TOKEN_OPTIMIZED,5,What separate logistics update was discussed?,the replacement bridge opened at 16:00,"The replacement bridge opens at 16:00, altering travel plans.",False,fuzzy_0.719,True,"The model answer correctly states that the replacement bridge opens at 16:00, which matches the expected answer. The additional detail about altering travel plans is harmless and does not contradict the expected answer."
mixed_narrative_factual-02,mixed_narrative_factual,ORIGINAL,1,Who arrived after the morning briefing?,Evan,Evan,True,normalized_exact,True,"The model answer correctly identifies 'Evan' as the person who arrived after the morning briefing, matching the expected answer exactly."
mixed_narrative_factual-02,mixed_narrative_factual,ORIGINAL,2,What item was being carried?,a brass key ring,A brass key ring,True,normalized_exact,True,"The model answer correctly identifies the item as 'a brass key ring,' matching the expected answer exactly except for capitalization, which is acceptable."
mixed_narrative_factual-02,mixed_narrative_factual,ORIGINAL,3,Where was the item placed?,the costume workshop,In the costume workshop.,True,normalized_containment,True,"The model answer correctly identifies the location as 'the costume workshop,' matching the expected answer, with only minor differences in capitalization and the inclusion of a preposition."
mixed_narrative_factual-02,mixed_narrative_factual,ORIGINAL,4,Who witnessed the transfer?,Maya,Maya,True,normalized_exact,True,"The model answer correctly identifies 'Maya' as the witness to the transfer, matching the expected answer exactly."
mixed_narrative_factual-02,mixed_narrative_factual,ORIGINAL,5,What separate logistics update was discussed?,the evening rehearsal moved to 19:30,The evening rehearsal was moved to 19:30.,True,fuzzy_0.941,True,"The model answer correctly states that the evening rehearsal was moved to 19:30, matching the expected answer in meaning and detail."
mixed_narrative_factual-02,mixed_narrative_factual,COMPACT_ENGLISH,1,Who arrived after the morning briefing?,Evan,Evan,True,normalized_exact,True,"The model answer correctly identifies 'Evan' as the person who arrived after the morning briefing, matching the expected answer exactly."
mixed_narrative_factual-02,mixed_narrative_factual,COMPACT_ENGLISH,2,What item was being carried?,a brass key ring,Brass key ring,True,normalized_exact,True,"The model answer correctly identifies the item as a brass key ring, matching the expected answer with only minor differences in capitalization and article usage."
mixed_narrative_factual-02,mixed_narrative_factual,COMPACT_ENGLISH,3,Where was the item placed?,the costume workshop,In the costume workshop.,True,normalized_containment,True,"The model answer correctly identifies the location as 'the costume workshop,' matching the expected answer, with only minor differences in capitalization and the inclusion of a preposition."
mixed_narrative_factual-02,mixed_narrative_factual,COMPACT_ENGLISH,4,Who witnessed the transfer?,Maya,Maya,True,normalized_exact,True,"The model answer correctly identifies 'Maya' as the witness to the transfer, matching the expected answer exactly."
mixed_narrative_factual-02,mixed_narrative_factual,COMPACT_ENGLISH,5,What separate logistics update was discussed?,the evening rehearsal moved to 19:30,Evening rehearsal moved to 19:30.,True,normalized_exact,True,"The model answer correctly states the key logistics update about the evening rehearsal time change, matching the expected answer."
mixed_narrative_factual-02,mixed_narrative_factual,TOKEN_OPTIMIZED,1,Who arrived after the morning briefing?,Evan,Evan,True,normalized_exact,True,"The model answer correctly identifies 'Evan' as the person who arrived after the morning briefing, matching the expected answer exactly."
mixed_narrative_factual-02,mixed_narrative_factual,TOKEN_OPTIMIZED,2,What item was being carried?,a brass key ring,Brass key ring,True,normalized_exact,True,"The model answer correctly identifies the item as a brass key ring, matching the expected answer with only minor differences in capitalization and article usage."
mixed_narrative_factual-02,mixed_narrative_factual,TOKEN_OPTIMIZED,3,Where was the item placed?,the costume workshop,In the costume workshop.,True,normalized_containment,True,"The model answer correctly identifies the location as 'the costume workshop,' matching the expected answer, with only minor differences in capitalization and the inclusion of a preposition."
mixed_narrative_factual-02,mixed_narrative_factual,TOKEN_OPTIMIZED,4,Who witnessed the transfer?,Maya,Maya,True,normalized_exact,True,"The model answer correctly identifies 'Maya' as the witness to the transfer, matching the expected answer exactly."
mixed_narrative_factual-02,mixed_narrative_factual,TOKEN_OPTIMIZED,5,What separate logistics update was discussed?,the evening rehearsal moved to 19:30,The evening rehearsal was moved to 19:30.,True,fuzzy_0.941,True,"The model answer correctly states that the evening rehearsal was moved to 19:30, matching the expected answer in meaning and detail."
mixed_narrative_factual-03,mixed_narrative_factual,ORIGINAL,1,Who arrived after the morning briefing?,Leila,Leila,True,normalized_exact,True,"The model answer correctly identifies 'Leila' as the person who arrived after the morning briefing, matching the expected answer exactly."
mixed_narrative_factual-03,mixed_narrative_factual,ORIGINAL,2,What item was being carried?,a sealed map tube,A sealed map tube.,True,normalized_exact,True,"The model answer matches the expected answer exactly, with only a difference in capitalization which does not affect semantic correctness."
mixed_narrative_factual-03,mixed_narrative_factual,ORIGINAL,3,Where was the item placed?,shelf C-14,Shelf C-14,True,normalized_exact,True,"The model answer matches the expected answer exactly, differing only in capitalization which does not affect semantic correctness."
mixed_narrative_factual-03,mixed_narrative_factual,ORIGINAL,4,Who witnessed the transfer?,Tom,Tom,True,normalized_exact,True,"The model answer correctly identifies 'Tom' as the witness to the transfer, matching the expected answer exactly."
mixed_narrative_factual-03,mixed_narrative_factual,ORIGINAL,5,What separate logistics update was discussed?,the ferry resumed service at 11:20,The ferry resumed service at 11:20.,True,normalized_exact,True,"The model answer correctly states that the ferry resumed service at 11:20, which matches the expected answer exactly."
mixed_narrative_factual-03,mixed_narrative_factual,COMPACT_ENGLISH,1,Who arrived after the morning briefing?,Leila,Leila,True,normalized_exact,True,"The model answer correctly identifies 'Leila' as the person who arrived after the morning briefing, matching the expected answer exactly."
mixed_narrative_factual-03,mixed_narrative_factual,COMPACT_ENGLISH,2,What item was being carried?,a sealed map tube,A sealed map tube.,True,normalized_exact,True,"The model answer matches the expected answer exactly, with only a difference in capitalization which does not affect semantic correctness."
mixed_narrative_factual-03,mixed_narrative_factual,COMPACT_ENGLISH,3,Where was the item placed?,shelf C-14,At C-14.,False,fuzzy_0.588,True,"The model answer correctly identifies the location as C-14, which corresponds to shelf C-14 in the expected answer. The wording is equivalent and the meaning is preserved."
mixed_narrative_factual-03,mixed_narrative_factual,COMPACT_ENGLISH,4,Who witnessed the transfer?,Tom,Tom,True,normalized_exact,True,"The model answer correctly identifies 'Tom' as the witness to the transfer, matching the expected answer exactly."
mixed_narrative_factual-03,mixed_narrative_factual,COMPACT_ENGLISH,5,What separate logistics update was discussed?,the ferry resumed service at 11:20,"Ferry resumed at 11:20, altering travel plans but not affecting item location.",False,fuzzy_0.415,True,"The model answer correctly states that the ferry resumed service at 11:20, which matches the expected answer, and adds harmless extra detail about travel plans and item location."
mixed_narrative_factual-03,mixed_narrative_factual,TOKEN_OPTIMIZED,1,Who arrived after the morning briefing?,Leila,Leila,True,normalized_exact,True,"The model answer correctly identifies 'Leila' as the person who arrived after the morning briefing, matching the expected answer exactly."
mixed_narrative_factual-03,mixed_narrative_factual,TOKEN_OPTIMIZED,2,What item was being carried?,a sealed map tube,A sealed map tube.,True,normalized_exact,True,"The model answer matches the expected answer exactly, with only a difference in capitalization which does not affect semantic correctness."
mixed_narrative_factual-03,mixed_narrative_factual,TOKEN_OPTIMIZED,3,Where was the item placed?,shelf C-14,On shelf C-14.,True,normalized_containment,True,"The model answer correctly specifies the location as 'shelf C-14', matching the expected answer, with only minor harmless differences in wording and capitalization."
mixed_narrative_factual-03,mixed_narrative_factual,TOKEN_OPTIMIZED,4,Who witnessed the transfer?,Tom,Tom,True,normalized_exact,True,"The model answer correctly identifies 'Tom' as the witness to the transfer, matching the expected answer exactly."
mixed_narrative_factual-03,mixed_narrative_factual,TOKEN_OPTIMIZED,5,What separate logistics update was discussed?,the ferry resumed service at 11:20,"Ferry service resuming at 11:20, altering travel plans but not item location.",False,fuzzy_0.419,True,"The model answer correctly states that the ferry resumed service at 11:20, which matches the expected answer, and adds harmless extra detail about travel plans."
mixed_narrative_factual-04,mixed_narrative_factual,ORIGINAL,1,Who arrived after the morning briefing?,Marco,Marco,True,normalized_exact,True,"The model answer correctly identifies 'Marco' as the person who arrived after the morning briefing, matching the expected answer exactly."
mixed_narrative_factual-04,mixed_narrative_factual,ORIGINAL,2,What item was being carried?,a red emergency radio,A red emergency radio,True,normalized_exact,True,"The model answer matches the expected answer exactly, with only capitalization differences which do not affect semantic correctness."
mixed_narrative_factual-04,mixed_narrative_factual,ORIGINAL,3,Where was the item placed?,the reception cabinet,In the reception cabinet.,True,normalized_containment,True,The model answer correctly identifies the location as 'the reception cabinet' and includes a preposition 'In' which does not change the meaning.
mixed_narrative_factual-04,mixed_narrative_factual,ORIGINAL,4,Who witnessed the transfer?,Inez,Inez,True,normalized_exact,True,"The model answer matches the expected answer exactly, correctly identifying Inez as the witness to the transfer."
mixed_narrative_factual-04,mixed_narrative_factual,ORIGINAL,5,What separate logistics update was discussed?,the east trail reopened on Saturday,The east trail reopened on Saturday.,True,normalized_exact,True,"The model answer correctly states that the east trail reopened on Saturday, which matches the expected answer exactly."
mixed_narrative_factual-04,mixed_narrative_factual,COMPACT_ENGLISH,1,Who arrived after the morning briefing?,Marco,Marco,True,normalized_exact,True,"The model answer correctly identifies 'Marco' as the person who arrived after the morning briefing, matching the expected answer exactly."
mixed_narrative_factual-04,mixed_narrative_factual,COMPACT_ENGLISH,2,What item was being carried?,a red emergency radio,Red emergency radio,True,normalized_exact,True,"The model answer correctly identifies the item as a red emergency radio, matching the expected answer in meaning despite minor differences in capitalization and article usage."
mixed_narrative_factual-04,mixed_narrative_factual,COMPACT_ENGLISH,3,Where was the item placed?,the reception cabinet,In the reception cabinet.,True,normalized_containment,True,The model answer correctly identifies the location as 'the reception cabinet' and includes a preposition 'In' which does not change the meaning.
mixed_narrative_factual-04,mixed_narrative_factual,COMPACT_ENGLISH,4,Who witnessed the transfer?,Inez,Inez,True,normalized_exact,True,"The model answer matches the expected answer exactly, correctly identifying Inez as the witness to the transfer."
mixed_narrative_factual-04,mixed_narrative_factual,COMPACT_ENGLISH,5,What separate logistics update was discussed?,the east trail reopened on Saturday,The east trail reopening on Saturday.,True,fuzzy_0.921,True,"The model answer correctly states that the east trail reopened on Saturday, matching the expected answer's information."
mixed_narrative_factual-04,mixed_narrative_factual,TOKEN_OPTIMIZED,1,Who arrived after the morning briefing?,Marco,Marco,True,normalized_exact,True,"The model answer correctly identifies 'Marco' as the person who arrived after the morning briefing, matching the expected answer exactly."
mixed_narrative_factual-04,mixed_narrative_factual,TOKEN_OPTIMIZED,2,What item was being carried?,a red emergency radio,red emergency radio,True,normalized_exact,True,"The model answer correctly identifies the item as a red emergency radio, matching the expected answer with only minor omission of the article 'a', which does not affect semantic correctness."
mixed_narrative_factual-04,mixed_narrative_factual,TOKEN_OPTIMIZED,3,Where was the item placed?,the reception cabinet,The item was placed in the reception cabinet.,True,normalized_containment,True,The model answer correctly identifies the location as the reception cabinet and provides a complete sentence without altering the meaning.
mixed_narrative_factual-04,mixed_narrative_factual,TOKEN_OPTIMIZED,4,Who witnessed the transfer?,Inez,Inez,True,normalized_exact,True,"The model answer matches the expected answer exactly, correctly identifying Inez as the witness to the transfer."
mixed_narrative_factual-04,mixed_narrative_factual,TOKEN_OPTIMIZED,5,What separate logistics update was discussed?,the east trail reopened on Saturday,"The east trail reopened Saturday, affecting travel plans but not the transferred item's location.",False,fuzzy_0.475,True,"The model answer correctly states that the east trail reopened on Saturday, which matches the expected answer. The additional detail about travel plans and the transferred item's location does not contradict the expected answer and is harmless extra information."
mixed_narrative_factual-05,mixed_narrative_factual,ORIGINAL,1,Who arrived after the morning briefing?,Anika,Anika,True,normalized_exact,True,The model answer matches the expected answer exactly.
mixed_narrative_factual-05,mixed_narrative_factual,ORIGINAL,2,What item was being carried?,a gray document pouch,A gray document pouch,True,normalized_exact,True,"The model answer matches the expected answer exactly, with only a difference in capitalization which does not affect semantic correctness."
mixed_narrative_factual-05,mixed_narrative_factual,ORIGINAL,3,Where was the item placed?,the records annex,In the records annex.,True,normalized_containment,True,The model answer correctly identifies the location as 'the records annex' and includes a harmless preposition 'In' without changing the meaning.
mixed_narrative_factual-05,mixed_narrative_factual,ORIGINAL,4,Who witnessed the transfer?,Paul,Paul,True,normalized_exact,True,"The model answer correctly identifies 'Paul' as the witness to the transfer, matching the expected answer exactly."
mixed_narrative_factual-05,mixed_narrative_factual,ORIGINAL,5,What separate logistics update was discussed?,the mobile unit departed at 07:45,The mobile unit departed at 07:45.,True,normalized_exact,True,"The model answer correctly states that the mobile unit departed at 07:45, matching the expected answer exactly."
mixed_narrative_factual-05,mixed_narrative_factual,COMPACT_ENGLISH,1,Who arrived after the morning briefing?,Anika,Anika,True,normalized_exact,True,The model answer matches the expected answer exactly.
mixed_narrative_factual-05,mixed_narrative_factual,COMPACT_ENGLISH,2,What item was being carried?,a gray document pouch,Gray document pouch,True,normalized_exact,True,"The model answer correctly identifies the item as a gray document pouch, matching the expected answer with only minor differences in capitalization and article usage."
mixed_narrative_factual-05,mixed_narrative_factual,COMPACT_ENGLISH,3,Where was the item placed?,the records annex,In the records annex.,True,normalized_containment,True,The model answer correctly identifies the location as 'the records annex' and includes a harmless preposition 'In' without changing the meaning.
mixed_narrative_factual-05,mixed_narrative_factual,COMPACT_ENGLISH,4,Who witnessed the transfer?,Paul,Paul,True,normalized_exact,True,"The model answer correctly identifies 'Paul' as the witness to the transfer, matching the expected answer exactly."
mixed_narrative_factual-05,mixed_narrative_factual,COMPACT_ENGLISH,5,What separate logistics update was discussed?,the mobile unit departed at 07:45,"The mobile unit left at 07:45, changed travel plans, but the item location remained unchanged.",False,fuzzy_0.411,False,"The model answer includes additional information about changed travel plans and item location, which is not mentioned in the expected answer, and thus is not strictly semantically equivalent."
mixed_narrative_factual-05,mixed_narrative_factual,TOKEN_OPTIMIZED,1,Who arrived after the morning briefing?,Anika,Anika,True,normalized_exact,True,The model answer matches the expected answer exactly.
mixed_narrative_factual-05,mixed_narrative_factual,TOKEN_OPTIMIZED,2,What item was being carried?,a gray document pouch,Gray document pouch,True,normalized_exact,True,"The model answer correctly identifies the item as a gray document pouch, matching the expected answer with only minor differences in capitalization and article usage."
mixed_narrative_factual-05,mixed_narrative_factual,TOKEN_OPTIMIZED,3,Where was the item placed?,the records annex,In the records annex.,True,normalized_containment,True,The model answer correctly identifies the location as 'the records annex' and includes a harmless preposition 'In' without changing the meaning.
mixed_narrative_factual-05,mixed_narrative_factual,TOKEN_OPTIMIZED,4,Who witnessed the transfer?,Paul,Paul,True,normalized_exact,True,"The model answer correctly identifies 'Paul' as the witness to the transfer, matching the expected answer exactly."
mixed_narrative_factual-05,mixed_narrative_factual,TOKEN_OPTIMIZED,5,What separate logistics update was discussed?,the mobile unit departed at 07:45,"The mobile unit departed at 07:45, altering travel plans but not the item location.",True,normalized_containment,True,"The model answer correctly states that the mobile unit departed at 07:45, which matches the expected answer, and the additional detail does not contradict the expected information."
